-- phpMyAdmin SQL Dump
-- version 5.1.0
-- https://www.phpmyadmin.net/
--
-- Host: 127.0.0.1
-- Tempo de geração: 25-Nov-2021 às 23:21
-- Versão do servidor: 10.4.19-MariaDB
-- versão do PHP: 8.0.6

SET SQL_MODE = "NO_AUTO_VALUE_ON_ZERO";
START TRANSACTION;
SET time_zone = "+00:00";


/*!40101 SET @OLD_CHARACTER_SET_CLIENT=@@CHARACTER_SET_CLIENT */;
/*!40101 SET @OLD_CHARACTER_SET_RESULTS=@@CHARACTER_SET_RESULTS */;
/*!40101 SET @OLD_COLLATION_CONNECTION=@@COLLATION_CONNECTION */;
/*!40101 SET NAMES utf8mb4 */;

--
-- Banco de dados: `universodown`
--

-- --------------------------------------------------------

--
-- Estrutura da tabela `assisteds`
--

CREATE TABLE `assisteds` (
  `id` int(11) NOT NULL,
  `name` text NOT NULL,
  `birthday` date NOT NULL,
  `gender` enum('male','female','not-informed') NOT NULL DEFAULT 'not-informed',
  `identification` text NOT NULL,
  `general_registration` text NOT NULL,
  `issue` date NOT NULL,
  `issuer` text NOT NULL,
  `zip_code` text NOT NULL,
  `address` text NOT NULL,
  `number` text NOT NULL,
  `neighborhood` text NOT NULL,
  `city` text NOT NULL,
  `state` text NOT NULL,
  `phone` text NOT NULL,
  `has_benefits` tinyint(4) NOT NULL,
  `scholarity` enum('elementary-school','high_school','university-school','masters-degree','doctorate-degree') NOT NULL DEFAULT 'elementary-school',
  `naturalness` text NOT NULL,
  `nationality` text NOT NULL,
  `occupation` text DEFAULT NULL,
  `national_identity` text NOT NULL,
  `active` tinyint(4) NOT NULL,
  `additional_information` text DEFAULT NULL,
  `photo` text DEFAULT NULL,
  `benefits` text DEFAULT NULL,
  `social_identification_number` text NOT NULL,
  `organization_id` int(11) NOT NULL
) ENGINE=InnoDB DEFAULT CHARSET=utf8mb4;

--
-- Extraindo dados da tabela `assisteds`
--

INSERT INTO `assisteds` (`id`, `name`, `birthday`, `gender`, `identification`, `general_registration`, `issue`, `issuer`, `zip_code`, `address`, `number`, `neighborhood`, `city`, `state`, `phone`, `has_benefits`, `scholarity`, `naturalness`, `nationality`, `occupation`, `national_identity`, `active`, `additional_information`, `photo`, `benefits`, `social_identification_number`, `organization_id`) VALUES
(1, 'Calor Alberto Gomes', '2021-11-10', 'male', '222.222.222-22', '222.222.222-2', '2021-11-03', 'Santa Catarina', '89214-515', 'Rua Pedra dos Sinos', '95', 'Nova', 'Joinville', 'AM', '(22) 22222-2222', 1, 'high_school', 'Joinville', 'Brasil', 'Asdasd', '2222222222', 1, 'sssssss', '', NULL, '222222222222', 1),
(2, 'Luiz Otávio Fischer', '2021-11-16', 'male', '322.222.222-22', '222.222.222-2', '2021-11-02', 'Santa Catarina', '89214-515', 'Rua Pedra dos Sinos', '95', 'Nova', 'Joinville', 'PE', '(47) 99174-8332', 1, 'university-school', 'Joinville', 'Brasil', 'Desocupado', '2222222222', 1, 'dfgdfgdfgdfgfdgdfg', '', NULL, '22222222222', 1),
(3, 'Mariah Carolina Pereira', '1963-03-05', 'not-informed', '182.415.357-08', '', '1987-05-18', 'SSP/SC', '65907-466', 'Rua Flor do Ipê', '861', 'Nova Imperatriz', 'Imperatriz', 'MA', '(98) 3999-9976', 1, 'elementary-school', 'Joinville', 'Brasil', 'Servente', '25.606.124-5', 1, 'Informação complementar', '', '', '12086327724', 1),
(4, 'Carolina Pereira', '1963-03-05', 'not-informed', '182.415.357-08', '', '1987-05-18', 'SSP/SC', '65907-466', 'Rua Flor do Ipê', '861', 'Nova Imperatriz', 'Imperatriz', 'MA', '(98) 3999-9976', 1, 'elementary-school', 'Joinville', 'Brasil', 'Servente', '25.606.124-5', 1, 'Informação complementar', '', '', '12086327724', 1),
(5, 'Tatiana Carolina Pereira', '1963-03-05', 'not-informed', '182.415.357-08', '', '1987-05-18', 'SSP/SC', '65907-466', 'Rua Flor do Ipê', '861', 'Nova Imperatriz', 'Imperatriz', 'MA', '(98) 3999-9976', 1, 'elementary-school', 'Joinville', 'Brasil', 'Servente', '25.606.124-5', 1, 'Informação complementar', '', '', '12086327724', 1);
INSERT INTO `assisteds` (`id`, `name`, `birthday`, `gender`, `identification`, `general_registration`, `issue`, `issuer`, `zip_code`, `address`, `number`, `neighborhood`, `city`, `state`, `phone`, `has_benefits`, `scholarity`, `naturalness`, `nationality`, `occupation`, `national_identity`, `active`, `additional_information`, `photo`, `benefits`, `social_identification_number`, `organization_id`) VALUES
(6, 'Mariazinha Da Silva', '2008-06-24', 'female', '322.222.222-22', '888.888.888-8', '2021-11-25', 'SSP/SC', '89214-515', 'Rua Pedra dos Sinos', '95', 'Nova', 'Joinville', 'SC', '(47) 99174-8332', 0, 'university-school', 'Joinville', 'Brasil', 'Qualquer Uma', '2222222222', 0, 'Qualquer informação adicional ', '<img src=\"data:image/jpeg;base64,/9j/2wBDAAYEBQYFBAYGBQYHBwYIChAKCgkJChQODwwQFxQYGBcUFhYaHSUfGhsjHBYWICwgIyYnKSopGR8tMC0oMCUoKSj/2wBDAQcHBwoIChMKChMoGhYaKCgoKCgoKCgoKCgoKCgoKCgoKCgoKCgoKCgoKCgoKCgoKCgoKCgoKCgoKCgoKCgoKCj/wAARCAPoA+gDAREAAhEBAxEB/8QAHQABAAEFAQEBAAAAAAAAAAAAAAUDBAYHCAIBCf/EAEEQAAICAQIEBQIDBwIFAwQDAQABAgMEBREGEiExBxMiQVEUYTJCcQgVI1JigZEkMxY0obHBJVNyF2OislTR4fD/xAAbAQEAAwEBAQEAAAAAAAAAAAAAAQIDBAUGB//EADERAQACAgICAgICAgEDBAIDAAABAgMREiEEMQUTIkEyURRhIzNCcQYVkaEkgVJiwf/aAAwDAQACEQMRAD8A6pAAAAAAAAAAAAAAAAAAAAAAAAAAAAAAAAAAAAAAAAAAAAAAAAAAAAAAAAAAAAAAAAAAAAAAAAAAAAAAAAAAAAAAAAAAAAAAAAAAAAAAAAAAAAAAAAAAAAAAAAAAAAAAAAAAAAAAAAAAAAAAAAAAAAAAAAAAAAAAAAAAAAAAAAAAAAAAAAAAAAAAAAAAAAAAAAAAAAAAAAAAAAAAAAAAAAAAAAAAAAAAAAAAAAAAAAAAAAAAAAAAAAAAAAAAAAAAAAAAAAAAAAAAAAAAAAAAAAAAAAAAAAAAAAAAAAAAAAAAAAAAAAAAAAAAAAAAAAAAAAAAAAAAAAAAAAAAAAAAAAAAAAAAAAAAAAAAAAAAAAAAAAAAAAAAAAAAAAAAAAAAAAAAAAAAAAAAAAAAAAAAAAAAAAAAAAAAAAAAAAAAAAAAAAAAAAAAAAAAAAAAAAAAAAAAAAAAAAAAAAAAAAAAAAAAAAAAAAAAAAAAAAAAAAAAAAAAAAAAAAAAAAAAAAAAAAAAAAAAAAAAAAAAAAAAAAAAAAAAAAAAAAAAAAAAAAAAAAAAAAAAAAAAAAAAAAAAAAAAAAAAAAAAAAAAAAAAAAAAAAAAAAAAAAAAAAAAAAAAAAAAAAAAAAAAAAAAAAAAAAAAAAAAAAAAAAAAAAAAAAAAAAAAAAAAAAAAAAAAAAAAAAAAAAAAAAAAAAAAAAAAAAAAAAAAAAAAAAAAAAAAAAAAAAAAAAAAAAAAAAAAAAAAAAAAAAAAAAAAAAAAAAAAAAAAAAAAAAAAAAAAAAAAAAAAAAAAAAAAAAAAAAAAAAAAAAAAAAAAAAAAAAAAAAAAAAAAAAAAAAAAAAAAAAAAAAAAAAAAAAAAAAAAAAAAAAAAAAAAAAAAAAAAAAAAAAAAAAAAAAAAAAAAAAAAAAAAAAAAAAAAAAAAAAAAAAAAAAAAAAAAAAAAAAAAAAAAAAAAAAAAAAAAAAAAAAAAAAAAAAAAAAAAAAAAAAAAAAAAAAAAAAAAAAAAAAAAAAAAAAAAAAAAAAAAAAAAAAAAAAAAAAAAAAAAAAAAAAAAAAAAAAAAAAAAAAAAAAAAAAAAAAAAAAAAAAAAAAAAAAAAAAAAAAAAAAAAAAAAAAAAAAAAAAAAAAAAAAAAAAAAAAAAAAAAAAAAAAAAAAAAAAAAAAAAAAAAAAAAAAAAAAAAAAAAAAAAAAAAAAAAAAAAAAAAAAAAAAAAAAAAAAAAAAAAAAAAAAAAAAAAAAAAAAAAAAAAAAAAAAAAAAAAAAAAAAAAAAAAAAAAAAAAAAAAAAAAAAAAAAAAAAAAAAAAAAAAAAAAAAAAAAAAAAAAAAAAAAAAAAAAAAAAAAAAAAAAAAAAAAAAAAAAAAAAAAAAAAAAAAAAAAAAAAAAAAAAAAAAAAAAAAAAAAAAAAAAAAAAAAAAAAAAAAAAAAAAAAAAAAAAAAAAAAAAAAAAAAAAAAAAAAAAAAAAAAAAAAAAAAAAAAAAAAAAAAAAAAAAAAAAAAAAAAAAAAAAAAAAAAAAAAAAAAAAAAAAAAAAAAAAAAAAAAAAAAAAAAAAAAAAAAAAAAAAAAAAAAAAAAAAAAAAAAAAAAAAAAAAAAAAAAAAAAAAAAAAAAAAAAAAAAAAAAAAAAAAAAAAAAAAAAAAAAAAAAAAAAAAAAAAAAAAAAAAAAAAAAAAAAAAAAAAAAAAAAAAAAAAAAAAAAAAAAAAAAAAAAAAAAAAAAAAAAAAAAAAAAAAAAAAAAAAAAAAAAAAAAAAAAAAAAAAAAAAAAAAAAAAAAAAAAAAAAAAAAAAAAAAAAAAAAAAAAAAAAAAAAAAAAAAAAAAAAAAAAAAAAAAAAAAAAAAAAAAAAAAAAAAAAAAAAAAAAAAAAAAAAAAAAAAAAAAAAAAAAAAAAAAAAAAAAAAAAAAAAAAAAAAAAAAAAAAAAAAAAAAAAAAAAAAAAAAAAAAAAAAAAAAAAAAAAAAAAAAAAAAAAAAAAAAAAAAAAAAAAAAAAAAAAAAAAAAAAAAAAAAAAAAAAAAAAAAAAAAAAAAAAAAAAAAAAAAAAAAAAAAAAAAAAAAAAAAAAAAAAAAAAAAAAAAAAAAAAAAAAAAAAAAAAAAAAAAAAAAAAAAAAAAAAAAAAAAAAAAAAAAAAAAAAAAAAAAAAAAAAAAAAAAAAAAAAAAAAAAAAAAAAAAAAAAAAAAAAAAAAAAAAAAAAAAAAAAAAAAAAAAAAAAAAAAAAAAAAAAAAAAAAAAAAAAAAAAAAAAAAAAAAAAAAAAAAAAAAAAAAAAAAAAAAAAAAAAAAAAAAAAAAAAAAAAAAAAAAAAAAAAAAAAAAAAAAAAAAAAAAAAAAAAAAAAAAAAAAAAAAAAAAAAAAAAAAAAAAAAAAAAAAAAAAAAAAAAAAAAAAAAAAAAAAAAAGB8VkXJqLTa7pMiLRI+kgAAAAAAAAAAAAAAAAAAAAAAAAAAAAAAAAAAAAAAAAAAAAAAAAAAAAAAAAAAAAAAAAAAAAAAAAAAAAAAAAAAAAAAAAAAAAAAAAAAAAAAAAAAAAAAAAAAAAAAAAAAAAAAAAAAAAAAAAAAAAAb2W7A8SbnW+SS3a6Mj3AgtMj/AOu5LqsTVcFC5Pu21vucWGNZZjba/wDFkCZ2sQkAAAAAAAAAAAAAAAAAAAAAAAAAAAAAAAAAAAAAAAAAAAAAAAAAAAAAAAAAAAAAAAAAAAAAAAAAAAAAAAAAAAAAAAAAAAAAAAAAAAAAAAAAAAAAAAAAAAAAAAAAAAAAAAAAAAAAAAAAAAAU8mLnRZFfmi1t8lb74zpMIO3D1BY1UcZRx4VzUpVxl1sht+Hf2ZwRTPPuG26R6QOBY8jXb54PNDMj6YRlBwXlfMv5n9y2W0TrjX8iv/8Ab0nqa9ZrupjkWQuW62ko8v67lK/5HKOcFox63VkB6TAAAAAAAAAAAAAAAAAAAAAAAAAAAAAAAAAAAAAAAAAAAAAAAAAAAAAAAAAAAAAAAAAAAAAAAAAAAAAAAAAAAAAAAAAAAAAAAAAAAAAAAAAAAAAAAAAAAAAAAAAAAAAAAAAAAAAAAAAAAAAASAwzQNqON9Uxci3zMjkVtVjUm5Q+N+y27HHTrNprP8IZmdjIAAAAAAAAAAAAAAAAAAAAAAAAAAAAAAAAAAAAAAAAAAAAAAAAAAAAAAAAAAAAAAAAAAAAAAAAAAAAAAAAAAAAAAAAAAAAAAAAAAAAAAAAAAAAAAAAAAAAAAAAAAAAAAAAAAAAAAAAAAAAAAeMhuNcnFbtLsVvbjWZTDX2i5GqLi6qrVcHmt9cqsqq30uD7rZ90ePgy/nDpvWOLYh7TlAAAAAAAAAAAAAAAAAAAAAAAAAAAAAAAAAAAAAAAAAAAAAAAAAAAAAAAAAAAAAAAAAAAAAAAAAAAAAAAAAAAAAAAAAAAAAAAAAAAAAAAAAAAAAAAAAAAAAAAAAAAAAAAAAAAAAAAAAAAAADAsM3Iqd0cadsoTkunKu5yeResz9cy0pE/wAmH8ayy8XU9IlokbLr5p1ydS3cV8tnBmpiiI+qfTel575M5xbJTxquebclFc2/yepgyRem4nbmtGpVjZUAAAAAAAAAAAAAAAAAAAAAAAAAAAAAAAAAAAAAAAAAAAAAAAAAAAAAAAAAAAAAAAAAAAAAAAAAAAAAAAAAAAAAAAAAAAAAAAAAAAAAAAAAAAAAAAAAAAAAAAAAAAAAAAAAAAAAAAAAABugKeVOcMeTqh5k12imluVv/GUwi7FKyyfpfmQh0+EfPWx3vMxZ01mIhE3xvjOqWPj2STjzWSi9uX7HP/iWj+DpjLX9r6l5cbKvKTWPZDdxcerb+WdeLF5GLUUn2wm1Le0vgRrpx4VVzjJQW3fc9jBMVrFd7lzW9rnc32obkgAAAAAAAAAAAAAAAAAAAAAAAAAAAAAAAAAAAAAAAAAAAAAAAAAAAAAAAAAAAAAAAAAAAAAAAAAAAAAAAAAAAAAAAAAAAAAAAAAAAAAAAAAAAAAAAAAAAAAAAAAAAAAAAAAAAAAB4ttVceaSexS14rG5TEbRGVqk52Qrx1yVWQl/H7pS7JL5ZxZPL1XfppXHuVnpmfZHPynkXyknFbRbbSa7tHLi860Xnk3v4+o3C7qzMzNwbEoUxt5W3GW63/Q6aeRfPSWVqRjtqUBjWyWSlbdkRjav4inLrBr8y/p2OHVdt4nqdLnTcyWmY7d1c50yfNGTk5TsTfSRPL6o56Rw+2dbSN+XbOrbnSi2/wDbe7kvZGN82S1dbTTFWJWEHKv117QlBJOpvdSivYx5zGpbTSJ6fbfq11oyesmnRXF9f0kehjjnEWxy5p6/GYXeNrGesWeVl4aqx1Fx5G/XzJ9/0Z1x5GSI7hlwrM6hNY2SroxU1yWtb8jZ0Y80X1vqWdq6XKZuqAAAAAAAAAAAAAAAAAAAAAAAAAAAAAAAAAAAAAAAAAAAAAAAAAAAAAAAAAAAAAAAAAAAAAAAAAAAAAAAAAAAAAAAAAAAAAAAAAAAAAAAAAAAAAAAAAAAAAAAAAAAAAAAAAACz1DNhjUTlzRUtn7nNnz/AFx+PctKY5tKxyrblp1cLppXXrbzIrZI482XJTBu/uWlaRN+kZgaffVGurCojHEpk3BSb6t9zjp42bL6jp0TfHT3PZfmyryLa2pSdUkp8jSjF/r7lMtbVnViurR0veeVWPRfXXK7IlJuMU9kl7rc7fFrP1xb97ZX1N9IzKyPpbnLIxbsqi9uqEaYLePvJSkb2xcPymNkcb/jE6ld5dLy6p313xVcpJxaipKMV7HF5NazHKF8UzjtxtClp9ePTjXTjOLrh6pT26pv4ObBWtt7aZbTWYXT0i2c3Kxxmu8ZNdWbz8fk9x2r/lViFvqbuwcaWRXCEHivnTX5oe8SKUtj917hEavPv2iNb4g2WLSlH6vLjGFFEpereX5ubsjqiZvMTMLfVWkSk9FtsxlkO2uUs6FUVZzPqkuiYmmTDM2iNspimTXaZ0jNaUfXOxWbydkvyP4RPjeZE6i0+2eXFxS0Xutz1HOEgAAAAAAAAAAAAAAAAAAAAAAAAAAAAAAAAAAAAAAAAAAAAAAAAAAAAAAAAAAAAAAAAAAAAAAAAAAAAAAAAAAAAAAAAAAAAAAAAAAAAAAAAAAAAAAAAAAAAAAAAAAAAAABRy7pU0zlBKU0ukWUvbjCaxudMJz8umGPS82VVG7dmRVKz1VR3fWP6nFlikViXdh5TM6VeD3dn4mHLJnZepSlbzzlu316f9Dlxf8ALmiv6gzfhEynM3W8WLnjylZVOXNDm5WuVm+f5DHSfrY4/GvaOTFJRlkZtbnZGeC151my6uS7bI8bnFp29DjxjqO1/r2XRRp2FZkXqymWSoV11z/Hv7M9GluGLudubHG8kwg9SyLKc3EjqObdTZTKU3CiXNCcfaK2L3zzrVmtMFY/KjKFPFpwIU0SjXK5uU/L6qEu7SMc80rj3E9sacrXRmO6Kb7o0X2WJc0o1yW0ZP8AX9Tgmax6dOpmO4ZpplkrcLHldBQtcE5QT32Z9L41+WKryskatMLbiJ1Q0ucraJWR2eyiurfwU82tbY9WXwTMW6atyVfRkcmbdCqXNXKE4V80oVb77fqebjvNOpen1ljcJ/QuIMjJzb8qcqb7pJ01JbJuK7cxvHlWi0anbmy4K1rpkWDKuyqFuNkQrxrnv0e/LNP1Iy4RExlrP4yztMzHGY7h7jrcrdWlRRs8elRc2pJJ7vqzqp5f2X1TuET43HHysyGLTimnumei5AAAAAAAAAAAAAAAAAAAAAAAAAAAAAAAAAAAAAAAAAAAAAAAAAAAAAAAAAAAAAAAAAAAAAAAAAAAAAAAAAAAAAAAAAAAAAAAAAAAAAAAAAAAAAAAAAAAAAAAAAAAAAACxqKba6JAYzDUlfqebiya/h8vWC+dzx/I8jjfV/27vpiKVtWWL5+I9Q1KeLqGJOmm6xV3WSjtGda6rZmV8kx1+m8XjjurIdCg45uXPItddFEWorbbaLWya2NfFtvNaZ/UObL/ANOv+2N6jl0QzLv4v+ng2ozk9+ZnkZbbtNnfir+MQltM095HkOMoyjP1cm3Vo1wYpy2iqubLFNvfF+BlRvqWLdjwxpxXo5U7Fan6ZJPvuen5WGMWprLiwbyTqWFRosxNTtzYQlk5FbdNsJ0xUOeXRqP3RhOO1fyd2oyV4Mswna9L5rbLI3t72Uyh1q5nuv1MM07pEMqRq86VpPaG05cqg3HZL/ojhn3p1Rr2k+FbndnRnKN/K4NuL/DE9T42d5XB5caqntT8tYb8yTim/wASXY9nPMfXO3FTe2B6pKKpzrsmp5ChU/pFKKX/AF91uzyMUTePy/bv48dcZWHCL06+qydVlMbJpyhV28uH5k2vzNlppFaTCLcucTKT0jLyI4v0vkYscNN7z5NudOXsjDHlt9M1XtSu4nvalqmmYODbdq9kb6oSrVcoxn0332TSJw44rWJ0mM15mabZ1o1c69Mx1ZPnm47uR7uLukS83JH5SvTRQAAAAAAAAAAAAAAAAAAAAAAAAAAAAAAAAAAAAAAAAAAAAAAAAAAAAAAAAAAAAAAAAAAAAAAAAAAAAAAAAAAAAAAAAAAAAAAAAAAAAAAAAAAAAAAAAAAAAAAAAAAAABclKLi+zWwGH6hUqsqEtprJrajGTXLCUV1e/Q8Dy98+Nndh/uPSpkapZZCynKxbbY2J+W1FLpt0Z12raYjn+ylK7/GUHwtrbyKXkTtpoUlONkHFvqm113ODlOG+qt8uLkg82106pGvJhzKbk42bJpoxx4627bx/TJuFMezL4hnlrzY0QgpdH6VLbsdvhYZnLy/UOXypitOKV4zjfZLDrxsNWzsk15//ALR6Pk05anTn8a/CZ7YTqsNPytKhWsHMcbrfTZS2pKSe3rSb/wAmOXJTjxrDXDS8W3MpvI/eWBw/Rk2ZOPZO6/rXs/wNdFucfkY5rg3telonNPSNydQ1KiuunMp9W7nKyEObk7JN7d+hwxht6dUcdc4T/AuTLI1G9rM54xj+GC3hL77nX8bGs0xEuTzJ3WNswz05YtiT2aW/Y9zLXlSYcFZ1LUevYs8z6Oyyu7IsTnFQhLlhCG/M1I8bBfrUvWvWP0ajq2PXHFv0rHxIVTh5d9da9Erf5V+h0eTet6OfBS0b2udLlbDLXl4zlC6uFc7023tu2keVjtaNxHp1XpEzEp3UdTxp65pemU4Vl0GvOlOcHKPKvf7dTtprccN9OWKTaLWszbByFkYcLOVJvo/sz2MV+dduK9eM6VzVQAAAAAAAAAAAAAAAAAAAAAAAAAAAAAAAAAAAAAAAAAAAAAAAAAAAAAAAAAAAAAAAAAAAAAAAAAAAAAAAAAAAAAAAAAAAAAAAAAAAAAAAAAAAAAAAAAAAAAAAAAAAADza3GEmlu0iJIYRharPKy8yjN2psrklByXrSkeDnmbTPJ6VscUiJq8a3f5+XiWQnN4uNBuF1M+X1/1HVPkxNI4/pXHimJmZ/aM0HBtng5N86rFPJuk4fzOfyebeJvbk6LZIp+NUXqk4atqOKvIlC9bQnBr0+YjmryrPFrT8a7bJ4d81UcrrrqqikuWPdyPb+Ovadx+nmeVEctqvEFjowVftOUa5JzUfaPZs6vLi3DlX9McWt6liFGJOGbZj2Qrow3U1GVf54Pq2vhnk2vudz6dsWmY6TGNRRLAni24n+mvca6XF77RXZs18fLWMc/ZG4syvvluJ7hE5uj31VVU6bluFF0nCy1rrXFd2v7tozmIrqaT03rm3ExaFbhPIWkSqwad78h9JwjWk+/42y/jZ6Yr9dzKmelr/AJSzPUH/AKSfp5l8Hq+TM/VLix/ya41/S76c/Er0+HLDJ9Vkd+lXy9jwuMzMaejTLqHzUMOOl6dZjYsK4tzcp11w7Lbv/cv5ETwThtyttVo87ItpvfPiVY9K8jm9MWv5pHJWZivTWONd77UMeOqviPU8++2MfNrrpqSe/mxXdo78X2T3e3ak/XFeNY6bMwlJ40OetVy78qPcp6h5NvauWQAAAAAAAAAAAAAAAAAAAAAAAAAAAAAAAAAAAAAAAAAAAAAAAAAAAAAAAAAAAAAAAAAAAAAAAAAAAAAAAAAAAAAAAAAAAAAAAAAAAAAAAAAAAAAAAAAAAAAAAAAAAAAsTaaAwvUdHvjqV+S/NuyFWlWlPli18s8ny8Ezb1t6GLyNUisLvE0yrJwHVbGNkJpqXL+WXu0ef42DVev2Zss8njAxuXAjiwlOyzGk+S21cs/7F5rbukTpTn3yY1qtjwZvKurm1NOcIbbvn/lb90mctePLlDupE2jimNEy9Ss0KyccJrJfXkdnK4fojtxZ/wAbVc3kUrGSNMnwsn6nTpOTe8Fyzfyd3hZ5z4J3+nLmx/XdiXE+pabRXGOdlZGNRGxQhJLounVbI5LYrWjcd1aUmI9+05hKnI0zJddcmvMW0F1UHt0aNIrFsFtKzuLxtBz1DMztOzsOi2GHbNulynW5Ott+yRyY804Jms/tvlwxMRaEhw1gcmoQ+ohK6zFrUFkR9MW177Gng155t66hXPOqREJbXb5RVNdam+aW0uRbs7fPy+scMMNOpmUHZqWI521Smsi6tqO8Ok5Rb/Czl1ateUQ0iNzrbGVZqmt4OZCynJw7MPK82vz69vOo+zM43OOZn26aXiLxH6Tumzlfjec41RVkuqv3cmvdnJWd1/GFr6idJPQ6vr9WyMiyuUsSqKhRJpxXT3R6vg44vaZ/TjzXmlYiGVo9dyAAAAAAAAAAAAAAAAAAAAAAAAAAAAAAAAAAAAAAAAAAAAAAAAAAAAAAAAAAAAAAAAAAAAAAAAAAAAAAAAAAAAAAAAAAAAAAAAAAAAAAAAAAAAAAAAAAAAAAAAAAAAAAAHi5RcJKa3j2ZS8RMTEpiUPKtwqlCMJ49UbPU4Pr9mjxZx2xzPCNRHt08uXcz2h8p6xgZ8tQuuosw/O5JY0Y+qNb6Ke50x40xvJHtXnExwScFVl49uPk+XtByivdNfJ58ZImZpadaazuurVXflVxx4wm0qtk3L3cjpnh9fGfUwz3M22o512Tp2DZbg4f1Fs30r3Ud392MEZPEpuI6knWSdTLG8Z036TlzeMlkTrs5qrknXzS6Npm1PkMeKmpLYLTO1TTc6jR8ZUXXTsw6KlTGTa3s+Gzkp5VYvaNbq1nDMxE77eeJpafbhY9s8xY8/NjZc42ckmvgzi2KaxOuz84nSb0rNod8/o+R0Sjz80Hu5v7lsHkfXaeMIvjmY3KO4g1RrTsmvBnW9TnFxjCctnHp1Yx5azM2t7T9c9R+mMaLnTt4fo07VK5U6pj2KfPXVt/Cj13cjt/y6Ti4M5xTFts9w6YLTa657SjcuZVqW6/z8GMU403PqUWtu3SI1PzKMzHX0+G67nKF84za5YpdDKtIm2uttbW6ZLo2JVjYu9MYxVnqfLLeP8AY9nBijHXpyXtuV+bqAAAAAAAAAAAAAAAAAAAAAAAAAAAAAAAAAAAAAAAAAAAAAAAAAAAAAAAAAAAAAAAAAAAAAAAAAAAAAAAAAAAAAAAAAAAAAAAAAAAAAAAAAAAAAAAAAAAAAAAAAAAAAAAACBzcyUc50JWQ3aTnKPp2+x4fm2vS+o626sVYmNytMvS8/zb44malhX7SnGxKcm17Jv2Nbc611jt0is1/cK9kpY9kaoVu665Ox7bbRimcOSvC2qRubNYnlG56iCWrwqvVNqUbFFtQgt+nuzXHlyXmKVjtWccRG9vVmuYtuRTh80bvNj637Q+E0beR5E49Y8ne1aYZtE3qxfW9bxMa6dVWNl6goW+VOqnpyvZvsYeP48ZJ3Ebhra81iNzpFcMcQOzVrVkJU1TilGnJhy2Q37MpbFbDfVoWmYvXcSveOboak1iafdjUzx4qebdbWnGP8sP1Z1YsFcsRNZYc5p7W+gSsxL/AN2alXGvKgoyg6ZbKfN2e/ujHyMN8c6mWtLxaNwvtSlTj61CFGNk5ThJLJVEPMSb+7GPxLWtMR+kTm1C9hrmkVZditxudwhzRtf8o5Vx9WqcbXjqV9VDzcmU8HNheuTeuuMuvL8fdFJwTvVZTFo1+UPWZTqtuPjcmHG2d93rjBbKMWtnu38I7cOHLWItr2yvak9bZNpdEsTDjQ7XYo9m0l0+D1KRMR25ZlXLAAAAAAAAAAAAAAAAAAAAAAAAAAAAAAAAAAAAAAAAAAAAAAAAAAAAAAAAAAAAAAAAAAAAAAAAAAAAAAAAAAAAAAAAAAAAAAAAAAAAAAAAAAAAAAAAAAAAAAAAAAAAAAAAAo5GPXkRgrVvyy5kZZcVcsatCa2mvpC8SZ0NJqplbUvpr5Knn3/BJnH5WGuPHNqw1xzNp7R2s4nkUPVMGVlmfCUKopTajOLa3jt8bNmdceO+CbQtynnqUVbqmRm2ZF2LKqnIVW0El2afaTOXxfKitt2dGXBMR0t55VGq8R4VuB5deZWkspxaVTS9vux5mePI1WI9GHHbHWZlS17Q6a5ZE4ZdscjNsU53Yd/I00y9c3+N+MdqfX9vvpZZulPN1yrUtSzacO/FrjyK1p237Lbea7IrkyTl7ydLVjh/BcZ2v6NgRnzVV5lkIrniu1kuvLJ+zabK4PJthnUdwWwxeGIZupZebl4NsOTy6IKHPKxKc+u/t2SJzZ5zd2K4/r9M14e1DJhq9s9KtVKzEp3QnByUZ/JPi55xfiZsfL8kFqOHZicUZuNKTlZa4unmaac991v9mzPLbWeJs1pX/h6ZJPOxdJ1PEthVZRCairYKtJUS7dPlNnZltjy5qxT3DmrExjnbY+K5ToqlY05Sgm3HserDkVCQAAAAAAAAAAAAAAAAAAAAAAAAAAAAAAAAAAAAAAAAAAAAAAAAAAAAAAAAAAAAAAAAAAAAAAAAAAAAAAAAAAAAAAAAAAAAAAAAAAAAAAAAAAAAAAAAAAAAAAAAAAAAAAAAAAEbrWnwzq6vNSnCqTm65fhbXZsyzVm1JrC1J1LXOq26jlQnXS5Y2JGTdl0bOZ2JR6qG3ueTj8f6+pd8zyXHD+mzowY2rGy8iNvWbsvUkl99uzNK4KV7rBOTl1MqGj4+bk6vj+XHBw8FWSl5ltalOxfG5WL44nja0Qm9ZiOTKMzDpqV2RZfhqytN0qipKUX+rN8mbFT3dhSLT6hq/ijS7szMnq2RkfX4rhCNkeaSt5uzUUc8+TjtPc//AC3ik1jULjRaeGdG07IuWJZlZt8eXfKq2rpX9y9fJwUjetyral7TrfSA1TCwNTxqY0umuWNBp3bcjyfumikZseSF45UT/B+D9BLFqjTl1Svc151tzTlH28tfZ+5pwprWkWmZ72zS3D1HAzMCizOyc76qzlf1GNF8iS95F7eNSYY/ZvtVeh26lZB4+BTjTbcMifPzRi4vpKJbH401tuFLZOu5Z7TFVwjFdoxSPRcz6AAAAAAAAAAAAAAAAAAAAAAAAAAAAAAAAAAAAAAAAAAAAAAAAAAAAAAAAAAAAAAAAAAAAAAAAAAAAAAAAAAAAAAAAAAAAAAAAAAAAAAAAAAAAAAAAAAAAAAAAAAAAAAAAAAAHjPqldiTqqsdc5LZTj+Ui0bhMTqWJ52HNYk3TSoSo5lTW4qK5v5tzz8suyntgeZx3oug0KjWNXxq8mf+7ViRU3N/MtuhjamS1ZiGu8cTtYadx9oedap4OJqWVL8koYzm+Y83Jhy4o1NG320n+MslWs6vCmqWLwzbOdnXkzGlNr9FuUxzfDbU0iGVr1mP5MR444k4kxsN065HR9InJp1Uxsbslv8ALOq0ZctuM9//AKZ1yUr3DXGVxFGzJktcjC7eEeTyMrmT/XozqwfH5fdOlb+TV4t4nux50w0fSoXY8U26rJxka/8At2T+VphEeVVJaRxphU67ivinS9VwXjSTjLHm3Gpl4xT/ANqYzxLovh7UaOIcXEztC1Ku/Brs5pvZpyW34WvZoRW0dWUtaumU4Sj5KlGpVc/qcdtjtpHTmlXLoAAAAAAAAAAAAAAAAAAAAAAAAAAAAAAAAAAAAAAAAAAAAAAAAAAAAAAAAAAAAAAAAAAAAAAAAAAAAAAAAAAAAAAAAAAAAAAAAAAAAAAAAAAAAAAAAAAAAAAAAAAAAAAAAAAAApZN9dFTsunGEEt22yl71pG7DVnGfi7w7puNnVY9sMnOqah5PdTOGcl80/8AFVrH4x3LmHX9a+r1HIyMbHpxlbNy5YRTcF8bnq46TWur+2Fp2sqeIc/H5o4ubk0qS2brnsmib48d41aNkWtCRzONuI8h1Wy1vUpWVry4t2bekxnxcU+6rfZKFzNT1HUbr8nOvtybrkuadsuaT2NMWOuP+EK2tv2sp2SW28eTZ9eprMyquIZjTb61z2SUidjNOFeMoaZ/B1itahhXfiUvVOs4vK8KuaN16mG2PJMdS3PwLxTpugQx6dF1TBztPydpvAlYoXUt/DOauW1dVzQtOv03dgZlWdjQvobdc/k64tFu4ZrgsAAAAAAAAAAAAAAAAAAAAAAAAAAAAAAAAAAAAAAAAAAAAAAAAAAAAAAAAAAAAAAAAAAAAAAAAAAAAAAAAAAAAAAAAAAAAAAAAAAAAAAAAAAAAAAAAAAAAAAAAAAAAAAAAAAAguKuLNH4WxY3a1mKlS/DBLeUv0RMRMjmDxR8W9U4ivycbT5zw9JnF1xqj0lNf1FYwbnldHL+mpZXzlZKb/EzeOlZUpS6AeHdGL332l9hyTp4vyrJST3b/UrOQ08Quse/LF8hH2J0pWXOTfp6/cczRGy6KW+7j9yvI0rVXp77PZl4ttGl7HJkpx9MOY03sbQ8MfFPUuE89c9k8rTnBQeHZPt+jMpxRvdTlr26r4N4m0/izRYalpsnyN8s6pv1Vy+GVmJhZNkAAAAAAAAAAAAAAAAAAAAAAAAAAAAAAAAAAAAAAAAAAAAAAAAAAAAAAAAAAAAAAAAAAAAAAAAAAAAAAAAAAAAAAAAAAAAAAAAAAAAAAAAAAAAAAAAAAAAAAAAAAAAAAAAAp5d8MbHuvtko11Qc5NvZbJAcT+I/E2Vr2p5F+Xa5udkpL7R7Rijq1xjUM97YHZvvy827ZmlTfTt3AtrbJWT5I9l3KWsmIfYSjD22+5RYs2m0l3ISv8LGn9FkZMVzQx9nJP7srK0KOZj17u6p7Sb6xa7EqqLyEpdVsiRTkoWLdIDzKMoR3b3ii20L7HSkoy3+Davakujv2Yc9VatquJN2fxaoTSb6GPkZIrMbTTt0XFkLAAAAAAAAAAAAAAAAAAAAAAAAAAAAAAAAAAAAAAAAAAAAAAAAAAAAAAAAAAAAAAAAAAAAAAAAAAAAAAAAAAAAAAAAAAAAAAAAAAAAAAAAAAAAAAAAAAAAAAAAAAAAAAAADC/GDVaNJ8PtYnfz811Lqhyd92ZZMnDWvcpiNuJdTu5re632S6HbMs4R85dCooTuk01Dv7spNkxDzjQ6tb7SKLPd8fwECR0/TpTcXPZJ/JWbRDSKSzLRtJongZCt3SsS5o+z2ImUxCA1OqiE5QrSlu3tsV5L8YiGN5NbTZeJZTC3q/Giyq5y04x2JFXDn6EbU9M5Zfwnr2foOr1ZGn3+V5kVRbKS6KttGflYfuxzEJpbUu3+HM95Wj41qthbzVra6D351t3OPxcs3rq3uGl4SB1KgAAAAAAAAAAAAAAAAAAAAAAAAAAAAAAAAAAAAAAAAAAAAAAAAAAAAAAAAAAAAAAAAAAAAAAAAAAAAAAAAAAAAAAAAAAAAAAAAAAAAAAAAAAAAAAAAAAAAAAAAAAAAAAHPH7SnE2NkTo0fEmp2UbzyZKX4fiBWmPnk5THomenNuR0sfXfY6JUWds+jSKzKVOhc26M1lSEdrlv7ESlcN1wv5u6SKymqUwVPLbbsVVa929isVhpNpX0tSycTScjFVu8pzVas+zHHs59I66uuGOnXe7LfdFmfaHvm5783RoEraL2tTZZC5zN7GpJPoB6xtoOMd+/U0pOlJT1EVk4ko80VKuDT37tb+xsrLqzwm4gU/DjA1C1RVlC5clVy5vTH3Z4tKzh8ua/qXR7q2xW1OEZwalGS3TXZnoswAAAAAAAAAAAAAAAAAAAAAAAAAAAAAAAAAAAAAAAAAAAAAAAAAAAAAAAAAAAAAAAAAAAAAAAAAAAAAAAAAAAAAAAAAAAAAAAAAAAAAAAAAAAAAAAAAAAAAAAAAAAAAFLMyK8TFuybntVTB2S/RDWxw34la8tf4jzdRhX5Ucqxz5ft2R061Gme9sJvl0/UzlaFpNlZSVyfsZpXWPWrUkntIJfbq/Ku5JEC60315ChN9N+7CV1q6jCiMqoy8t3bJ+z2XUD7mOuWMp1OO7j2+AIV7ck2+7AtffclCcjSljVua/EgIq2l05XlzfTun9iUJPT7m5Qm+8Xs18nRjncM7M+8M+KMnhniCvyGrcLLn5GVjS/DbFmfkYIyRv9wmttdOmfCPiV6xpN+DfDkv02yWNyy6S5U/SZbXZ6SAAAAAAAAAAAAAAAAAAAAAAAAAAAAAAAAAAAAAAAAAAAAAAAAAAAAAAAAAAAAAAAAAAAAAAAAAAAAAAAAAAAAAAAAAAAAAAAAAAAAAAAAAAAAAAAAAAAAAAAAAAAAAQvHmNdk8Gazj4v/M2Y01Bf2Ji0VncolwhrcJ15U67OaEq1yuE+8Gu6N5tFu4UiNIe9egzlaFrIql5gVTCTwa1zU/LkQKuq1S+rXRLeKISr6Tj7Sdl3SK7IiJTqYedQk/p1FtuEb3yy9kRHtM+l3dVVdj9NlJe/yJlNYiUFdjuG+7JiyJppaJeosqyT0bYvq7OO6IEXq8k8rdbcqfRL2QiSYesWzbInFLpJJo2xW10paGa+HukS13izFqU51Qp/1F1kIc3Il2M/PzfVikxRuXSmk40NB8TMfKtkqsXVceOO+u7tuj0U/wDCOHxM03iK2bWhtI7mYAAAAAAAAAAAAAAAAAAAAAAAAAAAAAAAAAAAAAAAAAAAAAAAAAAAAAAAAAAAAAAAAAAAAAAAAAAAAAAAAAAAAAAAAAAAAAAAAAAAAAAAAAAAAAAAAAAAAAAAAAAAAFLNcfp58y3i4tNFMn8JIcN+KWnvTOMtWxO6V7mm587akk+5bxrbxQi/thMvg2QtbI7FZChb9DOVoSqsUbMefRbekbTKtqFkbJVT910KrLyjayMIN7bopRpkWmXX5GNk0ybc004x9ti+u1JnpVwqnHFq55bcy7MSiqMzZ7zkvhlYha0o9dbDRml5TXLD/JCVhqM1ZelEQTKm5uDhsmpLqWidSrLbfgpBT1mdrujU5zrralv64b7uJwfK5OqwvhhuzxY1ejSeG9LslP8A1VOZXKiMk+b5bTMfB3fJ/wCE5J02Jw/rMNQjiZFTssouqU29uikehEzE6UlOI1QAAAAAAAAAAAAAAAAAAAAAAAAAAAAAAAAAAAAAAAAAAAAAAAAAAAAAAAAAAAAAAAAAAAAAAAAAAAAAAAAAAAAAAAAAAAAAAAAAAAAAAAAAAAAAAAAAAAAAAAAAABgYzxdrawM3SNP/AIasz8jkUnL8MYrcw8jf1WlMe3JfjJnx1Tj3W8hLaEL1Sl8ckVE18SJ+qJ/tS89tcWy2k0bSKF094kSPuIZrQuVJOGz7ohMq9tnmU7JEJVsG7+H1fqiU9NYncJON0bdPy5Thva4rlZbl2rw6RMcubh6yyiOum3NsCjD8ZKF9z7xW/ZAUFHmu5pEC51CpOqF0I7rZJv4EEtveCmsQxtOztPU65ZF2RVZTTZFfpKcTz/lcc2rF18M/pmX7QePetA0TMusdyx73X5j72c4+MtMX7/Zl9Mo/Zw1aOq6Xl6bfdPzMOathW3+VnrZqavtlWem4zNIAAAAAAAAAAAAAAAAAAAAAAAAAAAAAAAAAAAAAAAAAAAAAAAAAAAAAAAAAAAAAAAAAAAAAAAAAAAAAAAAAAAAAAAAAAAAAAAAAAAAAAAAAAAAAAAAAAAAAAAAAAGBpjjnUK8jxKvnVXCy7SMNbc63SlL3OPz7TGKKx+1sfvbmniG+VuVdkpJOzIsm136tnp0rxxxDD9sWtk3Nt+7M5XUJvciUrjGUVH7lEqjaT3fuEvUZtQ6ED1RNRaImF4ldKcZfib/yUWmVK+cEtki0KyjrHu2XhSXmCSkBWTclsgK0IkC+qocoTXNvFx3Ak+FtSu0fUtP1ShuE8a5PmcU1s+j6M0yY/txTVWJ42dH8SQ0TXPCS9Ru8+mrEWRXdJvd2HgeN/w5OMe29+43LBv2bZ5z4vhfjNfTOiVd0W+59Dnt6c9I9upsacbYKyP4WZRO1nokAAAAAAAAAAAAAAAAAAAAAAAAAAAAAAAAAAAAAAAAAAAAAAAAAAAAAAAAAAAAAAAAAAAAAAAAAAAAAAAAAAAAAAAAAAAAAAAAAAAAAAAAAAAAAAAAAAAAAAAAACyyKaTaXxuBp3M0vAu434mwYZV0nmcl98o+qX6I8/5C00it2mNznxvoEtD1+7AeVXlV7ylVZD3+zXsz0fG8qPIqwtWaywbIjyWtFrJhby7lVlxXL07JdSB6cm107ED51h2/wEvS7bkC5xKJXT5d2EvmZQ6mkwSsH0ZKr7Wt5BML+ivZdiE6VXX6E2iBUwZOFvQISel4H7zzMHCjfCj6jI8pzn2h92bzeMePlKkxuzp18PQl4eVcMYsp724zTuhDZOT327/Ox83Ob/AJIyOrXWmnvB7Ub+HuJngZadGVC5Vzg2otezR7+X861vVhT+nWmi/T0QdUZ3KEusVY99ylJglfmiAAAAAAAAAAAAAAAAAAAAAAAAAAAAAAAAAAAAAAAAAAAAAAAAAAAAAAAAAAAAAAAAAAAAAAAAAAAAAAAAAAAAAAAAAAAAAAAAAAAAAAAAAAAAAAAAAAAAAAAAABHcQalTpGk5GoZKTqog5yKzKXOPh9xLPWvFrVMlcsVmYlirhPs2uqMPkqawJxTuU/4paFVqvDWqZVmJ5V+Mnl1Ww/FGxbKe/wBmeR4meaXhresOXc/1SVi/N1Z9Had9uaFmurKLLmqK6ECqoxit2lt7Nge41Jro02/YhL1kQ8qqHXfmYSu9K2hbHd9yJWqrahXzy5iILQgLFtNovCj3RDdiSEjTLliuZNbELPtr9L2IQqYUerlJb7dkvkIbD8HIRp4jlkXVzkoyjR0qUlB2Pbm3f4WcnyOWa4opWV8dfy26A1PKphTOzUsyGJh4jnkTuj+Sn8EP7+l/5PIisX1SP209dy5X1/Lozdf1HMxHL6e69yrk1s3Fdm/ufVYMfHDFJcd53bcOsPDnVL9Z4P0HPd9kXChQmpQ6ymujZwa1bUOiWxa3vBPdP9DphmEgAAAAAAAAAAAAAAAAAAAAAAAAAAAAAAAAAAAAAAAAAAAAAAAAAAAAAAAAAAAAAAAAAAAAAAAAAAAAAAAAAAAAAAAAAAAAAAAAAAAAAAAAAAAAAAAAAAAAAAABq3x/+v8A+CJVadjW3qy1KzkTbgitI/MmenMPCl9uFxHiZtcJTlTavTFP1/KN/JrGXHbl6Z1nUumOJ4q3hbUrcin6vGso3ljKTgnLb8akn+h8pjn8nbLjzU6lCLSkn6n0X6n09e6RLl/aOre0tyErmuCkko937/BA9WyUVFNAVsTll27/ACQs9ZjUuSC/KwK+G1Frp1ImCJScMed0FsurC6I1DT76nzyg9kTEqTC2qi000EL2u1drK9yE7XDtoVb2qfUG3qNTq5baXtbCXMunSSJQ3L4L6isjEycWNUatrpWWuCTlPmXTueT8pXjalmuKWT+N8cinw5yPoqrK589Ucyck+ecEY/H95o2nJ6c+aHOqWo48b0nX5ilJM+mtuay5I6l2fwhkvK0jS56diwrxKIeXNcyTkcUT01lkun13VO2E5RlVKTlHlZaN7F2XQAAAAAAAAAAAAAAAAAAAAAAAAAAAAAAAAAAAAAAAAAAAAAAAAAAAAAAAAAAAAAAAAAAAAAAAAAAAAAAAAAAAAAAAAAAAAAAAAAAAAAAAAAAAAAAAAAAAAAAASb/L0RAxzjHKlj6PKEp172tJL32K2nUJiHOXCSxMrxRzLcLHhe6lO2mqPSMZ/wAzMfPyWp4vRjrE3223rOturhnVZtwxZQonyOC2hVuvh92fP455Txh0S461BynU5Te8m29/nqfW8eNIhx/tGR6PqZLr2n8K2fpA821udnqkBd9KYqFff3ZCy603EVj8yxeiIEi8amS5obS2JQlMRQSSnJJr2+SFolIZdFd9TXTZrrsU9LxtjGo6WqnJ1omLKzVExjJy+Eiyq4hGbfoi1KPswhXjlxprs547SS6bsbGR8GcWZvDWbN4zsdeWknWnsuf2bKeZ40ZsUf6KX4206M1WmOt6HftFvC1OlO+E+0bNtmn/AH5WeHjnhMWbTH6clzps03VbsW6MlZj2yql/Z7H0+K3KIly2hunwY4zz8zU7eHc22DrupnKiXaTml0RzeRi4dw0rbcab84c1CzJxsSyumfluG1rXZP4RjjstMMmOlQAAAAAAAAAAAAAAAAAAAAAAAAAAAAAAAAAAAAAAAAAAAAAAAAAAAAAAAAAAAAAAAAAAAAAAAAAAAAAAAAAAAAAAAAAAAAAAAAAAAAAAAAAAAAAAAAAAAAAABQyW0opNeqXKUv6TDj/xZ4p1HM451emjUcuGHXc6o1RsaSSL4ccTXaLWlb+EOq04vFVlV986Z5KjCuSeye0usWcvy1JnD+K2Ge2y/E5ZescAZ08Xy/paGpOvk2nPZnkeDaK5q822XuOnN+cufFTgku6Pqb9x044RMI7xOdouaNn0TSbexAvp465FOMNuRbPr3ZCdKlFCnOL+fYJT2FhNQ6pgU8zKx8KtWWQlKMpcu6IiTSrTfWvUmuR9UySF7DU6kuWuLlJ/lS3K6XiVlqGZPknK2nyalvtKXUCwx8WM6655bjXGx77e+wlEQtdZjHFnOH4pbqUJR7OIiS0LOiPnXxcm5pfPZEqpFY1+VlYuNhQldlWz5KqYfibOudRTcsfdunSul269dwPRpflxWtW0p2ycuaNVP4U18PofL5bV5TFHZDnvxAx8bF4tzacbdOvlVvXdO3b1NHtfH2mcUcnPljtIeGl2ZRxvomRp1LtvjauaP9H5jszxuilPbr7hzTMjSvNrU4zjO1y5V2jBt7HDWmrbazLJToVAAAAAAAAAAAAAAAAAAAAAAAAAAAAAAAAAAAAAAAAAAAAAAAAAAAAAAAAAAAAAAAAAAAAAAAAAAAAAAAAAAAAAAAAAAAAAAAAAAAAAAAAAAAAAAAAAAAAAAAU591tBye/t7ESNBeP2j6XfTnZqw6sbPqSsVkY8rkKXmLaJjpoPhfNjpWvafqdtUbY0XxnKE+0ka58U5MdoUpbUup7MhqKsrjGWFlUuFMuXflUopx2Xx3Pje4tqXdqNNG+NPC1Gk16bqmBjVYtWUnRfVXLo713kke98b5NrRNLMMlNS1JVHZbM9BmRhGu7eXUiUwl8b+LRybLlf52+xWFpV245EoQrthBK2MV8gSV2Tes1YtF8WrXy823sxKYh84iyP3no8oQjGNeG+emKXaC6MmIRadoXSrK76Y132y9Etow+wlEJTHhbHM3jKtwsjvFy6bJBO3nIacHLMnOWLVNPZ+7ZWVvbxkZeDWrJ0TlZB7Sjv0cX8MjsiIQ2Tku612b805rljAmsaRa2/SYwcX6HAjPJr9T6pfzN9kSiGX+FmDDK17LyZKx5FFO1Ch255tR3l7pGPyN9YYhXFH5bbuisfGzMWyy+WFhWcqybV151U2lUl3Sb6ng7iZjbpaC8YrqreOcmOLRTRTCtbRqjt3bfU9/42P+Hbly/yU/C3OeFxNjzbjz9lzM7c0TwUp7dm6by3Toy/qZzsuri3Hb09jmiYs0S5ogAAAAAAAAAAAAAAAAAAAAAAAAAAAAAAAAAAAAAAAAAAAAAAAAAAAAAAAAAAAAAAAAAAAAAAAAAAAAAAAAAAAAAAAAAAAAAAAAAAAAAAAAAAAAAAAAAAAAABKSXciZ0NX+L3FmZwvoOVqel3qvNlkwxqZJ8y27vdGVY+zJuJWn8Yc28Xcb6vxVDbVJQjFtSkq/zs7KYIidspvuGKWbz6G/6Zw3t4Ia5frE7Kc6SksOuNXO5dXFx2SPmfkvFrhvGSv7duK/KNJHxwvw8HgK7Tr8CcrnOEqMh9dupzeFExljXta/cbcySW02j6O0S53m/q/uVFTFnfLamEtk+xCdr7Co8hQyLPwNtbkLQlVyPIeRyrmjXKbe/TpHoRK8PCn/opV1r1SonCRKiA0uXJe482267kohN2TmoQg5xu683Tv+hCVlq+RflOip1qEF6UkSjb5n41ePguSW020gTBoeNKd8LpcvNv7iSE47IZ+oStul/pKVt8JpAZ/wCFfDttmPHiWGoUYuDLM8hqU9p7L/ujg+SvukLYo7bO1zN1GPDPEOs4cIvDpx5V0UT6Rkve2PxI83xa/ZfX6aXnUOVbL7b3K26yVtk3zTnN7uTPqaVrWIrVxzO5e8Rbtrfv2/U11tDov9mvimd/1ek592RdbSual2PdVxPN8n/gtziG9Pyh0EpxcN91saVvFo5QjT1CabezLRMICQAAAAAAAAAAAAAAAAAAAAAAAAAAAAAAAAAAAAAAAAAAAAAAAAAAAAAAAAAAAAAAAAAAAAAAAAAAAAAAAAAAAAAAAAAAAAAAAAAAAAAAAAAAAAAAAAAAAMf441tcN8MZ2pySnKqHog/zTfSKObPaYiKx+1qRtz94y26ll8L6RVOrmdMrLcicY+pSf85bwK63szS0jO34/uelyYaKHvGTZNSW7/BjhjO03THrlmPBTzUvp5t7yqhF9+VfJ858t5HK311/Tqw10u/HXyZcG1zeRPaWeuSifft6pGHxtZ+7acvpzrktKa2Pfuwh4nFzjzIolWw0ndDmlyp9N/gJZDVTU6o0WbeUl7PrIhaFLIqqxsLMVO6UkobS6te5Te7L61Upg5eTObXq3W39i8qxDHLK/KyXH7kxKto1KZw4qNae/qCV3kqu2hKUtpVvmg/gCI1jJV7pqr/L3+7EFknZ/pcSCjspTjy/2+QLSLlkzhiQk40rrNoKtl+DOXXj8S36dOValm0TqonbZyKE/wD+2jk+Swc8UWhbHbVtN2Z+gzuqx6OscC6mVFkJT367dZJrvzf+Dx6VmnG9W0y5S4m0e7QdezdLyNnLHscVKPZruj6fBljJSLOS0aWFc3CacX1R0bUZ14SzzbuNa1iRy7PNhOFyxk+zXv8Abc5/KrzxzDTFOpdUaNZJaTi3qN/VqNlFifomujPnrxkwevTriYvLJ8RObdzm5eYk2mux7GK3OIttzzGp0ujdUAAAAAAAAAAAAAAAAAAAAAAAAAAAAAAAAAAAAAAAAAAAAAAAAAAAAAAAAAAAAAAAAAAAAAAAAAAAAAAAAAAAAAAAAAAAAAAAAAAAAAAAAAAAAAAAAAAANIftA6pZn6zoPCmO+VX5ELMhtmV43aFobUz8Wqrh++mrGqnUqtk5tNNfLJiNV6Q468W8XDxeLJLBUIc9SnZCHZTN8MzaO1LsTpkrEkkn7HREqOneDa408NY+Krp3+RRCu2yCTcOik4pr45j4/wAu3LLaXbT01n+0FqVeRqWl4GNGSox63NyfeTZ6nxVK92ZZplp3Ljyy2XVI9TIzh8x+j2a3iZLPUkq75RAkcC3Zb2btR6kLwuNRf+hjzP8AiS9TIr72teetPEbkliz/AJe4lESstdp5MlXQ/wBufVCqLveJa4wS2X6koh9ulLbowI/EgrMzeXSMerJRC7zMmVzlNvfskBfYMFRjyjJrnntKb+F8AMueyk99ovZxfudUViadspnVnRPgpruo5/B9bzpzzFiylVVFrefwtj53zMdcWbVHTSZtDXX7Q9tE+KdNjj1qMasTlk0vfnO74yd1lnlhqqe/Lv8AJ6swwdPfs8zxMPQVThQoeTm07+bP5OObfl22Ztxdrd+m6pw9pk7q4/vK54t18X0hJLeH92cnm0m2Pr20xzqWwKfwpfHRm+C26a/pnL2boAAAAAAAAAAAAAAAAAAAAAAAAAAAAAAAAAAAAAAAAAAAAAAAAAAAAAAAAAAAAAAAAAAAAAAAAAAAAAAAAAAAAAAAAAAAAAAAAAAAAAAAAAAAAAAAAAABgaN8SrIan4zaJp1VcLFiVK2xdudspmnjhtZNO7RCA1zi7j3WdY1XQ+FcP/S4U3CcIRjY4Jezmzlwa+uOS9vfTQ2sxy46hkfvHzPrHY/OVn4lI9HHMTHTG0Lah8jUvym0Kt8eCmo26jw5l4EpSjOi52RcesrfSfNfK4Yx3i0ft1YZ3DIeMeG8LjHBx3n5cq1HGlVjWyik6L/ZT2W7TObxfI+mYWvTk5f1GqdF1lVn465uEv1R9Jy51izm1pQU9pR9kQsvKaXdbKTa2KWnS8V5L+OK8aDlY4pLuubqRvlCdcVjk3u6b67lojSszsh1WzJF1Cdd1EsfIbUWvS/5WQPVOn5NOPZZOtuNa9b9gnS1larKpOrZIIlT02qU5uFa3lYSiIXssJRtgptbKXq2ISvIwo5bIy3c5PoBfaDoGTxFq9WlYk4Uzubm7LN2q4RW7bNr5Prx8mXHdm7OFdH/AHHouPi+TKyvEk7bJQ9EndPbkin79GmfNeRknLblLrrGo0wX9oFPG1/HxZ8qlyKT7bvZe7PR+JrqbSxzS1LLt3bPblgktH13VdHqlDTM67GjJ7tQkY2pWe5WiZZ54fZWTxBoup6LPmsy2/rYZk25Trsj2f8AfscPkax3i8+p6bY53Do7wg4qnxVw7K7KrdOo48lTlVS7xmkXwYfp3EK2tuWdm6oAAAAAAAAAAAAAAAAAAAAAAAAAAAAAAAAAAAAAAAAAAAAAAAAAAAAAAAAAAAAAAAAAAAAAAAAAAAAAAAAAAAAAAAAAAAAAAAAAAAAAAAAAAAAAAAAAAMDU2kYTzvEfinO2i7L39HjTmt1BRW7kcXm54/HBHuWmOs93XnAsMDgXQPo7LXkahdZvOMFvO2bfdnn4/NrW98n/AOohrbHMxENceK/hnfqer6jrUNRxYZ2VNThgKL+PdnTTzvo1GT3P6/pScfL00NyTqtcZR2nCTi0/Znu1/KOUOWemxPBnNyLOJ46G3P6LKc53urpYlGL7M835Lx65Kc/3DXDaY6dAaZpdMKK7Yt5dV0HXBtbOKXVNr+bpseBFY/i6JlzJ414NGleImq0YmKqaeaM1VNdt0e94m/r0wt7YNRT581BI3mdERtPY+OsWDtsj2W0EZ+2sfjCJ1C7extP1vv8Ac1iGUyo1dV1EkL7Hqc49E9yFoecmrypxcu24JhNu/Hliwodye6+TNptA5ODZjSfL1qk+jRpEs+L3DJeHOClBSW3SS6Me0fxXslTdWnXJxm/n5AusWi5XRwsyMY2T/wBqUvzfYjSWVeGdDXEGdPkvXJBUU3Qg3KqcmcvyOTWKK/2jHH5TLd+YoeTfqOHm1rTLbIz86afo8veLnL9Dxp3M/wDlu5p441OjW+Jsy/CblhRk4UTk25Th/M2/dvdn0vh+P9NOLkyX5Sx3lcZdDr0zby8H+GeC9d4Xqo16mMtTy7bK1e7OtTXZHkeXnmmWKzOnTSv47bY4T8NtN4a0e3TarPMzGm1luPLN7nHm+29pi89r1mI7hT0nRr+DuO8fUIws/d2sp05vq3jXf7WfbmPU8ebfXEXZX1vptE2VAAAAAAAAAAAAAAAAAAAAAAAAAAAAAAAAAAAAAAAAAAAAAAAAAAAAAAAAAAAAAAAAAAAAAAAAAAAAAAAAAAAAAAAAAAAAAAAAAAAAAAAAAAAAAAAAAAFHLvVceRSStknyIpe8UjcpiNoXh7SaMOd+TB+bOyXST6tfJxYK1va2a3c+ml5mPxfOIKcaunz7Uq1GcW3Ho5Hm/I1ilZtWGuHczpp3xI1K7hhfVZc7JrIbljc3WU5fDOXxcVvKvDS9opDnnNnK7Jttm1z2Nyb+7PtqxFaxEPMmdy3R4JcL3Y+j3cSwzYUZdzVdKbXSrm2k2eD8n5O5+qJdOKn7bh4hptjo2Zfp9qXkRlbGcmlttF83U86MW53VrycY8SajdqWoWZN1llv5Yym23yrse/4+H6sUMJtuXvQXVSrL7luuXZL5ZaVq9PWblT8reUm0uyZbSJlDOTnLfuyVV/hwU0tkVW0mseKhU/Tu2FnnKojZVJSBKFlB0WOM+sV7hVeUXSjFdear4YTD1m4sLqeevpL2ELT2jqLJ1SXOFGQXZcc7GqhP8cF6Je6A2B4XZWsXw1j6e6uOn4rqysiuyCkpS7cxwfJ03SsrY57bT4t0/wCr4Xy9MuvkrLKvOhlXL8an7bI8rF+Nom7WXKM6b8XJsxbYuN9cnXKL9mj63HeLREw4ZhXhX5k1X05uxqq3B4R6XRoeLVqur1/VYGpRkowg/Xj8j25z575LLXnxtDuw1nXUt68PanW2qnmq+VkVPG3W29a+DzfEzTXLNbTvTbLTcbhkGsRohpuZZmy86iWz5P8Aske/e+om9ZccRudJDAvV2PGWzUtknzF8GaMtdwWrNZ0rmyoAAAAAAAAAAAAAAAAAAAAAAAAAAAAAAAAAAAAAAAAAAAAAAAAAAAAAAAAAAAAAAAAAAAAAAAAAAAAAAAAAAAAAAAAAAAAAAAAAAAAAAAAAAAAAAAAwMf1rUMCGVbj5djrsThBy5lHbffbZnN5FomOK9In2wfS+Is3Qsi6mEJZNEpy9EvZ/J4WLzMmK1nVbHFlxqHFeXqOiz1LGxqPIhKVbi3zOM/Zsz8i+TPHO3pOOsV6/bUvF2qXZvDmbDVLZZNaXNX5j38uzdbOJ0/HzP3V4KZdcWnrn5jT3fV92fWz086HU/h7h6Hg6RpEsVVW2/TR3lXH8X8zabe/U+P8AJtXJmnm7qxMV6QnjZr9+DwzjacqIUYeo+YobfiUV8HX8fi+20TMarCmSdOZM5PkW62+x72T0wqq0zUaUjBotci3n6P5JVVMCpzmvuxK0JavlolzyXpT5bF8fDKrLvmlBNrflYNkrZRg/T+gSsp1qcG3tu+r3CJWW8qLHy+qsC7rsag3DrB90BRtp5mtuzCFaqvypxUff33CV69TzNOyZ3aflWU2veFkoS/FHbs18G9sUZKdst6s6D4LnXqnDmBya5C6jyoQqco8nVL1wn77x377o+Yy45peaS6oncbal8b9I/dnE+LkwqSWZjJzsh1hOcG02n+nKez8dk3i058sdtc028s0/v3R6USx02b4fcbafp+kT0nX1bDDjN3Y2TVHmlVJ/iTj7xZ5vn+FOeOVfbow5OLeeh5Wl4Or4ODHMg8eujnqvaTU5SW6/Q+d+iK5fys6+czTqHninV9R1Dgq18L1vMzp3LCuTn+Dr+NI7cNazM9s7dSxeeb4h6NxHwvPOos+iWRGmaq9Smp9Gpnd4+qRqFMk8u3Qa7HosAAAAAAAAAAAAAAAAAAAAAAAAAAAAAAAAAAAAAAAAAAAAAAAAAAAAAAAAAAAAAAAAAAAAAAAAAAAAAAAAAAAAAAAAAAAAAAAAAAAAAAAAAAAAAAAAFtq1llGk5d+OlK6FbcF8yA5R8XOI7fNxdLhkTsuxY891vZzufUr4uLczlt+05LfqGYZOXZq/CWg8VY+VyQxo+TqVcOzezXPJHkeX42rzqHRjybhg3GWvS0zSMjH0/Ndc8ppx8me/Qy8LxZvkibx1C2S8RDXebreo6lGFGZkysqh1UeyPew+LixTyrDktktbqVnfLqdcsodGeDk7IcHYnn8/muDdU1LeKTk9lL4PlPP1Ga2nZTuFfizh/A4j0++GThairseTULq5Kc65vvWl2kivieVfBOqJvSLOfOKdHzdM8tZWJdXRZu6LpwaViPocfkRmpuHNxmsseldywSXclZ6wVGVrc9n9iJITWmKMMbKmoJLm+OxErVXaxlZmQg4uUMmt19PlroyB6w8rzcGuqVSc4emX9gQo5l8VbCH0qlPbfo9ugFCy6fNFxx4xSXaT33BtbTybsiUoyioxi+yXuBQhKcG3Ht8MkVoZCX5ehAq/Uqe0fzb9Alc04Vubm4uLStp5E1FSf4YrtuzotkjHj5Sx1ys33wxpGNoGn42Apqy/G3lPp/Dvm+ja+Vuj5XyM85b85ddK6jSD8ZcXTM7hf6qznozMDkrrUI7Vuc5buKX6HV8dln7eEKZa9NCpbSa5XufROVVjNOTTfTsyyW9eGOINC1jhrEy8vUKMLUdPrUMui7p56j2lX8to+c8vwrXybo7MeTUMy4b4np0PgmfEWLgXwv1SaqxsFr8d7b5XF/wApTFgmubUyXnlHS24C8R9Yq4snonG2LPD1KzsrOkW/Y6745pH2452pExb8Zb2xLvPxa58soOS3aZ34786xZlMal7LoAAAAAAAAAAAAAAAAAAAAAAAAAAAAAAAAAAAAAAAAAAAAAAAAAAAAAAAAAAAAAAAAAAAAAAAAAAAAAAAAAAAAAAAAAAAAAAAAAAAAAAAAAAAAAAAx3jq/Mo0S6WD5LddcrrVYt24RXsY5pmY1/a1dRLljizgzVYcNV8Y6rdXyZ9/N5D3c+WXaTZNPMp9kePEInHMxMsr/AGfNVoza9b4XzHYqcytziufl+zKefHqycX9NpeHXhxofDWhtZODTn59ycrLra1Z+kYl6W50jaJ9tD+N3D2BpWp1ZunUQxpXzlCymtcsU17pG2C0z0raGr7XLl6nXLJnnhBxf+4NZswdQt20fP6ZCfs0jy/kPFjLTlHuG2O+pb/0m76zBhKuDuhbBQrse75qt+sJSXuk+583Edy65Yv4vYeJDw1lRruTk2Kibs07yYRiov2izt8TJk5176Z21pyta3zNM99guNOXPek+kYpyb+yIlMMgwK5fuhy277shMJeqverCya994WQbe/wB9gLSuiMNc1PHXaMnZFBKhao2axidOk6nzf5AqZKVFkXsnzqXR/YCyw4p6jl1rslzISQp1w57LITiudrmRCVLkhOufJ+JAWT5lZBEwrLcHg3pFmXkT1CUHOEL40NKxbcvdxlB/iTOH5TJbrFC2GP22RPEyMDHvsd6nKVEFGTXK1323aXTZL/8As8Xjtu0z4mcZR1uUNOwvMeLBqeS3PmjO5LZcp7nxviTjib2c+W++mASgp7Sj0Z7GmC/0DCrzdbwsbI3VNtqjN7lMm4rtNe507M4d4f0aPC+Fh4+j1WYl9bhkJVrZr9Tkietw1VIYvD8K8bha2mqDp9eMt16JKT5Wn+VnnZIrznHPW/TSN65QxHxm0HM1/SNP1vQMaduuaVfyThBLzNh42SKzMX/fUq2jXpn/AIe3ahdocJatj3490tpuq7vCT7o7PHjjuv6Mmp7ZSdLMAAAAAAAAAAAAAAAAAAAAAAAAAAAAAAAAAAAAAAAAAAAAAAAAAAAAAAAAAAAAAAAAAAAAAAAAAAAAAAAAAAAAAAAAAAAAAAAAAAAAAAAAAAAAAADANQpv4zws+vHz3iafdKdCsqjvKcYvZo4PKzTjvDWsRp5zs7DuctOydPxp4GC4queR+FSgto7I8W3kWjlMe5bxj20Ctfw8DxxlnaTHy8Z3KiTrSScmtpM9nxa3nxPyY2mIydNq+LHiTqnA2p42NhY1OTjZdCvrb9LiW8SLzMx+lb6iHOXFnE2ocU6m83U3FS/LVX0hA9XHjirntbaBs2fQ1lUqqnZONdcJTsm+WMF3k32SM7TEQtHt1n4brJxtA0PTrb6Lvo6kp+Xumm3s4P5a3PkvKtF802xu2sajUsU8e8ZU8H12ZErJ3Oe1Mub0wTfWOxv4VZjLVFvTmPKTjbI9+3tzQuMKPLRZJdXZJQRVZnteNGrTXTt3pfZEJWeDu9OcYpuSxlLZfKkSK2r1/S8ZVTk1GORDuVSja0nruS4yc66lypsBlydkMScuilz7NdyUKeBDl4gUe3mURf8AmKAt1HlzaOXd7ylWwlbNOq+Vb6J9UJIe4KKuXp3/AFEeyfTd/g7gvTtHWrTqhmUZNU6oQrUnZGxPrFpL/qeN8leZzTX9wvjjpkHFsrsjg7V/MthjuMLJ1Rjd62102Rx4NfZXk0v6cwJ8sVHt7M+uiXE9wl33e6LRKFfHscZRkpOLXZrumT7gbk8LPEjX4ZVOm/71VUHJTT7Hn+XvDTlVti/OdS2Rw9ZpNmu51+vVuGozca4ZCnvCGy/D099zw88xf/jyz37iXVG664M34e1Wy/JyFkUxioSglbHvau3MzDws3PJvJ7Tlx6jplkp8icmm4/bqfSRM7/041U1QAAAAAAAAAAAAAAAAAAAAAAAAAAAAAAAAAAAAAAAAAAAAAAAAAAAAAAAAAAAAAAAAAAAAAAAAAAAAAAAAAAAAAAAAAAAAAAAAAAAAAAAAAAAAACy1XIopoVeRZ5ayJKiPXZty9kAropwcerHxqFXRDolFbKKOXyP4blarCNf06rMnl499tdELLpKM+3K3H0tM+Zvbeeax6d0R+G5cfWc+FrVtbl5tmNlOLkvztS7n2GGeWGI1+nnz1ZvDx8hHO4E4T1KpWKOzgcfiRqYaZP20DP09PdM9eJc2nhqKactxsbC8FNOxdQ4sVmZdVDyI/wAKufe2b9onl/J5eOPTbDXc7dK2ToqjCyFFVaph1rjFRblvsotdu7TPBm9ep16dERLTv7Q3EjyXicOxrpVWM/qLLIy525/CPY+Ox77/AKY5Jc85cf4zb7M9GzOEvpWO551FCSaqjzSRRZm2O4zeRXv+HHm5JMJReG1CdEH+fAf/AJAcb71w0/Li95qEWVWn0jsCvkwJXP8A3LW3uERC6z06lpsa01vXPYkW/MquJ6eXry0Q/wD1QHnISjmzftGyFy/RvZgl44ijXTqMJ1/h5Nv0YkiFpj2Rls/cmkbnRaem3vBbVcy3Ov02/UMWrHwpSsqwL/S5eYtm4NHnfLY/y5xCcMsqUoX6nXi5Vd9lM3KVtShySViW04pfGyXU8iY46bNAcbaVVpfEOVTiP/SWS8ylb7uMH7M+j8HL9uKJcuSNSgYt7nYoneFOHdR4p1OvA0innvl7ye0YibxWCIbn4a8I9d4SzP3jrVdGThQhyW/SXfxKji8zeTHqG2L8bbYVofH1Okavl1ZuLLKw7cqdlPlvl5W5e6OTy/j/ALYi9Z/S+PNqdS3DpfEOc5q/GohzxvhJp9f4cu62PBikUnp1zabNh32R0zXIX5uVc9OyYxjCFkkqsefZKPy5M9rBebzWrkmOmXnrMQAAAAAAAAAAAAAAAAAAAAAAAAAAAAAAAAAAAAAAAAAAAAAAAAAAAAAAAAAAAAAAAAAAAAAAAAAAAAAAAAAAAAAAAAAAAAAAAAAAAAAAAAAAAAAc+/tLcS2w1rStI022VU8ZrJlOL7T/ACm2Om4UtOkt4ZeI+dxTg6hjarbSs3T64yjcuit9t2jyvlOWLURPTfD+SM8U+MsHQdN+jyHkz1lRm41uHSbfaTZ43j+FPkXmauq+WKR25mplOUpOT/iSk5SZ9VSvGsRDgmdy6z4F0bTfEHwu0nD1h2/TYs4tqqSW7S7HHSNZZif1LS3qJY14veGnDen4Mv3HivGyIV88Wpt7s6ucxKnHbna6KSi0mn7p/J0s20/AfW8PD1GzT8mONVkZFqdWROCdiXaUYs8b5XHaaxerfDMem8KMh3VZkMeM4KqyUIxmmt+q5X8Jb+6PBmI7l0NS+KvButZ+o5WsUQryK6anLK5FyyhP427Ske94Pm04xT9ufJj720bKrny6k+sN92ejaYnuFKxpL8Mp2ZGTkNboqlNaU3Zm6nF//wAdtIiVoKtoZekNc21uFy7Jb+7ED3xjXCzhzAtgm35USEofDlN6VCMpbxT6L4BVca3P+NpsW29qmgSi7bt9dU2+qhFP/AJXWXZvcpLpzVyimv8AKCUFl5Nl01KxtvYlVU05t3LdrZLcvjj8lLT0v6LL3rWNbTbKnJ86Pl2xfWMt+jNM/HjPKNwrR1HOr11WZ2fHMyKXy25qShzya2S2T/Xsz4+1t707YaM8YdIlharTkztqcJry6eT88T2fism4mrnzQ13s02+57LFtTwH4gxND11wzbYUOVsZqyRjkr+1qukeKtc0zF4Z1jPws551mTjWctVc009o/K7bGfOOWtrRDiHN78ylu991LvudNo6ZxOpbBn4iOXC0sLAhbRqdnlqdy/JyvumeNT4ufu3P8XVbPEV6RnFXH2ucS5GnS1C7kWFUq64UtxTa/O/uehg8WmD+LC1+TrXwj4vXGHB2Lk2T3zsdKnIX3+TS0aIZsQAAAAAAAAAAAAAAAAAAAAAAAAAAAAAAAAAAAAAAAAAAAAAAAAAAAAAAAAAAAAAAAAAAAAAAAAAAAAAAAAAAAAAAAAAAAAAAAAAAAAAAAAAAADzfYqqp2TfphFyf6IDiPxB1yWtcUarqtk+uTbJVR+IrojtrHGrGZ3LEMW/Khc1jXWVvpzcktk0nv1OfJSL+4aVnTLvEripcX5+HnvHdLqxYUPfvKSXqZh4Xhf4/L/acmTlpg9XosT2T3Z1TCkOk/BDiKGieGmrapZGu2ODJpR32b69jy81px5ZmrpiN1hiHiZ4zWcTYjxdO02WLBx282x9Udtcc27ljM69NN3T536dunRNHQze8O2WPl0XRscJ12RkpL8uz7lL0i9ZrK1Z1O3UGm6/j8T8KwyMWydmqVqNLknsro7pbtey6nyObDbFea2h2xO2ZaW8nKprnDHrhO6qUo2tbxx5bbbOPuMdtW2Wcjcd6T+4OJ9SxZX1Xzi366+3NI97xb88ff6c9o1JwylDBafRy3bOhC70Rr6zU5vt5LSIleFSbUcjhzkTb8jb/8hBK44kW3D+JCXflfT+5E+1o9Mb0+xPBUd93syVYVtXs8zKwPhVbkEo+9qWq2tLokl/0JRPtf3bLHpfb1oJ0x2SblJP26FlV/pVL8xOC5pfBpi/kpaOm2vCnhPJWE+I6lzZF8LaasedfaL6KyLZ5PyXlTN/qo1xU622bqnl6Vw/V9TgqeJi17pwacLbt9m9/ldkeJE76dDQXivql2dxTPFsr8mvEhGMYbr3Se7PovjMMUpycuWdywxp8v2PUYvta6oDZWnyyNP8LcuxWZFayYvlhd/t2KUkm6zgy15eTVvX+DW2TNdYwT5TutLAoe23yKiu1v1fYtobc/Z54unoHGFWLbY1gZ7VM4+yn7Mreu4TWXXRguAAAAAAAAAAAAAAAAAAAAAAAAAAAAAAAAAAAAAAAAAAAAAAAAAAAAAAAAAAAAAAAAAAAAAAAAAAAAAAAAAAAAAAAAAAAAAAAAAAAAAAAAAAGBgHjjrq0TgPIULfLyMx+TD9PzGuGvKyt51DjPPvd10uVbRX4V8I6LztnELamTiVhK5v6UpvqaT6VWneXUz0s3fwVXB+A3ESUqJuNvMudbNHl5+P38XRSfx20tkQmpLfdOfqPTYSt1Frfr1GkPKTTf2ZVLa37P1k5cXTrlj+biRondfy+2x5XyeOvDnPuG2Kf06bqhjfTRyaJyqqsgkm2229+z33PF3GpvHW4bT/TkzxvxJ0cWu2WHLEWRHzlBx2T3k+x6/g74zvpnkY/pFvlw8tdnBtncqr6DJRtzm1v/AAt9yFoVsmTV/Dc/ih//ALgl91+yU8PHrm/VGvsRK0emN6fLZNP2ZKF9NStysWS/9tpfqCUZXJyzrZfMiVd9pWyUZY9dfXzfMXT7ELMcb9c2/eRZRNaJRLKvxceuUVO66ME5PZdX8k1txiZRLqfAwsXTsHGshZ/pIQdePjQi3CEfhJv5Plcl+dpu6YjTHPEPWY8I8Mu/GhivLurUaXOLac5fm5HvFyRt4mGM2WsQi88Ycz5EpWWznbJzsnJylJ+8n3Z9TSsVjUOSXnolyoshsDwm8PMnjrUXHz3i4Vb5Z2pbtspbJxnUJiGy/F7w6p4Z8OlPRL7bqcWcK81Se7kt/wAZhTHM5ecrzbVdOcrek2jplm91te6JFauXfbsy0ShIYF06LI21T5bINSi/dNFvaIl3Z4d63DiHg3StT5t52UpWfKmjlmNS1TxAAAAAAAAAAAAAAAAAAAAAAAAAAAAAAAAAAAAAAAAAAAAAAAAAAAAAAAAAAAAAAAAAAAAAAAAAAAAAAAAAAAAAAAAAAAAAAAAAAAAAAAAAA85l1ePRO22ShVWnKUn2SQHHHi5xpfxZrdtnPKOFVJwoq9oxOyleMMZnbW9n40u4SNNpOLXwSK2R0rivsWlVYfn3+DOVnTv7NGHj53B2fjZ9FN9Fl/meTJHm5NWzztvHVIZL4vcN6TmcPZvNptGKo0uVdsK1FxcUa85raNK625Bn26HbDKXyKfffoJHSP7PmiadDh2GXdGH7zne7Yd91Dbpz/Y+e+QyRfLwiXTjjUNpark4eiaXdfd5zplP0J9VuvZNezOG9KxWY/wDhpE7lyT4p69brvFV1s7lfGC9MvhP8n9ux6/g47Rj5WZXntjuFdy879/LkjqQktCl0zZvovJC0KupT2o4e22TWO1/+Qgt6VtbaeRXF+9fciVoYrjy5bWv6hCJ9pSy7lxLPmPWL+AlD4DampJ9d90yzOEirHPLlKT3fdlV0J+aX6l2aY061U+VbOHMoTU9v0Zekb3CJl0fm6tkZNsp3aXl4VdtdclQmpVtOPSUWvxLc+UzVitpiHVHcIbjDScjibRcfS5uVFe8Z4m6TXnbdU5Pujbx83+PeLaRavKHPuqYt2nahk4WVHkvx5uE4p77NH0uPJF68quWY1K1T67mirev7PfGGlaEvotUvVHPa5Kc+xlkrM9wtEs48c+NcBeHl+Lojpyo6lYseeRTLeECuGYm+k2jrbla2L5t9jomFCEkQPqls+5Oxe02b7LoXiVXSX7K3EXl3anoF9ndfU0GWWP2vWXQJksAAAAAAAAAAAAAAAAAAAAAAAAAAAAAAAAAAAAAAAAAAAAAAAAAAAAAAAAAAAAAAAAAAAAAAAAAAAAAAAAAAAAAAAAAAAAAAAAAAAAAAAAA1/wCO2rPS/D3LVM1GzKkqC+ONyraenHeW3LZuXTujqlnpZTfq3T9iEvMH60tghcZaXImmn7MtIsN9uvuZStDfPBPFN/Cfhnp+fplmP9XKyTnTL5/nPJtu3kzFZdMainbBONvFfifiuqzHz76qMWfpdVEdj0Yxx7lhMsA5tzSFX3fljs2+Z9hI3x4H8W4un6HLnw98vHsVS8peq9M+d+RpOPN9jqxzuvFtvinFq4n4XyHKu5RlTOcK636pyXaUDlrM3mszHa3pxnlxcZydj/iNvn+U/ufTRrjGnN+1PDkk7W+6gZrpfSp8uPlb9W6yFoetVk5z0mpdHGlL/qRVORdaz6b69lsoxIW/TFoPbIlt/MWj0rb2vc6e2JZt7oCywvj2JlSF5Bfx5v7ELold/wC5ZmlsPZ1R8xpQ67to1w+1b70zzgXj/Ox7NN0fVdQnHS6Juuizl3dCZ5vneDExa+PqWmLJrqWx87UrfprMXLqaqrU1Xl1btWNPeO2/bueJP6dDSviVk15etwlyRhOFMYtwS5ZHu/G7jHpzZfbEkkz0mSvVKUd+RtMmBnHErq/4K09VOqS89eqMXD8j3SX/AHZxYZ//ACbNr/8AThhc486PQ051rKLT2ZSYWIy2fVEC4ols0XiUM08Otfnw3xZpmp12NeTanZ94PuhaOUEO5sS2GRRC6qSlVZFTjJe6ZzNHoAAAAAAAAAAAAAAAAAAAAAAAAAAAAAAAAAAAAAAAAAAAAAAAAAAAAAAAAAAAAAAAAAAAAAAAAAAAAAAAAAAAAAAAAAAAAAAAAAAAAAAAAHN/7U2sc2s4Gk1W+mip2WJfLN8UajalpaT0XSc/Xc6GFpWNbk5NnSNcF7fLfsiM2emGs3yTqCtJtPSvxVwnq3C2VXRrGNKpWfgtj1rl9kzHB5WPPG8c7XvjmntCwTUnu0ddWUmT0XZ7liFCcZwik0tmt1uZymG2dSxMKzgTQ8bCXmZvk7WzXV/KjGJ5WOY/ybOm38GsNY0rO0p1x1LDyMO2a5oxvrcG0enyhzaRu77LoSl8UZN9d0QNr+BmvV4OZm6PZ5VV+a4zw751pqFy9n8Jnk/K4JtWL1bYrN1c8r6lc77LL8WajONDaWN7vlXdpHz3KbdOnUME8TPDeOfw5n8R4KVuVW/MrWNWoxnV3k5o9bw/Jtx7Y3rDn2norl79j14nbNN6e+TByZbdXDYLwZ7i9Vw4bNxjXArVN13qMZZGb5NEJzm9oxjFNtmc2ivctIhBw0zMeozx44mS70+taqlzf4Lxkrr2zmk7edWjKqry5xlGaezUls0WiYn0ielthx2LSpC5jv50/wD4MhdFL2/UszS+Mv4VafZGmH2i/plvhlw1++9bhl5ELJYGNaulSUpyn3S5Tk+Q8j6q8Y9ytiruW77ce7PhTKiMK7rbfNdU30jUt+kdj5renS0j4wTuep4NOZp/0dqjZNbxSc4NpJvY9v4us6mXPmYA+VuKin26/qeuxZDw9whr+vw59I0jLyqn+eMdojnEJ0zbj/StT0vgDCxtUxM2nIosqjY8mmPTo0oQlH8px0jXkTP9tZ7xtXV99j0Yc5k9LN4+6ImEwouE5tciba9kikpfYNoQL7Em9+qXL7msKy7S8AeIXrHhzjQsnzX4UvppHNaNS0iWwSqQAAAAAAAAAAAAAAAAAAAAAAAAAAAAAAAAAAAAAAAAAAAAAAAAAAAAAAAAAAAAAAAAAAAAAAAAAAAAAAAAAAAAAAAAAAAAAAAAAAAAAAJyjGEpSe0Ut2wOHfEzV3r3GWq5qcnCdzjD7JHTEaqz3tuX9nbRLNP4SzdVuxtrs65Kmf5nUj4//wBReRztGLG7vFp3uWwuKdAw+JtFv07VKm4SXR+8Je0keV4fmZPEy69f3DpvSLRpyBxPoWVw5r+VpudFq2mXSftOPtJH6B4+aMtItDy8lJrOpRmT1g9pNxR0M1vVXKyxRS3cnsjOyYdgeCeFirSb96qrsvHlGv8AiVpWVpRR5Pi6te9p9unJ1EIvx9xabOHtRs1SFMZKrmp92mjq7i/TKY6cm8qS/wDJ2xDPZFfcaNq+NkXY18babHXOLTUl3TRS9YmNJh0x4O8TvinTJ/XzhVqNDUbrXsvPfs2fLeZ4s4c2q/t20tyqzTP1GvR9O1GMKZSjZU4Ri30lbLeLXwkYYcsUvMyWjcONMlL94ZkVFRTua2Xt1PosH/ThjPtJ0bx0+cf50kabWhlPh/wo+L+Pq8Cy2WPjRjvbal+FJGNrxGqwvMT7b44a4R03gbi269Y8rFZ1oyMiHM5x94L4ZhfnjvufRuL11+2ZX114uu491OPj12ZG6ckk5yXfeXwu50ca8YtVl3PUtX8W+ES4teTrGdn/ALvrhO11wqpTc0YYucbvX00tNeqz7aA1/h+3h/Vforbqr04RsjZV2af/AGZ047867VmupRko7ZVv2gy+0IiK6oszStDap3XfZmuGe0XjcN++D9eJi8KU1YrlZl5dTnZOqD/G/aX3Xyj53zs3LPb/AE6a11VS4w4l/wCH9InmX0UUxyZur6d2c12S4vul+RGHjePOe3Gqb24e2gtd1O3WNVys+6Pl+dPeNak5KuPtFH0uHFGKkVhy2ncrFbGyjtfwVzcPL4HwqdNvprrdEYfo0vUjlruLTtrLGP2jJ038LxwfPjlZdFbunyWdoRYtaK3rBrcTLliuPXumd8MJLe27fsLEM00XSZYGnQ3mvqcmPPcmvye0Ec17K5LahX4iwcbWMK2WLRXVmYsd6+RbeZD3i18laW0wpeYlgdEtn0/wzprLqb5/Zd4ieDxXk6PY/wCFqFXp+00Vyx+01l1GjFcAAAAAAAAAAAAAAAAAAAAAAAAAAAAAAAAAAAAAAAAAAAAAAAAAAAAAAAAAAAAAAAAAAAAAAAAAAAAAAAAAAAAAAAAAAAAAAAAAAAAAAGMeJusLQ+BNYzeZxn5Lqg18yJrG5RPpx1wvod/E/E+JpdEmpZFnrl/LH8zLeVnjBjm8/pFK7nTsvQNMxdPx8PTsJOGNhVqMUn3SPjPApPneXOW36dt/wokdSxfNj5lf44918o9L5n43/Ir92P8AlCuDLxnjLU/jHwbVxPoqyMSvbVcbd0yS7/0M8/4f5H6b/XdvmxTkhy3bGdfNCyLjNemUZLZp/DPtqW5RuHlzGnjBjzZ+NDd9bIro/uVy9VmU09t08Zca69w5Tg6hpknh5Em4Nygtrl8yXueX4Uc5tMujLOmq+LeNNe4qvc9ZzXbDffy4LlgelFIhhMsfgk31/D7mirZWk+DXEmbg0Zd08DChbWrVXfc+fkfu0jlyeZWk6a1xbS2P4HanZeo2atiV1v8AMqnI5p+R3/2tY8eWyeEuBaeDeH8rTczKnbdfP6l5EKtnsuyPN8ub+Tbc9NMePUdMh4p0SriThmnHhC/GVnJKFtSSlPd7xi1/lj/E3FZiEb1M7lrDC8F9KyNQjy52p3VzUrLZxcNoP432O/nkr1pGqyn8TwW0r6NVu/N87ZW805xUa4+25EWyW/8AKd1qzDg7h6rgzSJxwdNts1a6znttU9/Pgn3TK2t9XdvZO8npkmHXbqEb45mFOWPVb/AWQ95zs/n/AKYm03pmiYj0z7oi9Wsz9R1CzDhqldE6dpWY2PUnz1LvtLvv9iLY7THFNbRE7S9WW7NY+k5r0sWClGPZPp0cn8PtsMVq4/wtKLRNvyYFxhwZovFPFeBi5+NlrP8AIcrcnFgq4W7Ps2VvfdvwXrGq/kh9U8FuHsSd0/8A1eba2UIWwItbLVavGyFzPAPS7M2qnAztTSlV5jclCSiK5cu9aVmlYW1PgV5k5eRquR5FVnJNzxjSubLG/wAVeFWysPQKsOq3GxXXRfe2qJODXIuXY8O+GZvymfbf9NfeK3hxxHxLn4E8KrAcMel1OXm8rkeh4V48bcXhlek27hqPXvDbirQ+eWfpM/LgnNyqmppJHqY/Jx3nUMJx2juWIbPfc6Wa/wADUc/BrnDCzMiiuT3lGq1xTI4xJtm3hrXDUa9VrzFXZXKixWTtblKTcXypf3PP8yON62dGKdxMMAqeyXs+zPTrLnsmOG8B52qx3ipUY6d1m/ZJdv8AL2RF50qzrHhkSc8i2rmtaUnJvp//AIclpct55yq6jTPHjXnYdSjZCzmbS9n8orFtqxLCuL9NhRlrUMT/AJPLfN06+XP3izppP6dGK++jgzV7NF4h07UapNSx7oz/ALGs9w1jqXe+Dl15uBj5NEk6b61ZH9GtznaKgAAAAAAAAAAAAAAAAAAAAAAAAAAAAAAAAAAAAAAAAAAAAAAAAAAAAAAAAAAAAAAAAAAAAAAAAAAAAAAAAAAAAAAAAAAAAAAAAAAAAAA0n+05rf02g4GkQl1ybHdP9ImmOP2rLE/2bOH/ADs7P4gurfJSnj47+ZPueD895OqRhp7lvhr+3Rmm43kUdd+eb3e5r8T4f+Nh79ynPk52Xi7HqsUTqGP5U5Wwj/Dl+JHyXy/gTgyT5GOPxn27MOTlHGWgfHngCPlz4i0aneXfLqh3a/nPT+I+Q51jHeVM2Pl+TSfDFH1OuYLg4bRvh+Ps/Ue5mtrHMuWsflDKPFrJuu1Kr6uasucOdtS3Xc4vj/Uy1ztdzf3R6bB5U+VpxfVNMgbcx/HHXI1VwtwcCflwhBtQackjz7+FFp3tvXLpkvDfjVZqGZTiPQ6LbLJ7LknI5M3ixijlMtqZeTZK17Jz7rVLDdU8evnthRdF8sE3u+q3POnyWtaxrtY3+I+g6dKeNm52VjzjVGMYyimoL5392dmPysmSkcYZ2pXfa2/+p3B0M/GSzXOLUlY1BrZy91ym9PIvbuYVnHCYu8QeGn5K03WMee8PLm7YyXpXbuu4+2ad1Ipy6llmk63g6vi0LSbPOhOEtsipJxh07fZ/ZmlMlM2qz7UvWa9q+NkRxsJ0u1V5eye1r3lzv52+TS0UwUnSI3eUVbmfR2VyzpUU2xs57MhLZy6dEorq3sJzRNdyRSdpDDuUsx508SxWZzVce21dUe0pCta5d3RO6/ixniLWtOwNU8rUs2WJj4r56cqT6Ob71P5/sc//AErcatY/KFpn+JXCkpVzs1+Csg026apuK5TS97WmOkRTSNyPGHhTH5JrW8qyS9LVOKkpIt9l9wrwhZ5fjxw9XKSrWfOhv2qSY3mnqDjT9q2ieKGkcT52Ph4EMhXzs7X9F+j2ODNXJT+cN6TE+pZjkZudy2Wwo0+FFdjhbKx2Lk+ejRT7ZjtPGPTTXi94i6toOrZ+g1YmBasnH5/quv547c0D0cHjxfV9ua+SY/GHP2/c9PbnZFwZwtqfF+qR07RalK7l5pynLaKK2yRVMV23RoXhBq/B1b1TUNRrthjctt9OGnKcV8o5PKictJ01xzFZaU4swVp3Euo48ZynVC6bhKUeVuLe6bR0+PfljiWWSPyZLwdiW42nTflyjO1qc3KO20PYXlz5b6jTJ6KXCzkc1KEoKUor5+Gc1pYR1C7sl7bLqU2hjudiU0yzsbPW2BkfmX5Ze0l90zasrROmC6ngWaTqFmLZZzpJSjNdpxfZnVS23TWeTsTwD1qGseGmnrn3twm8aabM7R22hsUqkAAAAAAAAAAAAAAAAAAAAAAAAAAAAAAAAAAAAAAAAAAAAAAAAAAAAAAAAAAAAAAAAAAAAAAAAAAAAAAAAAAAAAAAAAAAAAAAAAAAAAOUPHvUbeIPEeWnYjdjpcMSqP8AWa8opTcq63LoTgvQKdD0LT9MorjGOPBOzl95+7PkMGO3n+X9lvVZdczwqyuJ9S5gkLa1Ktqa3TKXpXJWa29SmJmEBeljXWVWKM4NPbmW6aPhctL/ABvk/wCv09CI+2u3N74M+j8XMvFotpik/rYRb5VCEkz6v/InJ4nJz8IjJqGzPDvhfStW13O1TWIU6rfhRqxK04qUa/QmzXwuqKZe5QHjxwXo/wDw9m6jj6dRgZGNDnrnVBQ5zq5TyYzDl7fqmdCj3CPMnzNpP8xOhtjw28UNZ0ezA0erG0uWMmqYSeOlN/rI4/Kw/jNqtaW71Le+dqOpfxMzEjTTqdb/AIqcU4WwT7J+6Pnoy358pnt1xMTXUsA8QuL9bnomVjZv7nrnbSraq1Q3K5KXqSl7NbHZg8jdoi7K1Y10w3F8b9T2rhZoOizSSXWo77eNG97Vi6Uq8bMhWQVnDejP9IFJwT72vFtprg/xoxr9ehDUNOxNJxZJqV1Kbi3/AForOG1NWg3ExMNp8GXY2sZWRrc9RxcpVpxqqoXLXDb833ZTHbnl3f8ARf8AGsRCYxeJcDVE4UN3xbkreWHpqUV1cmztjLW9WXCayxHO40w8/QboZ+XpmNXZKUYQybXXsl2kcFc1+6RDaaR1LTmV4haLPPuq1HSFr0apuFWRbP0OPzCLNI8a897PshSfiDwjBW78CYstl8xJ/wAe+/5J5xpaS8Q+CLORPgDGX6OBP+Nk/wD5K/ZH9Ibjjibh/WtHqxtC4Yp0m+FqnK+LTbXwb+PitS3csslomOnjwjsoXGVccnHsvjOPKpxsdfl/1FPlNfT2t49pi22/eJ+IbI6Lm04WFTRLlVdM723GU5fJ4dbxMxEx03m8uVNe+thq+VVqsm8yqx12R5uZRa9l9j6fDFYpEU9OK07lG823Y2UbP8BuK8LhriWxalaqaMrkSufaLTMctdr1dDcXeJPBmmRzK4atLO1K2rylRjPnbbRFuo5EObuLdK8/i7T5zqtrx8ymu2crXu3stp/9UZeHk3i0nP1bbLczM+pzqr7VzqFflxhX0ikltFIvaXmzPK0zKU4Y0+jM1HHwsiyVSv8ATzw/LI4/JyTixzkhbFWL3ispzVOBtYw93XXVm1x3TnjvZ7feJw4PlcWX+TpyeFkr6YjqmDPJxrKZPy7YrfllHruvZo9OmSLdxLlmJrOrMX13SZ6jgTx+VPUsKO9Uv/dr7tHVS/a9LcZbM/ZO1mVeVq2k28zrthG+CNL9uyHR5RIAAAAAAAAAAAAAAAAAAAAAAAAAAAAAAAAAAAAAAAAAAAAAAAAAAAAAAAAAAAAAAAAAAAAAAAAAAAAAAAAAAAAAAAAAAAAAAAAAAAAp5l8cfFvum9oVwc3/AGQHN/g7oa4g401PivNp56Me2c6W/e2TPH+b8v6sf1w1w03LfeDq2Ar6sSF3NkW8z2S7NfPwX+KrTF49Yj3K+bHfczMdQlefa3l+T099sFQsgZAx3iPLrohK2bhGMF3kfFfK5v8AK8qKRHp6Hi06c/cJZVfEviLxBxHmydWn1bwlP4ogvUe7lrOOlMTPlEzazENB8VtY4Z4t1fVNIjVdhZ97m8a6G0GvZnrYMXGkQ5L23Kw8RPFHWeNKZYt8IYuE5JuuEm3I1imp2rMtf9EuxpCr6t5LpvsSK6bXK4txkvzLpsTaNxpHpv8A8K9ceuadRiOuyUsOH8OqG8tp/Mn77nyvm+P9eWenbS34s61ilQxrXjUyefgQd1dU61bvF+mcORv4bOasflCZcn61TXi63k1UzU6o2y5ZJbH0fj3m+KLSwn2pwk5XQS9ky8rVfaXJWsmY6I9sk4T411jhay2elXwULVy2VWwU4TRjfDW/a3JIrxd4qw8i942VRCFy9dXkR8v+0SseNQm7C9e1fM1nJlm6jfK/ItlvKT6L/C6I3rSK9QpadqWJLqiysF0koX7Bf9LCp+uJLNf9HWm32L4/aL+m8fD/AIUx8DhWnVqciyvUZqFspQhuoKXeDPB87Pa+Wa/qG+OuoXvGWqUabomRPUKFqM4bzpn5yjBdOifycuCkXyRWF7TqNucrLrLbZ2Wyc7JvmbZ9VWvGNQ4xde+7LIfU+mwF3pvmRy6nTFtwfMkvfYTG40mG3eM/IycPQ9Yrc4QnQ41uX41v8/K79TyfGmaXtja543XkoaXC2rHoTcbcTduElu+u3uddnmz2ntKveNnY9633rsjLc58leVJqrSdWiW+o8s2rN/TJc0X9mfEWrxtMPooncbhh3F+t8PLLpwdZxZ5ErYqdeRBKPT5jP3PovjfhfkM1PswuLPmwx+N/2w7i/hKFGJTr+gZbyser8z/HH7HX4/l5aZf8bya6u5cvjxFeWOekR4Y5K0zjKrVcWt00XySup7eXPfrt9mm2evEq4cm/xl1Knvs12ZLoAAAAAAAAAAAAAAAAAAAAAAAAAAAAAAAAAAAAAAAAAAAAAAAAAAAAAAAAAAAAAAAAAAAAAAAAAAAAAAAAAAAAAAAAAAAAAAAAAAAAGJ+K2bZg8BapLHaV98Vj1fLlPoInXci04P0OvhrhjB0qEVzVVc9zX5p92fB+dntn8iZduOuoY1CSvyJWV1KE7LZS5d9k2veT9oo9jxLWrFcdXfkiIr+TZ2BGx01XX2QnJwTk4dmz6Csb/KXjW1uYhfRakt0zRRbZdnJW0ns2u/weV8r5v+Pi419y0x13Lnjx2458pPSsKzlss3r5vhe7PJ+G8Kct58jI7s14w4+Ee5QOBjWcLeC+q5M+dZOXBYlbUknvN+o9W8/b5Lm9U005m6dnYMYPLx76YTW8JTg0me1WYcko97t9+vwWlBt15V3+RAq0pR33ZesIe6VOc1XCLcpPZLbdsi1ojuUxG3QfgVwxn6HXlZ+TGbllQXNjRs5HXDuptnz3n5oy2iKfp044mI7bezMeOoYFmmYlsqL8iqUvOa3aXbZy9zgr+eqwvPXbiXXa3TrebS3u4Xzi3vvu0z6HBGsUbYWncvGGt7Z9O0GXstRWxutk39hPoj2pTWyl+oSscrpcTCtnmx/w6/1JRK5xn2EkPORLeu4hP6WlP4iyqXwafqL6KOXmdtkYbfO7SETxiZgmHVeJgZ+Lwvh4s7IVUY9ipsjB9oxXY+Xve1pmzqjUNP8AjrrdPmLRdOcXjuzzrNken8Zh7nJLHLLTnue253qIHtbfHUkVqIzlbCNSlzt9OXuJnQ3tpmiZOr+D7xNSqycXMo5p0yur/lba2XfseTefr8jk6NcqaYjwXnu/FWHfYnWnzQjzbcsjsmHnZY1O2St8jlXJ78v/AEZjLFtPN1qf/wBMXnUWbXqlU83unvsfP4PDjJ8nXFb1MvWjL/8Aj8mCcL308QYS4b1Vpy3dun5TfWm3+V/0yP1DyMX0W+/F+vcf6eXSeccLJDgC+yGZn8O5rlCvKrnX5U/yWo8T/wBSeJXNgr5uP+VG/i2nlOK37YvF2aJq9OTGTsi5+XbDl67J9TzMV+dItDL1LpvhbU8fVtGxsjFtVkeRRk/ubxO3ZW3KEsSsAAAAAAAAAAAAAAAAAAAAAAAAAAAAAAAAAAAAAAAAAAAAAAAAAAAAAAAAAAAAAAAAAAAAAAAAAAAAAAAAAAAAAAAAAAAAAAAAAAAY/wAT4VOp52nU3dasSz6qcWukpL8J5fy3k/Th4x7s0xRuVSEt4qU+jl1Z8XXt2T/UMSloV/1ttl3LHEUnKa5n/Eh3cUfQeDM6i1unTfNE11Htk2na5TZpsLJzqhak/wDTx7rb2PoaZItG4lxZvFtS+v1/aaxMjzcKrInDy/Mgp8vwTkzVxUm9vTmtTVuMMV481+nROH87OybY1xhBo+S5W+Q8ndvTrxVikblyDpltnFnG1E8qt2q6zdx9uVdkfV8a+Ng1Vzcpy5Ny3bn/ALtz/FLhTgy90W0adB5WRW48qnfytwg2cfhYtzzla9v02l4h6dVqHD0q87BxvpuVxkp7PdfY9GevTFwxqldNWqZlOI3LHrunCtt7txTNq9wpKnQnGb+Nvc1iFXuxrslsiwyjw4xMjP4v054lML7MWav5JvZNQ6nD5+ThhmWmKNy62xcym9R5qLVTZvBYs6ko1/r/AFN9Uz5ysxrjP/w6dMP8V+J9Q4U4WduJZTjXSc8WOPat5yT94G/i4bZMka60radQ5PyE1d623Ntttn0E14xphE7XWnx5p3fasyu1ouNPrbslt1WzQt6KR2o31vZ9PcisrWhHZfSwtVSyla/TUWhWVxT0XQEKdr/g2/qgSo0dyZQkse2VM4Tg2pQakn8bdSaRudEup7My3Nq07KxYWTryKq76ozhvGveO0mk99z5S8TS80/26o9NQeI+hZutQt1nGxoReHUoXVw964/nPT8Dyfrt9dmWSm421PJbz6nuuaX1CB6TS7kje37MGHpt+qZV+XXTZlK1QjzpehHPl/lppV0VxHptmdgZ1eVGDra3o9fLJS+z9vcyzRHCZlNZ7cbavhT0PiTOwL4yhKqxyrinuvLfXuWxWjJjizLNTvTNsDMoztNV2yjbWkrJbf9SJhw610yzSZyzOANcwYLnnQ43xS+N+pwV1h+QwZrf268P5Yb0YFGy2m2FlT5Zxkpwfwz9MmIncS87f7ZzqGQrtc4e4jxko/Wyi7lH/AN+D5ZnjZKb8fN41v1EuqJ1euSFPxD0mFOu51VsH5c7PPht06SPiPjcvLDEf008qvDItPDji+7hXX7MNSnPCm0nX32PUif2pW/F0ziX15GPXdS1KuyKlE1h2KgAAAAAAAAAAAAAAAAAAAAAAAAAAAAAAAAAAAAAAAAAAAAAAAAAAAAAAAAAAAAAAAAAAAAAAAAAAAAAAAAAAAAAAAAAAAAAAAAAAEXnS5slKO3XufG/MZ/t8jjH6deGuq7U389OhxYMs477hcc1OcWj1vLvXPnxxjn0pWJrE7Y9K+OLqNlUqoqGTd/Gs5PVCO+y/szq8LyLY8k4sn7ehOOcuKJ3/ABjplGo2QVbjJpQgt2YfOeTymPHq8zBWd7cpeO3Gt2qZz0ehryYvew6fiPA+r/lt+2vk5Ij8KrvwF0VYv13EWak6MSiVyhzpc3Kdnn35TGKGGONRtqbU9ZytR17L1fzLasm++V6kpvmg2+nqPRwY4pSIY2t2n9Z8UOLtU0r93ZupysqUOTzNvW4l5ortg8X0S+CYQuofhil+prCHixJNbbqXuJGZeEl0aONcV2z5KuSfM37rlPO+SrvBLXFOrOpcbWK3qy5VO3D8lSourSaS969k23JHz1snG29unXTn/wAb4ZM+L8nKsnm3YjlF12W78kU/yRPe+PmJrMufJEtWZclPIcktm2zuyKVXGnfjvS96znu3xvWBfytx329tydK70kUo5UWnsrl7duYpMNInaA1CEoXcslsy1VLqFy2jU/1LqK2N1YIeLVtj2v8AqRCZUqO5ZWF/ipWWwrk/TJpMtj9os254Q8WWLiHF0TUnk3wTdeJfVZ6qYJN8qXujz/kPDiP+ai+K8z02JoThk4+XjPGm8PUabJLGUkpVVtvd7yfRe541Mkxl23mPx05d1bGhh6nmY1M/MqqtlCE115op9GfUYbc6RLkstI7m0KvUnsJF9oet6joeasvSsmeNels2uzXw0Umu0xOmS4/iLxFkcQaVqOtavl5VWHfG3yubaH+DPLj5UmFqz2z7x4xsfyNG1rA8iacX/tQaUoWepNnD4N4iZxS1yxv8mGcP6pCm2uyly8mxr+F3e3ujttVwZafuG2vD/Lro4hq5mp4+fB1Sr+UeT8nim+CZj3C/iW1fSF4y4Yy9B1S9Ou2zT5S5qcmMd48r/K/hn1fwXzmHzvHrW9tXhl5Pi3x23EdMh8NMGWraZdiXQ/gYWbXl1We2/wCZEfPedi8Ok33HKY0v4uObynPFfG5pYObHdbqVMv8Auj4H4fJq01l1efXcRLWGq4qnGV1G8ciFbSnDuz6OsvNj+pbU8C+NHOiOjalfC1rrTOUjWs6nTpxX1+LcZo6AAAAAAAAAAAAAAAAAAAAAAAAAAAAAAAAAAAAAAAAAAAAAAAAAAAAAAAAAAAAAAAAAAAAAAAAAAAAAAAAAAAAAAAAAAAAAAAAAPOVZ5VMn7JHP5eX6cNrrUjlbSJ77yPgpmbdy7DuQPk47p9uqOnx4idxM6FpiYNWNHk3lbOcudzs6tsvk8mfti1Z9NL5bXYj4s8UVaBoORLz+S2cJdu5p4OG/k+TysjqmOZlyC1k6pqa3jO7KybO3dttn23WKnfqHnzu0t6cdaPn8P+G2m8K6TRdk5uopWZnl0byhUjysEfbm52bXnUahobNxLsTJnRkQlVOD25Zx5Wj26y5VryptJN7slCnLbfsBcU7S23eyLQPs0nPouiJF3o2a9O1THy4dJVS5tzDyMf2Umq1J1O3VGkZWJrOkLL0POuxcnmVjou7KUus3E+PvgmJmJ9w7Ys88b8O4vEHDeRpbteDkZU4Wwpm1FKxJqCOrx81sM7lS8RaHLfEGlZWiaxk6bqMOTNxbHXZFPdJn0VckZK7c+tKelre+1f0Gd22JbS3qyJx+5aJUmO15VYmlu3t8/AFLVt7FXKXWaezl8ojSZlH3raNX9y0KyrY0dupEph4u/wCTn/8AME+lKjsSqu6YttOJfH7LemzPBjSrVrteqNwryNpQwY3raFz7Se5wfJ+R19ULYa/uW3MqyNV0cOymyMo0yldFS2XN2a3/AF6HgRE/t0bc7+IlVNfEMYU4ksK1Urz8dvdQlu+x9F8bMzi7c2WO2MSg49+x6WmTxKL2Tb3TIHhPrsQNheE/h5bxxqlatyYY2nKzksl+eXykZXvrqF4h0hqfAOBfwPm8N6Xl5M8XHg61S5KTb7x6v7nFbD9d/trPbSLbjjLkjJxMzRdYt07UIWY19FrjOEunJI7omL13DCY/UthcMazdROqrJUq5/lnv+H4aMMlImJiXJavC24bA07jbVtPaqy9smiX5bEnzI8jL8VjtO8c6lvTzMke+4ZhoXG+kZSVFlUcKe/TZeg8vyfjfIjuZ5O3F5mK3XpecaU16rwvkPEuqslS1fH1d+Xuc/hWnDnibL+REZMc6aiXobfbZH11XiLvwz0ezN4yw/pOkVb5jbXaC6tm0tscbs6gRq7AAAAAAAAAAAAAAAAAAAAAAAAAAAAAAAAAAAAAAAAAAAAAAAAAAAAAAAAAAAAAAAAAAAAAAAAAAAAAAAAAAAAAAAAAAAAAAAAAI/W8qnFxI+dZGDunGqvf80m+iOTz8c5PHvWF8cxF42s6nvBJPqu58H/p229qgQd+/YbQs9Tzq9Pwbsq6Siox3W7JivOeFfcr1rylyB4q8WW8Sa7ZVCbnj1Sbl/VM+2+O8KPGxxE+3N5GXlOo9My8DuEqash8R60lDCxKnfvbH0RJ8/L6w1UxxqOTongvUKeIeE8XVMRQlDOi7N1PrF79jfx8P1U0pa25c7ftO040ta07IhJTydpUufZzijpxe9KWaS32e/wAexsqpvv2A+w3329mELiT5Ul1/U0gU3u5JbFJkhvz9ni/Iv07UaLaqJ4VNkVOb/wB1RfVxieD8jSKX569unHO4bhedpjwKpTsrjiczjXOfVNpdVvL42Xujy7Rv1620cfccapfrHFeo5+VKM7rres1HlUj6Lxaz9e5YW9rDR+uVZ/8AAtdpifdTx3GatX9xSyb1/a1qm0nt89UaMlTNtTqrgur7kJWeR+Gj+5KJV6OkG/sQlTuX/p8n/WIJ9KGP2JVhfYsJ2WRrqTlZNcqivdsmk6nZLpuOn6fp3AtVUsaNzx6YOxVS2iveTW6R85e32ZJvLojqEB/xVoPDOjYuqanVdZqV8Jc2F50350l1g38RGHxr5raqWtFWjOJNbyOIdczNVzYVV35U+dwpjywj8JH0uKnCunJM7Ru7l90bQgkt0BQa9RUbG8IOPquDtQazoOWJOzzFJLfkkZXpudwvE9abI46/aBxbaY4vB+mqDbTvybltzL4ihNItExJyQHi9o8OJtHo420WCnROiCy41xe0EvzNv3Rx+Lk+u/wBNl8ldxyau0XKtnlxhOzmnGPojN9Jpe36ndaHPavJsbRM/95YKqnYnKO8q1zdTnmHJeNTpdwb5OzWz2M9KL3HysnFUpU5FqTTW2/fczthpf+UL1vNfUrXOdlWPTKEuWy18qj9vlm1I0f7bO/Z/ycGeXrGMuV59UK22n+Vmta67dHjx+O250XdAAAAAAAAAAAAAAAAAAAAAAAAAAAAAAAAAAAAAAAAAAAAAAAAAAAAAAAAAAAAAAAAAAAAAAAAAAAAAAAAAAAAAAAAAAAAAAAAD7Ac8/tLcVyhqWBouHbOFmI1lWzX5Z/lNK13E7R+2w/DriWHFHCuHqVcYq2a5Lob9YzXc/PvN8efG8i2N6FZi1dsr3ZyjzNrfaXRd2xJDSHj9xnHD0+em4s9rrfQke98L4XK05rwZ7/XTjHuWieDeH8riLWsfCx4SlGye05/H3Z9Nmyxgx8pcVK8p02r4365DQNAw+BdClCFEIJ59lU+kn/7ZweHinJacl18ltemr+GuO+I+F6LcfRNTtoxrHvKh9YNnrTDDaL1nWtQ1zNll6rkzvva23faK+Ei1K6RMoxstI8Sfx3Ki4prbipyXQvVEvc5uMOTpy77kyhf8AD+mX61quPg48ZuVr6uEW+SPuzDPmjFSby0pXlOnTWi8Gy0HDwMPh7HjCM62777W1aptLmcz5fPlvmmLz26q6rGkhxNqun4PCmdiax5McLy39JBVtu5pPeSfzzFcdeeqa9E9duR8yfmWSnttzSb2PpopwpEOb3K50TZ5c18wM7tsSSvgpxlB9ehnpr7RcqPLTXZovyZcEfZPmsbReFJfcpdaF/STCJXFMf4DbISo5PTAXw7BBPpSx16WFYTnClNeVr+FRfb5MJzUVZs3tL8vb77FL7is6Wh0fpuo48tGr03I0l4DcNoV3bttJ/D7bs+cmeMt4hrnxp0m/V756li1pQwoSVib7x+x3/HZ4x24W/amWsy0zzLdI9+HK9J7Po+pMSK1bjyy5lzNosLZptblB56+yAqRW8Ob37dGBuPwAlqWdlZ2mLFjmaRKKdqvntVTI4POxcoia+2+K39rHxk8L8zhCderafG23Srn65qP/AC1nwb4bWmv5+1L630xXRNQTr+o51XZW15yXu/aS/X3L2qwy032z+mcb8ZW0S3e/rr94GEw43uM9vxPZL5KSLDUcqONHJvls6q48+0n1T9jWkHudKn7OWvvC8TqHkTcVqCnVI6Zr+Lup+PTsFGbQAAAAAAAAAAAAAAAAAAAAAAAAAAAAAAAAAAAAAAAAAAAAAAAAAAAAAAAAAAAAAAAAAAAAAAAAAAAAAAAAAAAAAAAAAAAAAAAHnJujRj23WNKuqLnJv4SA4W451ueucUajqVvq866Tin/L2R061XSjNv2eOKI6ZxJfpOVNqrUdnV8K1Hznz/iTkxRmpHdXV49/+2XTEGlulLfpufI11qNS6ZQfGWu4+h6Pk35M4xVcHKW50+L49vJzRTXS9dRHOXI+pyzeMuIbcuELJKb5aYbNtRR93jrXx8ep9Q4LzOSzovwi4VwOFPLxbr6563k1O6cYvayur9DzeVvMybn+K8xGONLjxD4E4b1TT9TlkYlePbODtoy6k42eb/V8no0rGONQxmduQboOE5QltvFtHXHpm+w6Vdvc0rCFGx7NLcpKXiDfOunbqQL5TUYe+zfZPoaQhbTe7fVlZkhsXwH1+jQOOKb7sfz7Lo+RX6tlHdnnfIbjHy/pri/p0vpWr15FeTXbXbRQrLK6ueSWx87jyTTrbpmNtNePup3vU8bR8WGM8CGIrYOvZuL/ADns/G4az3/THLMw0dmfiWy2Xsj1sjGqvo72zUvmLOazoxpuUF0f22KNERq1yjF1x/G+/wBi1YUvZE1LqaSyhVyuttS+IAld1r/TMhMLXOf+jqS95tiPZPpTxewRC4xW/Mi4tprtsTHsdF8B8WaTxJjabjZtsMfUcWp+bj5Nu6vsX4eSUvk8byvCnHblrprW7JdV0C22FlNihNX2JPzJr+FL7yS7cuz6bI4uMzP4wvtz14ucK1cK8UvGxboW498FdBLvA9/ws03pqzmyRqWFye0Yo7mb7Bpv3LQPqj1abXQCjJbMrI91Ab1/Zu4jwNNycjBzMmFE52eYvmRjkr+UWXhurjLivhbT9Njp+o6pj3y1SarjXbtOP62JflM8tbcZtCa+3PviB4dZGiWXa5w6o5ml7eZZjpJuNfvOKXesw8byoyRxv7Xvj0gOGM6cZ1uuErMeUX+Hu4/D290dFnDlx67ZfNwnG2NEOemcFPmfsin7c+2B8dZ0ozr09T3ktpW/+EdGOP21w0/aP4Uz5afruBmxezovhZ/ho31uHT6l+geBfHJwqL63vC2Cmn+qOdoAAAAAAAAAAAAAAAAAAAAAAAAAAAAAAAAAAAAAAAAAAAAAAAAAAAAAAAAAAAAAAAAAAAAAAAAAAAAAAAAAAAAAAAAAAAAAAADCvGrVHpPhnq98JuFtkVTFp9uYtX2iXFU2pQfVOSOj2o84WVbgZ2Pl47cLaLFZCXw0zHLSL1msr1nTtTSNfx8vhvC1CVkHbbRG3p2UnFbo/OvMp9OS1Ij1L1cWK2WYaX8VcnUeM9cp0HB53XQ1ZlWRW8V8RPd+L4+Li55Pcq+RSJnjT1DJNN0yHhpwTdm24Us7Uao+mEINqDfdtnbzt5luM9Q5tRi7hprh3xD1XS/EKrirU7rMzIe8L4ppc1TX4EevjwVpXVXLa25ZTxt475/EOkyw8XAWLNprncuiE02bade8o7m8elBxfJEvE9C1k/V1M5CptMiErqXVxSW5qqpybcktl07FUrrSct4OpYuUurpsjNL9GY5qc6TVes6nbsK7Kr1Lh3E1LTKqsvAVfPyVzUVF+77dZI+QvyieFv07IQFvCmj63pePjZWkTipx8yu+Fu1skusoP9f/ACdGDPOOJ4q2jbRPivwhPhfWm8fFyaNLyOuKshxc18xezPb8fyfsjjZhNddsT0x7Z8Evg2svT2mMvIjRS2utj/AikNLTpB3warldN/8A+mkMJWdAIVMj/mKv/iIJX8OmMFkfnbLFx17uUmIRPp5xCVVXEf8AFW4hK7k5X2URojOdq9PLBNyb+x031x7ZR7dKcKtZei4MY5DvhgYycrm2ozfdc8e7aZ8fntHOZh3VYl4x6RZrGnfXV4lML8Wp3XWQm1Jr9GdXg5+OT/yzyV6aFabX2PpHKKTXYQPUWmluWgfLoRS3T3YkfK10W76FR7XSaafVdmmBPcK4EdU13Ex8jmsqnL+I5S6tEZPxqmvt2NpuDpunaZDTqqpwqpxlYpqLajLbquvdHnT4tJjf7bc5aq1vhjTrMKOscIZKrrya3blV0JSjZB/mS/LN/wAphj8m2L8Mq16ReOmEx1qnScLOk4Sji7OClNbS3O6tovPTzL+NbbV99ksnJtvs3c7JOR119OiteMaXGGmrNl+peJTLv3gnLpyuDtLspuhavp4R9L3W6RztEoAAAAAAAAAAAAAAAAAAAAAAAAAAAAAAAAAAAAAAAAAAAAAAAAAAAAAAAAAAAAAAAAAAAAAAAAAAAAAAAAAAAAAAAAAAAAAAGBgPiFqulUZteBrGRi3V2wVkcG2rzHP5aRyZ6ZbT+DWlqxHbCs/h3hGzBbysPSsDGnzThC1PHkzim/k1nqWmsaCs4C8Op+Xk/vTTvL7WJZr5UW+/y5OOJMXZfB3DeAsuu7IWKo7RWJRNx6Lp1Zz3w5M9vzheuThH4sQ0rxWxcziPS9P03Tq9L02/JhC/LlL+M4t9d2d2L46I7uxvnmzofiXHjLR92qY1V+rbfpKPwdk0iI6ZbcUccY+LDizVo4EVDGV26gu0PlHTjn8VLMs4Z8D+Ldc0/G1BY1GJiXtOPnz2ny/OxS2T+kxDd0fBTgnG0WOO8KzIydlGeS5vnbM7b/UrMQ1H9nPFpw7rY6/appvkXlLaKLTlvCNRLn7irQMzh3XcrS89Rd1EtuaP4Zp9pItS3ONo0i6kk+q3NIhSVw5OpqUJKTa/waClXGUk0mV0PUeWWye6S7sDaPhLxjfp1M+HvJlK3UboV0Xrq60+8TxfP8KLROSsdujHf9S6T07DuxcycKbIb1wi+SUNo1pLZJv3XRnk0x99Nplpb9ojExshS1dRkrLLIY8ZSf45Lu4xOvxb2tljipP8WjMRqrMU5doJs9iVayrVOeTZ5tj7+32LKvOpvahxS2ikCUdj9l+glEPWT/zNf/xQglf9sT3CyOz1/Bx/7iEWfcQmUQ943+6/sxA2f4MaDhajrWXm5UpK3ChB0QU+Rq2T6SRzfI5rUpFa/tOKO9tnzzq6s2FODTGlzy4ShXKrljd7dPj52Pnrw3hjfjHxDplOg61peRap6vbkRqrro2Th7tz/AKTu+O8e1svO0KZbRrTQfM57823RH0cOVSkSPsen6kwJTRtGzdczasHTaPOy59oore0VjcprG2Zaz4McZ6PhVZNuDC6uUoxl5M93Df5M4yJ4sf1vgbiXQcezI1TSMinFi9pXqPNX/ktW8TKJhZaRq1mhZ9GZTVGyUH1hLtJF8kbjSKz22Vr/AI76tqHDFuj4GGseV1bqnlTlvOMPiJnWukzLH/BKOpZHGVVOn6lkYNMK5WXyqfeHwYeVjpevcNKTLqxaDpVlcsS2qnIWRXFyhZSpwlL4ZzU8WtI6leb7agyeCPDviq+1aXkPSc6MnCcKLFOEZfeDK/fkwzq0JisWMPwO0eu1TnxWuSC9qjePL33EwrNI9abp4FxtK0nS46dpFjnRSvXOX5pGfj5N2nc7lOSJZUjtZAAAAAAAAAAAAAAAAAAAAAAAAAAAAAAAAAAAAAAAAAAAAAAAAAAAAAAAAAAAAAAAAAAAAAAAAAAAAAAAAAAAAAAAAAAAAADxfNV0znKSjGK5m37IDRPhNq+NxT4scQ6pfyXZtNf+ghc+0N2m4ml41EKxO2TeOdld3BmpU5cKXyU88YyfM4yOXhE3iV96hoPwJ0zT9T8SdNxtQrhOrlncqZdrZxW6TOu9dQpEupeMa6p6f5WqY8P3bODrtqkk1/ZHLeGkOGdV8urUsyvHe9FdsoV//FPodNPTOUwuPeJ69NWnrV8h46jyLm6yivhMiam174b8I69xNqULtK0+WZjY18LMiU5KMHtJNrdkTbjGoNbdsZ+bDT8Hzpz5FGK2h0/wUjv0mZiI3LGJ8Y35WW8fFxUrE1tu+k0b1wTaHNk8qtU/RqeBn8tCaVsk3yvry/JlkxTXqWuLPXL6a48UvCvReIPPzo2216rOpKFsJdFyr4MY3Rt7ckZmLPEybse3pbTOVc0vlM7K9wzkqjzwbk1FJe/uXRCjCW76dH3K7Je1Pmbk+7IkbK8EuG7dX4spzra2sHCTt8xtpeZ7HlfJ+T9dfrj3LfFXfcumafr27rMqmu3IqrXmzb5VY2vwpfy7HiWm0967bRpob9oXMtrz8XTnXjTxrG8rGuh1m4tdYN/CZ6Xx1J36Z5Jabi/Um/dbHqKwv8RKEHKfRICy1KfNTY+zYT+lli9dhKsPeSv9XD7RQglfv/lgsjdQf8HG/RiPaLPWH2Eoh9oltkPZb9SRt3wStitS3vl/CgrLowa7zS2/lZ5vyVomaxK+OG4sbJr1DIi4VW2ZbSVcWuicd3Dke/R/PU8ePy/Bs5T4tlm28Taldq0OTPuvnK1NcvXc+p8bj9dYq5LRKLkt17JHVpR4exAyPw90KriDiejCypNY6Tss5X1aRllmawvWHYWk8E8KaHZRHSsFY+XZSl51cXuZ633KZlIWa3gUWzuv1WblKPk+So9G/gvxlTnC+k6dUwrE3j2YM6XXbTJfiTXZoqncS5G4x8JOKdFwr9Slp8Z6dXKUtqbOedde/RtGn2RaUcdNbuDTexrpCb4L4gs4a1yGdXX5tbXJbWntzQZlkx84WrbTeeo/tB4FHDcsfS8G+3VHW4V22pRjWVpj1PZMtR+GWF+++O8DHum5O+xzm99uYnNH4lHWktJ0nXNNs0t4Fix7IumdlbcZVy9pKSOamPHT9LzaWvPAHWZ05Os6DkZDstxbp1RutlvzLfZFr4oxX5Qctw3xh1210qN1im1+bY0qqqlgAAAAAAAAAAAAAAAAAAAAAAAAAAAAAAAAAAAAAAAAAAAAAAAAAAAAAAAAAAAAAAAAAAAAAAAAAAAAAAAAAAAAAAAAAAAA1l4/8S/uHgezGom1lai/Ii09nGPuy9K7lEy5GxdWzdMzoZum5VuPl1S9Ftb2aNbKQv8AW+NuIOIYeXq+oTuh7xS25v1M4rG1plDY2fk4GZTl4Vs6MmmanXbW9nGRpPatWU6/4rcWa7grGzs2DTjyuyENptGM0W3LCYduprCD33Ejrz9mLNwr/DiGFiTjXm4t83kw9232kYWjteGZzx8fN1Ny1GNt7qbUHJ+kvhpvdocvkXiPxSFGNp0LOWmmiMtuZ7dzf84ckxWyO1KinTclahieWrObeUPkvXd442ItFJiaqmtZmbmcN25WjaZz22VNQhbJV7t/Lfsedd60TtxDxRp2paNreVi61TyZzk5z90933TOjHeJr0paEM7Hts+xfaCv3ECpH8QHSvgA68Xg2uVNKlJ3u3JtnLooM+c+QvX7e3TjjpsfijV1h4OXnwStx1S7YpPZuUUmuVnJbJNr9epXiOnIfEebPVcp5ELrJ0byddUk06t+rR9F43j1xU6c17bnSD3bSLStC/wAWXm0/1x7lWkLLUfwNFoUlbYnsJIVMj/nUv6UIJ9r57/TELIzO/wCXxt/hkwpZ7xCSHmt8uS2vZhDbnhDrmPTRk6Jfmwx7srJhOmvIhvVd7OPP7SOD5DDe2r1XpaI6bVxcGN9FtmbzYmPj5PkqUJ8rrk0u692muy92eLX+p6bsd4r4YV+JqmnZOFjz1LJpaotu7wa9e6l8tLs/k3w5r4MsRZW1eUdOcpxlW5QktnF8r3+T6ittxtxy8WuPWUS0kOrfALg3RdO4dq1a+rztUuqVnmnHMc7dtY6bD4k1LOrxq6MGDjbdXLeMls1+h2eNji/tyeVlmlemL4lmFWsau6qnG3SU5d3CT7vr9z0bYaxV5Fclpt2k9Uwa9LoWo4eXdNUeqdH5ZHDbHz6ejjvaieep412iW6pdZO6EqJRljQjv5nR+hJfJy97074ncOF9TpdOdkwlRPHfmyfkzW0oJttJnVExLKYWuy5tmlsSPEo9NiNLLvStUy9H1CjO06105VElOucfZlL13GkxOmzLPHrid6Pfg41OJj23p8+Susl8tGda6kmWCaHquXhZv1OJk20378znF7Nm2uftX07r4L1qnX+FdN1SmUZq6qO6+J/mTOfWmiXAAAAAAAAAAAAAAAAAAAAAAAAAAAAAAAAAAAAAAAAAAAAAAAAAAAAAAAAAAAAAAAAAAAAAAAAAAAAAAAAAAAAAAAAAAAAAclftDcULWeNb8SmzfEwF5MPjmN6RqFJntpuxsSFb6e4geZfh9TJFNrfqQPq7EhNvmb+ERI7p8LNHwNG4A0iGk0VzhfjQtnbHvZOS3bZz2XhjnEmNRdnZ/mYuVJ12pQ8rJ5V1R1+LTdenn+XMxLE5YHkqbjLIUld3b/Kd8V1+3nzZIXUZeXZicupyUoz5oOFfOl8J/CM8tp4zprirHOOTbH1uAtEhfk58cWiUUm7ZKKTX6nkvbhyB4665ga3xbFaVbG+vFrcJ3Q6ptsY66RaWt/LTa6m8Qq9JcvuTofZRa226/cDen7PSst0zPpdTePZNwd0tnGtpHzfy9JjJEurDP4t086eNVC2FV+C06767Jd17x2Z5tck9WnvTRyv4i8N5HDus2rycmGDbZJ0u2HLyf0H03ieXGWv1/tzWx67Yja24wnLvLdP77G8kPONkOjJjKKbj+ZFZja0TpcavCKgpwe8ZLdMRJZY4pMqwqZH/Pv9EIJ9r2zb6RshdG53+1jL7MspL3h+wIU47efP8AUgSKlKMeaHNzdHuvY6ad10pbqW0/CXiDVdX1OOmZ17yMLHjLIUrm3OpxW/pkeN8jgpWm49tcNpbJurnl0Y2U1GizJl9ZOxtuqPK/+7XpPG5dt3OfHGDHB4p1CmqtVVux2Qgpc3KmfT+FljLihyXjUsecdvxfhOuYUdb/ALPmJr+NwlVflXY9eGob0x2btVfspHJ+54tEzxPqOZp/Fcr87IxvJePvhpJtSW+zb+6OzBaI6lx+TWZ7YFrsLFm5VltlU4827nX0i/ukenHbyZ/t40zIysh2cuu34yrjzwhvKXOil8f6hrXNMNo+H+ZZOjMw1XGWTCTUZ77KUdk1L/qeXmrqz18NuVWov2r8DGx8nQM5whXqlynXdyd5wXZsYt67Xs5+nJmm0PkG5FoHib9RSR8RAvcWez7tfoaVRLqf9l7Xnl6FqOj22PnxrFfWn/JIyyRqVq+m8TNYAAAAAAAAAAAAAAAAAAAAAAAAAAAAAAAAAAAAAAAAAAAAAAAAAAAAAAAAAAAAAAAAAAAAAAAAAAAAAAAAAAAAAAAAAABE8XanXo3DGqajbLlVFEmnv+Z9ETEbklwXql878iy6x7ysm5Nv3bOiWaMlLdsokjJJJEwPUyR8aS23b/sAk/jsSPMV/kDqr9mCrVb+GLsrO1TIek0WujEw/wAm/eTMMntaGxtV03T7XJKEVfdzqEpvpJ/Bfx8vCdQ5fJw8+1nh6JXlb35GdGFXJF7Lutltsztvmms6rDgxYotvlOnrD0nEp16iGPdKdafVJ7Kb2b2Mc2WeHcal0YMUTk3E7iF9x3i1Z+izxtSwcWzTpp+ZCzb1/CicFvT04cMaxTj4usZ+Pif8tC+cK/0TN8fpSy1UU4bJo20q8d17DQcnT5RVLOvCDiTK0DiqiirJVGHnPybudbw/Vnn+fh54+Ue2mK2pdJ34VWp5qzcXJcoutRsVMW65NP0yX9z5mK6dTGfEr93S4dduuYdmZmtTjTTVZzwhy95P4OjFNd+9SiXLebZGd78uPJX3jFPflR9DTfGHO+4CTlOT9+iJSr2Rbx7cefZR5q2CfSxxn2Jkh7yOma/0QQvb91g7/ciF59I3O/2cdr7lmcveH7BKm3/qJfqQJKpyVW6julHd/odGKVLxt0N4VaddpnAFN96ppdkXfXbWozlOM32kfPfIXjJlmHRSNQyWnOx8zIpxcTu04Qw+jUYqO/NN78rW+22zPNprfFrLQfjLbTHja2imOP5FNEFW6Wm93352vc+h+Lx/Xj3LlyzuWBprla6dfk9Ri6Y8H/ErQ3ouHpmqOdeTLlx3BRk+Z/K2OWa8JaR23BLTcPUM7nswlXVCpRonP8ST79H23NcV4juHPnpNums+K9Htwc6Eb4+arnPki1+CO/RI9XHaLRuHlXrMTqyCwozw5bW1tprkkopJyZfkiKtlcCY9asnlW89dk4Tnyt/2R5nkxytD1PF9NMftKcKU4VmBxHhX5Mlm2Oi6i+xz5JfMDLHO3RZovbp1NUPKe3X3A8t7tkAnsNC6p6FoG2f2etdWkeIeDVZNxozE8eZXJ6IdhGK4AAAAAAAAAAAAAAAAAAAAAAAAAAAAAAAAAAAAAAAAAAAAAAAAAAAAAAAAAAAAAAAAAAAAAAAAAAAAAAAAAAAAAAAAAADUH7TesrT+DsbTd9rc23ma/oiaYo3Ktpcl5Li2tm9/g0lC3T6Ncq3+WQPPbZ9wPaeyb22LDztvP7AeX7rcD1WtpNkwhtrwb8WnwFRk4Go4s8rSrZ+clDvXMzyVTEuqMa3D1rScTKdPnQvrjdTLl7b9Uc+l0VVwn5efflfvBxi/wUpLaDN6+RkiNbYW8bHb3Cc0rDjiYfkxTs6bvI7uTM7Wtf8Ak1rSKRqrmvx64x1jB1KrT8DPfl3QkrHJJzRWkcva0tAxk4S+X77msdKzKqtpQ+JGkSqduzA9xlHpFrde6Ar00u+yNeNXOdsn6YwTbM8lorWZstETPp2P4d46xuHqdNkrJZmJj11WWXP1PdKX4fhbnzF4pebTT26o3HtY+L1lUeDsvNx/Jruxd4Oc4dZ/MdxwrfUQb044vn/Ek0e/XqGC9xoclcQsr2y3pTS2lF9yRG1rZdAiHu/rkwfzFEi9u64Enu+hVb9I7K/5al/douoqYnZEJhRfTIn+oQlsFzlDkq/HZtBdO+5etuNZmUWdOcPZMtV4ZxuTGoVyhKEk0oY8uVKK6+3yfMXnlO/7l1RGmO+KOZqekcKZGJhfTRrhVFPOr6TcXNNx/wA7bM18WIvkitoVvvW4c5uLnY5Tk5btyk299z6WKxX05ZebX6tv8MlDOPB7V6dL4vpeTOMVJfw+bspGOWNxteHYc9UwNQoeoY2pcsVTyeTst+b9BE61KJjcTEsb4w0jVcvSq77q6br8Wvzdq5Ny5ffoduHyKx087J4l/cSw3RtN1TOzIQvw8hY8lv50YbL7JmmTyqRH4op4tp9tmaThw0Ki6inIlPKhU7W/xbtJvkPOvM2tuZejWsVrqHLXjB4k5fH2VRU8VYeBhSl5dKe7lPs5M6K14wrPctZy3TCTb79QPnuB9gt/7AVYy6ASegZs8DVsTLqfqotjYv7Me4P2/QLSc6vUtNw86mSlDIpjamn8owXXIAAAAAAAAAAAAAAAAAAAAAAAAAAAAAAAAAAAAAAAAAAAAAAAAAAAAAAAAAAAAAAAAAAAAAAAAAAAAAAAAAAAAAAAAAAOXf2m9Snl8bLHTcoYlCg/hSOjF6Us0ZP5fcmRRXX9WVHxpskelOMY7dG2TA+SXpU9116bAeNkwKq/Bui0IU5veK6r9CtiG3OAPG/VeGuGoaJlYv12NSuWianyzhExtTa22yuHPHzh/L0Z/vqj6LUoJrZ9YSKTSYTEtc6/436s8mzG0Hl/dyTSdm6c2KUkmWrNa1XL1bUJ5mbZz3y/wl8I2rXSsoqyPq3REhB+rqB7iXBNtrYqN5fs44sFRq+UqITynZBUWuKk69u8jwflcsxesQ6cVett7YeDdgZuRkXTpvdsI2WNNx59t+vXpv17fCRwUxxW25X9tT/tC8VV0aDp2j6VkbPKg7rnXPeLqf5Tt8LFGXTO86c1b+Zf1WyPXUhI82yQ0SSs5MeUpMIWcX6OwSXS/wBl/bYlC/jtLDtXvylV/wBI6/8A5Or9Syj3ivZewTCnd/zUghJ6dKUZwsX5JKRNY5bqT06W0fVdN1uGm6jpc6seiUJVXUdN4T9/TH3392fMZcN8WSa2dNZ5QtOJ8LJ1zRoYLxrLMe65QsldtBzls0nvskmvjskRjvbH+dSY20Lxvw/PhzWp4qthfjzip1Wwe6fzH9UfR+H5H3U3b25cleMsca2a6nZpQI0M38MuLrdD4kjPPy7Z0WQVad03JR6mOSi8S6ks4/4Vli158tRS1CyHlV0O3dyk+yCE8tUpr0pa5bqWNj6dXjN3QWy2Fdz6TLS/En7QeDZw3fh6NgTepXVuqN848qrTLxTU9qzLnZTb33e7bbbOhVTs/EVkU92EnbuQPsQKkUBWo2TQgdseAeqx1Xww0v1evFcqHExt7XhsEgAAAAAAAAAAAAAAAAAAAAAAAAAAAAAAAAAAAAAAAAAAAAAAAAAAAAAAAAAAAAAAAAAAAAAAAAAAAAAAAAAAAAAAAAB8skoRc5PaMU2wOIvEnU7NW4m1XJUm6rMqTX6LojriOmX7YQ4tt7Jsqsp7KLe/TYgfJvliktgPKS7vuB832ST6+4H2G0muZ7de5KBzUvT8AU9yBUrj7kxAoWruRMEK9UJeW2vYRA894tstIt59H3MpSQ+WIHsuKih6YtIgbw8DNQy8XSM+GGk/LSk0kup858nP15durF3Vu6OVTlYzryeay6NWzntzKKkklLp+pwxeuo5L605B43xs3S9e1XTs9zeRVe4yU/hdVsfS+LWIxde3NeZ2xjGT59y0kL2TbJFtmz/DBfqwFXbdrfoEli/09Uv6mghf0daLPvEhf9I+9f6Ctrf8RZR8xesCJTDzk9L017pBEryqbjGGz6NlqdST6ZFwtr1/Deqw1KvGVsJPfkm2k2iPK8aueO1aX4t2Xay+Jlp+qVK1V5jTWJNqMIJd+U+X8nlS81n07Kdxtgvi7p97wOe3dfSXzUVsuWUPlNHb8ZljFk4/2yy13DUc30/ufRRPTmN1KttuKa7L5IFFbuXUC4xlySjJNqS7f0k8SZVcnV9SyqPp8nOybaN/9uU3ysppK1bbW/8AkuhXpinHuXhEvFj6sAktiEvMiA7sCrFb+4HqDIHT/wCyTqrWHrWnzn0ThfGJS60N+lEgAAAAAAAAAAAAAAAAAAAAAAAAAAAAAAAAAAAAAAAAAAAAAAAAAAAAAAAAAAAAAAAAAAAAAAAAAAAAAAAAAAAAAAAAheOdQhpXB2r51jS8uiSj92y1Y3KJcO6m3Y48nKmu8jplnCHlKS39TT3KLKD2b9Tf6ldhu2uiA8pbplh8l02JBtbbqKT/AFA8pv26bgfXJuKT7ECrB8sZloVW8t91H233KysuppxhGLLwqoWbrbfuispUJFEi69EIFSKLCp1kkkBuPwOsoq0fVnP6qN0bFBzpeySfWJ4HytdWi0ujDPTfuDhUYN+Dk43n2+fUp2xnu930WyR5sVinGazvfbXcztzH476Jfo/G2fO+FkIZc3dU5Sc04/ZnueFeY3WWF4/bW2P3OtVcc2ycmBYSlz2Nv3AuqltCX6EJfbYpYFb/AKtyULvClB1uLfdFZXhZ2b/uuS67K0sopYTEph6zYtKufv2YhEq1b5qPSSJvRcOer6jpmmwU3K+1Q2iuZ7NmubL9WKbqVjdnRun4X7hupwdPnbLGx6N1DI6yxu6X+ZHyee3Oebsr/UK2fnabkaPl6lrqri9JjObxXYrFdP8Ak6+xOKa5Le9ItuHJ184WX2TqiownOUox/lTbaR9Tj3EREuSVF779i4ImELinvuaQiVoukmZftKrvCUEuqaJFalJM0qiXiT6sggXSDZVLx3XQD4kQLmmO6327Ej505+wG6f2YdReJ4gxp68mTRKDRS6autEZrAAAAAAAAAAAAAAAAAAAAAAAAAAAAAAAAAAAAAAAAAAAAAAAAAAAAAAAAAAAAAAAAAAAAAAAAAAAAAAAAAAAAAAAAYGIeI+kf8SaNPSZ5d2LTb1lOqKfM/ZHJ5Hl/RML1pyhzHxX4daphwz7MRxyMTE6873i7F9vll4+Rp1F/2icOvTXObjX4slDIoupbXMlZBrdHXXJW3qVOMrJottGnvtH7kwh5S2W/Vplh5k012ARSk+rA9ciUpJR6fcD3a09uXpsSPM01FNtdQh4Se8XsIFbI7/JaULazeScmikys8LqigQfsTAqw6PoWFwoS3XVNfJA2X4M6DqWVxNg5ixM1aP5qhdk1xfImeX8hetsfGWuOJh01U403WrKvk4VXTXLBdUns1/c8WuonjM9N+3MP7QOvS1rXqlN2bUtxqU1y71+0tj0vAmb2m29wyu1ZXJJHpqPmTb6eVAU8aHNJMC+j/t/ZfBCytTSrtM3T7Pb9CVX3TF15G47b7bMrK8KFsd8bMrX5LFL9EWhSVthem/b7biUwu8mpWY09l6l1EEwscbrLlm2l3QQ2L4R488jjOiVF11LpostdtLSlD/Jz/IZOPjxpOOPyb6xNeoxsKGVj4tOVnO2uq9Tbk/L39vuu/do8Lda927dGpnqGnPGXX8Su3M4d0qmLc8hZGVlR3XM/aCR6Xx/ixucrHJf9NTbP3Z7kRpgSh+bdfoRMD5v/AA0muvyBc4zW62NKqys/zy+NzKfawvxEi5pWyTNIQ+T6yZWR4bSj07lUkXzbbskepRbW/dAe6X1UX2K7NL3F07NzL3XiYt2TPbfauDZW1619rRWZbp8IODtb0HiDTdbzKo10V9bK5ScZRTTRyX8ytq7p2vFNe3UtF0bYKUJwmmu8Wma1tEomHsugAAAAAAAAAAAAAAAAAAAAAAAAAAAAAAAAAAAAAAAAAAAAAAAAAAAAAAAAAAAAAAAAAAAAAAAAAAAAAAAAAAAAAAH2AxG+c55so5M3ZJWb8ifL5S9uX5Z83e85Mm7OiI6UtS0zIy8WUqX5OoJPybeXdSls/TZH5fyb0ibRy1qyrW+FkZWqcM4dvFGBS82WbLT5zdUY8r32jylMt5ya+teOmG4fhVpWtPMeJPPxJKcoxtyUowU1/L/Mjup59MdNTbcwznHMztj2t+DfEeBjfUYUaNRpj1n9PYm4o1xfJ0v7VnEwrL4Y1vEqutt06/yKkpWXRXNCK+Wzsjysczrak0lDTpshtzwlDdbrmW26Nosrp4cSdoVlv5bT/E+qLCjNtrYgfOu23sEKlS3T7loJe8iPLNxX4SZkWqbUk32Rmkscd/TuiB8h0s9XYQLmD3j27FxmXhtwlmcTatzVYtt+Hi+uxKDcZyXat/qcXm55xU1X20x133LqzT8Su7TbMZSjXGmMVy1R5MemUV+RLujwP573bv8A+ob+kRx1n2YPBmfn4dipVUFYsqa7zbcXs/nqRjpz1omXHOu5s83MndbKTcn0Unu0j6DFjjHj4sJnco52bI0HmKc5dexAvaUl26/oBc4iUm4v5IlaFtNyw7pQknKuT6r5EIXOBbVC/dPeD7NrsE1VLEqcyUppuqxOFn6MbJhSs0+2m9TqlG6HdOAVe5OcF1jOKfdOOwTvalONEkt04tdnEDMvC23T1xE8bKz7MP6mp103pbLze8Yy+zObzcX24f8AwtSdWb50vByKpY9tGP5dq5pvH29Mpx26f3+T56vbolrDxZ4Cyp3ZOv6fzXpve+Ci99v5l8o9XwPNjH+GT0wyY99tQWR5NlJdPY9+Jj9OdQsfp6iR4Tblu2VSusXrL7mlVJW3K3NpFJWfeVKKa6/+BArQ6xLwPMvxorMmnmSbeyW7+xWZTpI6Vo2oZ0lLFw7p17pSnyPliUtmrEbTwbFxvB7Vsiyq2OXT9BNc9lm2064fPIcMfIxO9VafUzHhHwS0jIxZ3ajmZVssqD+jUockkv53A5snyNuuloxwzq3gvJ4e0vEjoGLXkQo2WRFxUZWJe8V8nNHlZOM9TMrREbQWdh6vn8cadp0sm+GHFO2+M5buXPu1TJ+66GF8uqcYj2tFW6dDxoUwk6+XZ9+V9N/hfod3x+O0W5SzyWSx67IAAAAAAAAAAAAAAAAAAAAAAAAAAAAAAAAAAAAAAAAAAAAAAAAAAAAAAAAAAAAAAAAAAAAAAAAAAAAAAAAAAAAAAfLJRhTZJtJJNt/BW09DXnEN2RVdl50G7YVbJYj9XmpLfeMfk+bvETu0+nTCYhneVTGcZTjOSU/Kk/Wq3s+3ymya3+uZrWdGtrDWdKwtS1PH56rHCu1ZHlQg5KybXLu/ZLruZ3mMmSbV6TG4jtC52DqVeoKyE68equKUbYuM3Xt+WO/pqS+erZn9dqJ3EpfS5ZGRRC5XV5qh+OzzIzX+YpNE6tafzrtHUI3jjTnh8N6nmaRGEbciKjfKC/Jv+Lbs5I1pH105wb3OpY3grQ7uF1TrWJj6jlRnyUycFCV7ey5eq6dy+fzfsjdp1/4IpMSxVeEGnarblKNV2lShZzqt3q1wgu6O6vykRSNbmWc4u2J8Z+EOraSsrL0e2OpYNLcml0uhH5cTowfJRk/lClsTAruGdUrxasj6W2yFnvXBy2/U6KebivOolWccxG0dPGlS158LK/jePc6YyRPUSpqXuiSb26pb78zRpWUKeS1vLZ9X7sm1jS2il7voV2PG6b6kD3W0+6Auakt+r2NBujwWvycHQL6sd2J51/XbonE+c+Uy7y8HVir02tLWK8PTtS1aE6spYlDjOFie0Uu0uVf5bOPBHO2/a1unN3G3G+ucVWtZ+W/pU3yY1XorX9j6LD4tMUdQ5ptMsDzm/O2S7I1v7RClCtv2ZRKvD0dNglV89xW0dtmBd6fLaSb/ALkStD3qPkWNcslumCe1DFqTtTluodmRJD3deoW+XY+ar8r94iEzL46LW0qE+vZkkxt5tjlUS2sssf8AcKzD3i48szzHUvXCPM9u2yBCvi3+iKrShfXLnVi7p+xNYiepLN2cA+IGnZupSwtZX01uU6072udWvtKHxFSPIz/Hzi3asbheuXbacoSuu8jGuhHFg/4cJRXnQSW3lqJ5+5mevTVyJxZLbiXVILdQhfOEF8RT2R9P49944cto7RD930+NjdRTXu0m9glc4b2sin79GXohT2Tta6lZB1SssUaoTnJbv0rdspNoj2nSa0rhzWM+iF+FpuVbjymq/O5Go8z9tyl/IpSO5TFJlllHhRrijTfqk8bChN+pWT/Cvls548yuSJmn6X4abJ0rwv0HS7sXMzb74Q6SxlOPPbP7tLok2eb5Hm2mvC3W2taRvplun6PRRjV5et5t0I0zkoU4dCj6X/N3Zhj8ita6iZ0tNZfc7E0+GXjZGHc1p+RHatVzVbnPbrul7+zOOfe4leJT6yniY2HVC+c51+mdCSgpfrN9oxXVl99RCqnQqlkXyw9aqysucNoYatXlKX+Gy8YddTKJsrYORqGKrMzWMammyqDbsbhuox3fLv7v4/UnUxMbj0dMn4LnH91rkwnjU/jjFy33b6nqfG35Ulll6lOnpMwAAAAAAAAAAAAAAAAAAAAAAAAAAAAAAAAAAAAAAAAAAAAAAAAAAAAAAAAAAAAAAAAAAAAAAAAAAAAAAAAAAAAABbag0sdqXZtJr5Ry+VaIp3K1fbA6qbMPOz83D2yrOaSxYzs3hTH4S/mPA5xS1tRuJ9OjUzArlp0aYanmQeTd6XdbOMZ7tdofK9jLlF7crrTuI1Dxn3wy6cjHxJ6xkW1Vc0Md2eTG/wDSTS3NLfXEfjvtWImWutU1K3J0TUq8qH0mFVz0SwJz5VK/fZby7y2+TXHSazqJ6kllmNdi6NlY6tsnjwwcCv8Ai49foyJtJv7NJbDJfHudTqYRqWbRyqa8J0ryozyq3dXByTS3W7H2RSLVk1uYlCZMYvTp2Scc3eyKxMSFMVOMlHZ8vz13bZhSfspFYWnqVDHWNplNb1nIxqbMizlUJ28kZt/lT7zZTVt7NpPTKqd6Lce2m6XNKEVTY7Ir5UZPs17xZvTHqYmFZt+mP8dYGpabh3z0DGqUczaqfXaGNLfmlbt8NIvXLGGfsmERWbdI3izCwda096S9MwXp+IqbLMpyVUIPbdtsmnn1+yJiNrTjnTFrvCng7UVPIxdbvwVN+natyq/sztj5Od+9M/rj+mOat4EarC2+eHquFfiKDnXb/MdFfkN92hWcf9NU5Whajj231SxLnOh7WJRbaOzFnrlpF4UmkxOlhlYl+LPkyceyqXfa2LizSMlbepV4y80wL7VVpprb0PZE8oIiW5fAXiLIqdmFbZGdEG4Rrcd3GLT9Z4XyNa0yRf8At04tzDaUaKLqc/HjWsumyl+fi8rirKpeyaXRnl4MnG/KJazG47c/+LHClXCWuY9WHdK3EzMeOTVv3jv3ifS+JnteuruS9ddw1/aoO3mX4vg3v7IX9tVapVsO0vb4ZRaVo6nKez9+jS+QCx/JlvOLcvaAF5TTGct7lJ/EKwJrEshVRJYuDg1vs5WvnmNQncoPMyLHfJbRXX8q6BG5W1kueDU0tydHJfYGfvjV1RiouC2bfuQmJLrI5DUZtR3/ADAWautw1fGuUlVZFwcu26JVW9F3LbB+24JZdwvo89aznCmardMXZ5jT2i91ypv7seZnrhx7lGOvKW/765aarMd2p5+NjQtsyY91Z25Zfzfqj5jjX26ty1B4zaVgw1qvNw0q52Qir4L8Lm490el8VmtP/HLLNDXGNQ8nKrornDeclFOT2R7VrRWOTBJ8OalXw/rV312LXl4dsJ4uXRLtOD94v5T6owyx9lOVZXhXt4X1SiStw8LKysG31Y+TGp7Tg3siMHl1mPz9lqTEsl0nwn17UMCOdfLHwarLfKhG5+psjJ5daymMbY/C/BOlaaqMfCx6MzOoSjqk7b4qdKmed5t75eMx6aU1VluHVTj4Wbg4uU4ufLCqqEfRW0+lm558X4z1ZpK24y4bwM7E0zCnfdmxWVCrIyE3vC1vfeUV7Mva845njbaPbJHj24+uZVeNvmUxxVdkWSmkm1vGuuPwkk22Y27itpne0w8PK4eybdNlHLq+pcm61iWODk/ePvzFtV/Y93VPG1G6jIwsR48rPMon50NqZPu0u/VETijHs3tZcfRyab', NULL, '22222222222', 1);
INSERT INTO `assisteds` (`id`, `name`, `birthday`, `gender`, `identification`, `general_registration`, `issue`, `issuer`, `zip_code`, `address`, `number`, `neighborhood`, `city`, `state`, `phone`, `has_benefits`, `scholarity`, `naturalness`, `nationality`, `occupation`, `national_identity`, `active`, `additional_information`, `photo`, `benefits`, `social_identification_number`, `organization_id`) VALUES
(8, 'Joazinho Dias', '2021-11-17', 'male', '322.222.222-22', '22.222.222-2', '2021-11-16', 'SSP/SC', '89214-515', 'Rua Pedra dos Sinos', '10', 'Nova', 'Joinville', 'SC', '(47) 99174-8332', 0, 'university-school', 'Joinville', 'Brasil', 'Qualquer Uma', '2222222222', 0, 'Qualquer informação adicional ', '<img src=\"data:image/jpeg;base64,/9j/2wBDAAYEBQYFBAYGBQYHBwYIChAKCgkJChQODwwQFxQYGBcUFhYaHSUfGhsjHBYWICwgIyYnKSopGR8tMC0oMCUoKSj/2wBDAQcHBwoIChMKChMoGhYaKCgoKCgoKCgoKCgoKCgoKCgoKCgoKCgoKCgoKCgoKCgoKCgoKCgoKCgoKCgoKCgoKCj/wAARCAPoA+gDAREAAhEBAxEB/8QAHQABAAEFAQEBAAAAAAAAAAAAAAUDBAYHCAIBCf/EAEEQAAICAQIEBQIDBwIFAwQDAQABAgMEBREGEiExBxMiQVEUYTJCcQgVI1JigZEkMxY0obHBJVNyF2OislTR4fD/xAAbAQEAAwEBAQEAAAAAAAAAAAAAAQIDBAUGB//EADERAQACAgICAgICAgEDBAIDAAABAgMREiEEMQUTIkEyURRhIzNCcQYVkaEkgVJiwf/aAAwDAQACEQMRAD8A6pAAAAAAAAAAAAAAAAAAAAAAAAAAAAAAAAAAAAAAAAAAAAAAAAAAAAAAAAAAAAAAAAAAAAAAAAAAAAAAAAAAAAAAAAAAAAAAAAAAAAAAAAAAAAAAAAAAAAAAAAAAAAAAAAAAAAAAAAAAAAAAAAAAAAAAAAAAAAAAAAAAAAAAAAAAAAAAAAAAAAAAAAAAAAAAAAAAAAAAAAAAAAAAAAAAAAAAAAAAAAAAAAAAAAAAAAAAAAAAAAAAAAAAAAAAAAAAAAAAAAAAAAAAAAAAAAAAAAAAAAAAAAAAAAAAAAAAAAAAAAAAAAAAAAAAAAAAAAAAAAAAAAAAAAAAAAAAAAAAAAAAAAAAAAAAAAAAAAAAAAAAAAAAAAAAAAAAAAAAAAAAAAAAAAAAAAAAAAAAAAAAAAAAAAAAAAAAAAAAAAAAAAAAAAAAAAAAAAAAAAAAAAAAAAAAAAAAAAAAAAAAAAAAAAAAAAAAAAAAAAAAAAAAAAAAAAAAAAAAAAAAAAAAAAAAAAAAAAAAAAAAAAAAAAAAAAAAAAAAAAAAAAAAAAAAAAAAAAAAAAAAAAAAAAAAAAAAAAAAAAAAAAAAAAAAAAAAAAAAAAAAAAAAAAAAAAAAAAAAAAAAAAAAAAAAAAAAAAAAAAAAAAAAAAAAAAAAAAAAAAAAAAAAAAAAAAAAAAAAAAAAAAAAAAAAAAAAAAAAAAAAAAAAAAAAAAAAAAAAAAAAAAAAAAAAAAAAAAAAAAAAAAAAAAAAAAAAAAAAAAAAAAAAAAAAAAAAAAAAAAAAAAAAAAAAAAAAAAAAAAAAAAAAAAAAAAAAAAAAAAAAAAAAAAAAAAAAAAAAAAAAAAAAAAAAAAAAAAAAAAAAAAAAAAAAAAAAAAAAAAAAAAAAAAAAAAAAAAAAAAAAAAAAAAAAAAAAAAAAAAAAAAAAAAAAAAAAAAAAAAAAAAAAAAAAAAAAAAAAAAAAAAAAAAAAAAAAAAAAAAAAAAAAAAAAAAAAAAAAAAAAAAAAAAAAAAAAAAAAAAAAAAAAAAAAAAAAAAAAAAAAAAAAAAAAAAAAAAAAAAAAAAAAAAAAAAAAAAAAAAAAAAAAAAAAAAAAAAAAAAAAAAAAAAAAAAAAAAAAAAAAAAAAAAAAAAAAAAAAAAAAAAAAAAAAAAAAAAAAAAAAAAAAAAAAAAAAAAAAAAAAAAAAAAAAAAAAAAAAAAAAAAAAAAAAAAAAAAAAAAAAAAAAAAAAAAAAAAAAAAAAAAAAAAAAAAAAAAAAAAAAAAAAAAAAAAAAAAAAAAAAAAAAAAAAAAAAAAAAAAAAAAAAAAAAAAAAAAAAAAAAAAAAAAAAAAAAAAAAAAAAAAAAAAAAAAAAAAAAAAAAAAAAAAAAAAAAAAAAAAAAAAAAAAAAAAAAAAAAAAAAAAAAAAAAAAAAAAAAAAAAAAAAAAAAAAAAAAAAAAAAAAAAAAAAAAAAAAAAAAAAAAAAAAAAAAAAAAAAAAAAAAAAAAAAAAAAAAAAAAAAAAAAAAAAAAAAAAAAAAAAAAAAAAAAAAAAAAAAAAAAAAAAAAAAAAAAAAAAAAAAAAAAAAAAAAAAAAAAAAAAAAAAAAAAAAAAAAAAAAAAAAAAAAAAAAAAAAAAAAAAAAAAAAAAAAAAAAAAAAAAAAAAAAAAAAAAAAAAAAAAAAAAAAAAAAAAAAAAAAAAAAAAAAAAAAAAAAAAAAAAAAAAAAAAAAAAAAAAAAAAAAAAAAAAAAAAAAAAAAAAAAAAAAAAAAAAAAAAAAAAAAAAAAAAAAAAAAAAAAAAAAAAAAAAAAAAAAAAAAAAAAAAAAAAAAAAAAAAAAAAAAAAAAAAAAAAAAAAAAAAAAAAAAAAAAAAAAAAAAAAAAAAAAAAAAAAAAAAAAAAAAAAAAAAAAAAAAAAAAAAAAAAAAAAAAAAAAAAAAAAAAAAAAAAAAAAAAAAAAAAAAAAAAAAAAAAAAAAAAAAAAAAAAAAAAAAAAAAAAAAAAAAAAAAAAAAAAAAAAAAAAAAAAAAAAAAAAAAAAAAAAAAAAAAAAAAAAAAAAAAAAAAAAAAAAAAAAAAAAAAAAAAAAAAAAAAAAAAAAAAAAAAAAAAAAAAAAAAAAAAAAAAAAAAAAAAAAAAAAAAAAAAAAAAAAAAAAAAAAAAAAAAAAAAAAAAAAAAAAAAAAAAAAAAAAAAAAAAAAAAAAAAAAAAAAAAAAAAAAAAAAAAAAAAAAAAAAAAAAAAAAAAAAAAAAAAAAAAAAAAAAAAAAAAAAAAAAAAAAAAAAAAAAAAAAAAAAAAAAAAAAAAAAAAAAAAAAAAAAAAAAAAAAAAAAAAAAAAAAAAAAAAAAAAAAAAAAAAAAAAAAAAAAAAAAAAAAAAAAAAAAAAAAAAAAAAAAAAAAAAAAAAAAAAAAAAAAAAAAAAAGB8VkXJqLTa7pMiLRI+kgAAAAAAAAAAAAAAAAAAAAAAAAAAAAAAAAAAAAAAAAAAAAAAAAAAAAAAAAAAAAAAAAAAAAAAAAAAAAAAAAAAAAAAAAAAAAAAAAAAAAAAAAAAAAAAAAAAAAAAAAAAAAAAAAAAAAAAAAAAAAAb2W7A8SbnW+SS3a6Mj3AgtMj/AOu5LqsTVcFC5Pu21vucWGNZZjba/wDFkCZ2sQkAAAAAAAAAAAAAAAAAAAAAAAAAAAAAAAAAAAAAAAAAAAAAAAAAAAAAAAAAAAAAAAAAAAAAAAAAAAAAAAAAAAAAAAAAAAAAAAAAAAAAAAAAAAAAAAAAAAAAAAAAAAAAAAAAAAAAAAAAAAAU8mLnRZFfmi1t8lb74zpMIO3D1BY1UcZRx4VzUpVxl1sht+Hf2ZwRTPPuG26R6QOBY8jXb54PNDMj6YRlBwXlfMv5n9y2W0TrjX8iv/8Ab0nqa9ZrupjkWQuW62ko8v67lK/5HKOcFox63VkB6TAAAAAAAAAAAAAAAAAAAAAAAAAAAAAAAAAAAAAAAAAAAAAAAAAAAAAAAAAAAAAAAAAAAAAAAAAAAAAAAAAAAAAAAAAAAAAAAAAAAAAAAAAAAAAAAAAAAAAAAAAAAAAAAAAAAAAAAAAAAAAASAwzQNqON9Uxci3zMjkVtVjUm5Q+N+y27HHTrNprP8IZmdjIAAAAAAAAAAAAAAAAAAAAAAAAAAAAAAAAAAAAAAAAAAAAAAAAAAAAAAAAAAAAAAAAAAAAAAAAAAAAAAAAAAAAAAAAAAAAAAAAAAAAAAAAAAAAAAAAAAAAAAAAAAAAAAAAAAAAAAAAAAAAAAeMhuNcnFbtLsVvbjWZTDX2i5GqLi6qrVcHmt9cqsqq30uD7rZ90ePgy/nDpvWOLYh7TlAAAAAAAAAAAAAAAAAAAAAAAAAAAAAAAAAAAAAAAAAAAAAAAAAAAAAAAAAAAAAAAAAAAAAAAAAAAAAAAAAAAAAAAAAAAAAAAAAAAAAAAAAAAAAAAAAAAAAAAAAAAAAAAAAAAAAAAAAAAAADAsM3Iqd0cadsoTkunKu5yeResz9cy0pE/wAmH8ayy8XU9IlokbLr5p1ydS3cV8tnBmpiiI+qfTel575M5xbJTxquebclFc2/yepgyRem4nbmtGpVjZUAAAAAAAAAAAAAAAAAAAAAAAAAAAAAAAAAAAAAAAAAAAAAAAAAAAAAAAAAAAAAAAAAAAAAAAAAAAAAAAAAAAAAAAAAAAAAAAAAAAAAAAAAAAAAAAAAAAAAAAAAAAAAAAAAAAAAAAAAABugKeVOcMeTqh5k12imluVv/GUwi7FKyyfpfmQh0+EfPWx3vMxZ01mIhE3xvjOqWPj2STjzWSi9uX7HP/iWj+DpjLX9r6l5cbKvKTWPZDdxcerb+WdeLF5GLUUn2wm1Le0vgRrpx4VVzjJQW3fc9jBMVrFd7lzW9rnc32obkgAAAAAAAAAAAAAAAAAAAAAAAAAAAAAAAAAAAAAAAAAAAAAAAAAAAAAAAAAAAAAAAAAAAAAAAAAAAAAAAAAAAAAAAAAAAAAAAAAAAAAAAAAAAAAAAAAAAAAAAAAAAAAAAAAAAAAB4ttVceaSexS14rG5TEbRGVqk52Qrx1yVWQl/H7pS7JL5ZxZPL1XfppXHuVnpmfZHPynkXyknFbRbbSa7tHLi860Xnk3v4+o3C7qzMzNwbEoUxt5W3GW63/Q6aeRfPSWVqRjtqUBjWyWSlbdkRjav4inLrBr8y/p2OHVdt4nqdLnTcyWmY7d1c50yfNGTk5TsTfSRPL6o56Rw+2dbSN+XbOrbnSi2/wDbe7kvZGN82S1dbTTFWJWEHKv117QlBJOpvdSivYx5zGpbTSJ6fbfq11oyesmnRXF9f0kehjjnEWxy5p6/GYXeNrGesWeVl4aqx1Fx5G/XzJ9/0Z1x5GSI7hlwrM6hNY2SroxU1yWtb8jZ0Y80X1vqWdq6XKZuqAAAAAAAAAAAAAAAAAAAAAAAAAAAAAAAAAAAAAAAAAAAAAAAAAAAAAAAAAAAAAAAAAAAAAAAAAAAAAAAAAAAAAAAAAAAAAAAAAAAAAAAAAAAAAAAAAAAAAAAAAAAAAAAAAACz1DNhjUTlzRUtn7nNnz/AFx+PctKY5tKxyrblp1cLppXXrbzIrZI482XJTBu/uWlaRN+kZgaffVGurCojHEpk3BSb6t9zjp42bL6jp0TfHT3PZfmyryLa2pSdUkp8jSjF/r7lMtbVnViurR0veeVWPRfXXK7IlJuMU9kl7rc7fFrP1xb97ZX1N9IzKyPpbnLIxbsqi9uqEaYLePvJSkb2xcPymNkcb/jE6ld5dLy6p313xVcpJxaipKMV7HF5NazHKF8UzjtxtClp9ePTjXTjOLrh6pT26pv4ObBWtt7aZbTWYXT0i2c3Kxxmu8ZNdWbz8fk9x2r/lViFvqbuwcaWRXCEHivnTX5oe8SKUtj917hEavPv2iNb4g2WLSlH6vLjGFFEpereX5ubsjqiZvMTMLfVWkSk9FtsxlkO2uUs6FUVZzPqkuiYmmTDM2iNspimTXaZ0jNaUfXOxWbydkvyP4RPjeZE6i0+2eXFxS0Xutz1HOEgAAAAAAAAAAAAAAAAAAAAAAAAAAAAAAAAAAAAAAAAAAAAAAAAAAAAAAAAAAAAAAAAAAAAAAAAAAAAAAAAAAAAAAAAAAAAAAAAAAAAAAAAAAAAAAAAAAAAAAAAAAAAAABRy7pU0zlBKU0ukWUvbjCaxudMJz8umGPS82VVG7dmRVKz1VR3fWP6nFlikViXdh5TM6VeD3dn4mHLJnZepSlbzzlu316f9Dlxf8ALmiv6gzfhEynM3W8WLnjylZVOXNDm5WuVm+f5DHSfrY4/GvaOTFJRlkZtbnZGeC151my6uS7bI8bnFp29DjxjqO1/r2XRRp2FZkXqymWSoV11z/Hv7M9GluGLudubHG8kwg9SyLKc3EjqObdTZTKU3CiXNCcfaK2L3zzrVmtMFY/KjKFPFpwIU0SjXK5uU/L6qEu7SMc80rj3E9sacrXRmO6Kb7o0X2WJc0o1yW0ZP8AX9Tgmax6dOpmO4ZpplkrcLHldBQtcE5QT32Z9L41+WKryskatMLbiJ1Q0ucraJWR2eyiurfwU82tbY9WXwTMW6atyVfRkcmbdCqXNXKE4V80oVb77fqebjvNOpen1ljcJ/QuIMjJzb8qcqb7pJ01JbJuK7cxvHlWi0anbmy4K1rpkWDKuyqFuNkQrxrnv0e/LNP1Iy4RExlrP4yztMzHGY7h7jrcrdWlRRs8elRc2pJJ7vqzqp5f2X1TuET43HHysyGLTimnumei5AAAAAAAAAAAAAAAAAAAAAAAAAAAAAAAAAAAAAAAAAAAAAAAAAAAAAAAAAAAAAAAAAAAAAAAAAAAAAAAAAAAAAAAAAAAAAAAAAAAAAAAAAAAAAAAAAAAAAAAAAAAAAACxqKba6JAYzDUlfqebiya/h8vWC+dzx/I8jjfV/27vpiKVtWWL5+I9Q1KeLqGJOmm6xV3WSjtGda6rZmV8kx1+m8XjjurIdCg45uXPItddFEWorbbaLWya2NfFtvNaZ/UObL/ANOv+2N6jl0QzLv4v+ng2ozk9+ZnkZbbtNnfir+MQltM095HkOMoyjP1cm3Vo1wYpy2iqubLFNvfF+BlRvqWLdjwxpxXo5U7Fan6ZJPvuen5WGMWprLiwbyTqWFRosxNTtzYQlk5FbdNsJ0xUOeXRqP3RhOO1fyd2oyV4Mswna9L5rbLI3t72Uyh1q5nuv1MM07pEMqRq86VpPaG05cqg3HZL/ojhn3p1Rr2k+FbndnRnKN/K4NuL/DE9T42d5XB5caqntT8tYb8yTim/wASXY9nPMfXO3FTe2B6pKKpzrsmp5ChU/pFKKX/AF91uzyMUTePy/bv48dcZWHCL06+qydVlMbJpyhV28uH5k2vzNlppFaTCLcucTKT0jLyI4v0vkYscNN7z5NudOXsjDHlt9M1XtSu4nvalqmmYODbdq9kb6oSrVcoxn0332TSJw44rWJ0mM15mabZ1o1c69Mx1ZPnm47uR7uLukS83JH5SvTRQAAAAAAAAAAAAAAAAAAAAAAAAAAAAAAAAAAAAAAAAAAAAAAAAAAAAAAAAAAAAAAAAAAAAAAAAAAAAAAAAAAAAAAAAAAAAAAAAAAAAAAAAAAAAAAAAAAAAAAAAAAAABclKLi+zWwGH6hUqsqEtprJrajGTXLCUV1e/Q8Dy98+Nndh/uPSpkapZZCynKxbbY2J+W1FLpt0Z12raYjn+ylK7/GUHwtrbyKXkTtpoUlONkHFvqm113ODlOG+qt8uLkg82106pGvJhzKbk42bJpoxx4627bx/TJuFMezL4hnlrzY0QgpdH6VLbsdvhYZnLy/UOXypitOKV4zjfZLDrxsNWzsk15//ALR6Pk05anTn8a/CZ7YTqsNPytKhWsHMcbrfTZS2pKSe3rSb/wAmOXJTjxrDXDS8W3MpvI/eWBw/Rk2ZOPZO6/rXs/wNdFucfkY5rg3telonNPSNydQ1KiuunMp9W7nKyEObk7JN7d+hwxht6dUcdc4T/AuTLI1G9rM54xj+GC3hL77nX8bGs0xEuTzJ3WNswz05YtiT2aW/Y9zLXlSYcFZ1LUevYs8z6Oyyu7IsTnFQhLlhCG/M1I8bBfrUvWvWP0ajq2PXHFv0rHxIVTh5d9da9Erf5V+h0eTet6OfBS0b2udLlbDLXl4zlC6uFc7023tu2keVjtaNxHp1XpEzEp3UdTxp65pemU4Vl0GvOlOcHKPKvf7dTtprccN9OWKTaLWszbByFkYcLOVJvo/sz2MV+dduK9eM6VzVQAAAAAAAAAAAAAAAAAAAAAAAAAAAAAAAAAAAAAAAAAAAAAAAAAAAAAAAAAAAAAAAAAAAAAAAAAAAAAAAAAAAAAAAAAAAAAAAAAAAAAAAAAAAAAAAAAAAAAAAAAAAADza3GEmlu0iJIYRharPKy8yjN2psrklByXrSkeDnmbTPJ6VscUiJq8a3f5+XiWQnN4uNBuF1M+X1/1HVPkxNI4/pXHimJmZ/aM0HBtng5N86rFPJuk4fzOfyebeJvbk6LZIp+NUXqk4atqOKvIlC9bQnBr0+YjmryrPFrT8a7bJ4d81UcrrrqqikuWPdyPb+Ovadx+nmeVEctqvEFjowVftOUa5JzUfaPZs6vLi3DlX9McWt6liFGJOGbZj2Qrow3U1GVf54Pq2vhnk2vudz6dsWmY6TGNRRLAni24n+mvca6XF77RXZs18fLWMc/ZG4syvvluJ7hE5uj31VVU6bluFF0nCy1rrXFd2v7tozmIrqaT03rm3ExaFbhPIWkSqwad78h9JwjWk+/42y/jZ6Yr9dzKmelr/AJSzPUH/AKSfp5l8Hq+TM/VLix/ya41/S76c/Er0+HLDJ9Vkd+lXy9jwuMzMaejTLqHzUMOOl6dZjYsK4tzcp11w7Lbv/cv5ETwThtyttVo87ItpvfPiVY9K8jm9MWv5pHJWZivTWONd77UMeOqviPU8++2MfNrrpqSe/mxXdo78X2T3e3ak/XFeNY6bMwlJ40OetVy78qPcp6h5NvauWQAAAAAAAAAAAAAAAAAAAAAAAAAAAAAAAAAAAAAAAAAAAAAAAAAAAAAAAAAAAAAAAAAAAAAAAAAAAAAAAAAAAAAAAAAAAAAAAAAAAAAAAAAAAAAAAAAAAAAAAAAAAAAsTaaAwvUdHvjqV+S/NuyFWlWlPli18s8ny8Ezb1t6GLyNUisLvE0yrJwHVbGNkJpqXL+WXu0ef42DVev2Zss8njAxuXAjiwlOyzGk+S21cs/7F5rbukTpTn3yY1qtjwZvKurm1NOcIbbvn/lb90mctePLlDupE2jimNEy9Ss0KyccJrJfXkdnK4fojtxZ/wAbVc3kUrGSNMnwsn6nTpOTe8Fyzfyd3hZ5z4J3+nLmx/XdiXE+pabRXGOdlZGNRGxQhJLounVbI5LYrWjcd1aUmI9+05hKnI0zJddcmvMW0F1UHt0aNIrFsFtKzuLxtBz1DMztOzsOi2GHbNulynW5Ott+yRyY804Jms/tvlwxMRaEhw1gcmoQ+ohK6zFrUFkR9MW177Gng155t66hXPOqREJbXb5RVNdam+aW0uRbs7fPy+scMMNOpmUHZqWI521Smsi6tqO8Ok5Rb/Czl1ateUQ0iNzrbGVZqmt4OZCynJw7MPK82vz69vOo+zM43OOZn26aXiLxH6Tumzlfjec41RVkuqv3cmvdnJWd1/GFr6idJPQ6vr9WyMiyuUsSqKhRJpxXT3R6vg44vaZ/TjzXmlYiGVo9dyAAAAAAAAAAAAAAAAAAAAAAAAAAAAAAAAAAAAAAAAAAAAAAAAAAAAAAAAAAAAAAAAAAAAAAAAAAAAAAAAAAAAAAAAAAAAAAAAAAAAAAAAAAAAAAAAAAAAAAAAAAAAAAAHi5RcJKa3j2ZS8RMTEpiUPKtwqlCMJ49UbPU4Pr9mjxZx2xzPCNRHt08uXcz2h8p6xgZ8tQuuosw/O5JY0Y+qNb6Ke50x40xvJHtXnExwScFVl49uPk+XtByivdNfJ58ZImZpadaazuurVXflVxx4wm0qtk3L3cjpnh9fGfUwz3M22o512Tp2DZbg4f1Fs30r3Ud392MEZPEpuI6knWSdTLG8Z036TlzeMlkTrs5qrknXzS6Npm1PkMeKmpLYLTO1TTc6jR8ZUXXTsw6KlTGTa3s+Gzkp5VYvaNbq1nDMxE77eeJpafbhY9s8xY8/NjZc42ckmvgzi2KaxOuz84nSb0rNod8/o+R0Sjz80Hu5v7lsHkfXaeMIvjmY3KO4g1RrTsmvBnW9TnFxjCctnHp1Yx5azM2t7T9c9R+mMaLnTt4fo07VK5U6pj2KfPXVt/Cj13cjt/y6Ti4M5xTFts9w6YLTa657SjcuZVqW6/z8GMU403PqUWtu3SI1PzKMzHX0+G67nKF84za5YpdDKtIm2uttbW6ZLo2JVjYu9MYxVnqfLLeP8AY9nBijHXpyXtuV+bqAAAAAAAAAAAAAAAAAAAAAAAAAAAAAAAAAAAAAAAAAAAAAAAAAAAAAAAAAAAAAAAAAAAAAAAAAAAAAAAAAAAAAAAAAAAAAAAAAAAAAAAAAAAAAAAAAAAAAAAAAAAAAAAACBzcyUc50JWQ3aTnKPp2+x4fm2vS+o626sVYmNytMvS8/zb44malhX7SnGxKcm17Jv2Nbc611jt0is1/cK9kpY9kaoVu665Ox7bbRimcOSvC2qRubNYnlG56iCWrwqvVNqUbFFtQgt+nuzXHlyXmKVjtWccRG9vVmuYtuRTh80bvNj637Q+E0beR5E49Y8ne1aYZtE3qxfW9bxMa6dVWNl6goW+VOqnpyvZvsYeP48ZJ3Ebhra81iNzpFcMcQOzVrVkJU1TilGnJhy2Q37MpbFbDfVoWmYvXcSveOboak1iafdjUzx4qebdbWnGP8sP1Z1YsFcsRNZYc5p7W+gSsxL/AN2alXGvKgoyg6ZbKfN2e/ujHyMN8c6mWtLxaNwvtSlTj61CFGNk5ThJLJVEPMSb+7GPxLWtMR+kTm1C9hrmkVZditxudwhzRtf8o5Vx9WqcbXjqV9VDzcmU8HNheuTeuuMuvL8fdFJwTvVZTFo1+UPWZTqtuPjcmHG2d93rjBbKMWtnu38I7cOHLWItr2yvak9bZNpdEsTDjQ7XYo9m0l0+D1KRMR25ZlXLAAAAAAAAAAAAAAAAAAAAAAAAAAAAAAAAAAAAAAAAAAAAAAAAAAAAAAAAAAAAAAAAAAAAAAAAAAAAAAAAAAAAAAAAAAAAAAAAAAAAAAAAAAAAAAAAAAAAAAAAAAAAAAAAAo5GPXkRgrVvyy5kZZcVcsatCa2mvpC8SZ0NJqplbUvpr5Knn3/BJnH5WGuPHNqw1xzNp7R2s4nkUPVMGVlmfCUKopTajOLa3jt8bNmdceO+CbQtynnqUVbqmRm2ZF2LKqnIVW0El2afaTOXxfKitt2dGXBMR0t55VGq8R4VuB5deZWkspxaVTS9vux5mePI1WI9GHHbHWZlS17Q6a5ZE4ZdscjNsU53Yd/I00y9c3+N+MdqfX9vvpZZulPN1yrUtSzacO/FrjyK1p237Lbea7IrkyTl7ydLVjh/BcZ2v6NgRnzVV5lkIrniu1kuvLJ+zabK4PJthnUdwWwxeGIZupZebl4NsOTy6IKHPKxKc+u/t2SJzZ5zd2K4/r9M14e1DJhq9s9KtVKzEp3QnByUZ/JPi55xfiZsfL8kFqOHZicUZuNKTlZa4unmaac991v9mzPLbWeJs1pX/h6ZJPOxdJ1PEthVZRCairYKtJUS7dPlNnZltjy5qxT3DmrExjnbY+K5ToqlY05Sgm3HserDkVCQAAAAAAAAAAAAAAAAAAAAAAAAAAAAAAAAAAAAAAAAAAAAAAAAAAAAAAAAAAAAAAAAAAAAAAAAAAAAAAAAAAAAAAAAAAAAAAAAAAAAAAAAAAAAAAAAAAAAAAAAAAAAAAAAAAEbrWnwzq6vNSnCqTm65fhbXZsyzVm1JrC1J1LXOq26jlQnXS5Y2JGTdl0bOZ2JR6qG3ueTj8f6+pd8zyXHD+mzowY2rGy8iNvWbsvUkl99uzNK4KV7rBOTl1MqGj4+bk6vj+XHBw8FWSl5ltalOxfG5WL44nja0Qm9ZiOTKMzDpqV2RZfhqytN0qipKUX+rN8mbFT3dhSLT6hq/ijS7szMnq2RkfX4rhCNkeaSt5uzUUc8+TjtPc//AC3ik1jULjRaeGdG07IuWJZlZt8eXfKq2rpX9y9fJwUjetyral7TrfSA1TCwNTxqY0umuWNBp3bcjyfumikZseSF45UT/B+D9BLFqjTl1Svc151tzTlH28tfZ+5pwprWkWmZ72zS3D1HAzMCizOyc76qzlf1GNF8iS95F7eNSYY/ZvtVeh26lZB4+BTjTbcMifPzRi4vpKJbH401tuFLZOu5Z7TFVwjFdoxSPRcz6AAAAAAAAAAAAAAAAAAAAAAAAAAAAAAAAAAAAAAAAAAAAAAAAAAAAAAAAAAAAAAAAAAAAAAAAAAAAAAAAAAAAAAAAAAAAAAAAAAAAAAAAAAAAAAAAAAAAAAAAAAAAAAAAAAAHjPqldiTqqsdc5LZTj+Ui0bhMTqWJ52HNYk3TSoSo5lTW4qK5v5tzz8suyntgeZx3oug0KjWNXxq8mf+7ViRU3N/MtuhjamS1ZiGu8cTtYadx9oedap4OJqWVL8koYzm+Y83Jhy4o1NG320n+MslWs6vCmqWLwzbOdnXkzGlNr9FuUxzfDbU0iGVr1mP5MR444k4kxsN065HR9InJp1Uxsbslv8ALOq0ZctuM9//AKZ1yUr3DXGVxFGzJktcjC7eEeTyMrmT/XozqwfH5fdOlb+TV4t4nux50w0fSoXY8U26rJxka/8At2T+VphEeVVJaRxphU67ivinS9VwXjSTjLHm3Gpl4xT/ANqYzxLovh7UaOIcXEztC1Ku/Brs5pvZpyW34WvZoRW0dWUtaumU4Sj5KlGpVc/qcdtjtpHTmlXLoAAAAAAAAAAAAAAAAAAAAAAAAAAAAAAAAAAAAAAAAAAAAAAAAAAAAAAAAAAAAAAAAAAAAAAAAAAAAAAAAAAAAAAAAAAAAAAAAAAAAAAAAAAAAAAAAAAAAAAAAAAAAAAAAAAAApZN9dFTsunGEEt22yl71pG7DVnGfi7w7puNnVY9sMnOqah5PdTOGcl80/8AFVrH4x3LmHX9a+r1HIyMbHpxlbNy5YRTcF8bnq46TWur+2Fp2sqeIc/H5o4ubk0qS2brnsmib48d41aNkWtCRzONuI8h1Wy1vUpWVry4t2bekxnxcU+6rfZKFzNT1HUbr8nOvtybrkuadsuaT2NMWOuP+EK2tv2sp2SW28eTZ9eprMyquIZjTb61z2SUidjNOFeMoaZ/B1itahhXfiUvVOs4vK8KuaN16mG2PJMdS3PwLxTpugQx6dF1TBztPydpvAlYoXUt/DOauW1dVzQtOv03dgZlWdjQvobdc/k64tFu4ZrgsAAAAAAAAAAAAAAAAAAAAAAAAAAAAAAAAAAAAAAAAAAAAAAAAAAAAAAAAAAAAAAAAAAAAAAAAAAAAAAAAAAAAAAAAAAAAAAAAAAAAAAAAAAAAAAAAAAAAAAAAAAAAAAAAAAAguKuLNH4WxY3a1mKlS/DBLeUv0RMRMjmDxR8W9U4ivycbT5zw9JnF1xqj0lNf1FYwbnldHL+mpZXzlZKb/EzeOlZUpS6AeHdGL332l9hyTp4vyrJST3b/UrOQ08Quse/LF8hH2J0pWXOTfp6/cczRGy6KW+7j9yvI0rVXp77PZl4ttGl7HJkpx9MOY03sbQ8MfFPUuE89c9k8rTnBQeHZPt+jMpxRvdTlr26r4N4m0/izRYalpsnyN8s6pv1Vy+GVmJhZNkAAAAAAAAAAAAAAAAAAAAAAAAAAAAAAAAAAAAAAAAAAAAAAAAAAAAAAAAAAAAAAAAAAAAAAAAAAAAAAAAAAAAAAAAAAAAAAAAAAAAAAAAAAAAAAAAAAAAAAAAAAAAAAAAAp5d8MbHuvtko11Qc5NvZbJAcT+I/E2Vr2p5F+Xa5udkpL7R7Rijq1xjUM97YHZvvy827ZmlTfTt3AtrbJWT5I9l3KWsmIfYSjD22+5RYs2m0l3ISv8LGn9FkZMVzQx9nJP7srK0KOZj17u6p7Sb6xa7EqqLyEpdVsiRTkoWLdIDzKMoR3b3ii20L7HSkoy3+Davakujv2Yc9VatquJN2fxaoTSb6GPkZIrMbTTt0XFkLAAAAAAAAAAAAAAAAAAAAAAAAAAAAAAAAAAAAAAAAAAAAAAAAAAAAAAAAAAAAAAAAAAAAAAAAAAAAAAAAAAAAAAAAAAAAAAAAAAAAAAAAAAAAAAAAAAAAAAAAAAAAAAAADC/GDVaNJ8PtYnfz811Lqhyd92ZZMnDWvcpiNuJdTu5re632S6HbMs4R85dCooTuk01Dv7spNkxDzjQ6tb7SKLPd8fwECR0/TpTcXPZJ/JWbRDSKSzLRtJongZCt3SsS5o+z2ImUxCA1OqiE5QrSlu3tsV5L8YiGN5NbTZeJZTC3q/Giyq5y04x2JFXDn6EbU9M5Zfwnr2foOr1ZGn3+V5kVRbKS6KttGflYfuxzEJpbUu3+HM95Wj41qthbzVra6D351t3OPxcs3rq3uGl4SB1KgAAAAAAAAAAAAAAAAAAAAAAAAAAAAAAAAAAAAAAAAAAAAAAAAAAAAAAAAAAAAAAAAAAAAAAAAAAAAAAAAAAAAAAAAAAAAAAAAAAAAAAAAAAAAAAAAAAAAAAAAAAAAAAHPH7SnE2NkTo0fEmp2UbzyZKX4fiBWmPnk5THomenNuR0sfXfY6JUWds+jSKzKVOhc26M1lSEdrlv7ESlcN1wv5u6SKymqUwVPLbbsVVa929isVhpNpX0tSycTScjFVu8pzVas+zHHs59I66uuGOnXe7LfdFmfaHvm5783RoEraL2tTZZC5zN7GpJPoB6xtoOMd+/U0pOlJT1EVk4ko80VKuDT37tb+xsrLqzwm4gU/DjA1C1RVlC5clVy5vTH3Z4tKzh8ua/qXR7q2xW1OEZwalGS3TXZnoswAAAAAAAAAAAAAAAAAAAAAAAAAAAAAAAAAAAAAAAAAAAAAAAAAAAAAAAAAAAAAAAAAAAAAAAAAAAAAAAAAAAAAAAAAAAAAAAAAAAAAAAAAAAAAAAAAAAAAAAAAAAAAFLMyK8TFuybntVTB2S/RDWxw34la8tf4jzdRhX5Ucqxz5ft2R061Gme9sJvl0/UzlaFpNlZSVyfsZpXWPWrUkntIJfbq/Ku5JEC60315ChN9N+7CV1q6jCiMqoy8t3bJ+z2XUD7mOuWMp1OO7j2+AIV7ck2+7AtffclCcjSljVua/EgIq2l05XlzfTun9iUJPT7m5Qm+8Xs18nRjncM7M+8M+KMnhniCvyGrcLLn5GVjS/DbFmfkYIyRv9wmttdOmfCPiV6xpN+DfDkv02yWNyy6S5U/SZbXZ6SAAAAAAAAAAAAAAAAAAAAAAAAAAAAAAAAAAAAAAAAAAAAAAAAAAAAAAAAAAAAAAAAAAAAAAAAAAAAAAAAAAAAAAAAAAAAAAAAAAAAAAAAAAAAAAAAAAAAAAAAAAAAAQvHmNdk8Gazj4v/M2Y01Bf2Ji0VncolwhrcJ15U67OaEq1yuE+8Gu6N5tFu4UiNIe9egzlaFrIql5gVTCTwa1zU/LkQKuq1S+rXRLeKISr6Tj7Sdl3SK7IiJTqYedQk/p1FtuEb3yy9kRHtM+l3dVVdj9NlJe/yJlNYiUFdjuG+7JiyJppaJeosqyT0bYvq7OO6IEXq8k8rdbcqfRL2QiSYesWzbInFLpJJo2xW10paGa+HukS13izFqU51Qp/1F1kIc3Il2M/PzfVikxRuXSmk40NB8TMfKtkqsXVceOO+u7tuj0U/wDCOHxM03iK2bWhtI7mYAAAAAAAAAAAAAAAAAAAAAAAAAAAAAAAAAAAAAAAAAAAAAAAAAAAAAAAAAAAAAAAAAAAAAAAAAAAAAAAAAAAAAAAAAAAAAAAAAAAAAAAAAAAAAAAAAAAAAAAAAAAAFLNcfp58y3i4tNFMn8JIcN+KWnvTOMtWxO6V7mm587akk+5bxrbxQi/thMvg2QtbI7FZChb9DOVoSqsUbMefRbekbTKtqFkbJVT910KrLyjayMIN7bopRpkWmXX5GNk0ybc004x9ti+u1JnpVwqnHFq55bcy7MSiqMzZ7zkvhlYha0o9dbDRml5TXLD/JCVhqM1ZelEQTKm5uDhsmpLqWidSrLbfgpBT1mdrujU5zrralv64b7uJwfK5OqwvhhuzxY1ejSeG9LslP8A1VOZXKiMk+b5bTMfB3fJ/wCE5J02Jw/rMNQjiZFTssouqU29uikehEzE6UlOI1QAAAAAAAAAAAAAAAAAAAAAAAAAAAAAAAAAAAAAAAAAAAAAAAAAAAAAAAAAAAAAAAAAAAAAAAAAAAAAAAAAAAAAAAAAAAAAAAAAAAAAAAAAAAAAAAAAAAAAAAAAABgYzxdrawM3SNP/AIasz8jkUnL8MYrcw8jf1WlMe3JfjJnx1Tj3W8hLaEL1Sl8ckVE18SJ+qJ/tS89tcWy2k0bSKF094kSPuIZrQuVJOGz7ohMq9tnmU7JEJVsG7+H1fqiU9NYncJON0bdPy5Thva4rlZbl2rw6RMcubh6yyiOum3NsCjD8ZKF9z7xW/ZAUFHmu5pEC51CpOqF0I7rZJv4EEtveCmsQxtOztPU65ZF2RVZTTZFfpKcTz/lcc2rF18M/pmX7QePetA0TMusdyx73X5j72c4+MtMX7/Zl9Mo/Zw1aOq6Xl6bfdPzMOathW3+VnrZqavtlWem4zNIAAAAAAAAAAAAAAAAAAAAAAAAAAAAAAAAAAAAAAAAAAAAAAAAAAAAAAAAAAAAAAAAAAAAAAAAAAAAAAAAAAAAAAAAAAAAAAAAAAAAAAAAAAAAAAAAAAAAAAAAAAGBpjjnUK8jxKvnVXCy7SMNbc63SlL3OPz7TGKKx+1sfvbmniG+VuVdkpJOzIsm136tnp0rxxxDD9sWtk3Nt+7M5XUJvciUrjGUVH7lEqjaT3fuEvUZtQ6ED1RNRaImF4ldKcZfib/yUWmVK+cEtki0KyjrHu2XhSXmCSkBWTclsgK0IkC+qocoTXNvFx3Ak+FtSu0fUtP1ShuE8a5PmcU1s+j6M0yY/txTVWJ42dH8SQ0TXPCS9Ru8+mrEWRXdJvd2HgeN/w5OMe29+43LBv2bZ5z4vhfjNfTOiVd0W+59Dnt6c9I9upsacbYKyP4WZRO1nokAAAAAAAAAAAAAAAAAAAAAAAAAAAAAAAAAAAAAAAAAAAAAAAAAAAAAAAAAAAAAAAAAAAAAAAAAAAAAAAAAAAAAAAAAAAAAAAAAAAAAAAAAAAAAAAAAAAAAAAAACyyKaTaXxuBp3M0vAu434mwYZV0nmcl98o+qX6I8/5C00it2mNznxvoEtD1+7AeVXlV7ylVZD3+zXsz0fG8qPIqwtWaywbIjyWtFrJhby7lVlxXL07JdSB6cm107ED51h2/wEvS7bkC5xKJXT5d2EvmZQ6mkwSsH0ZKr7Wt5BML+ivZdiE6VXX6E2iBUwZOFvQISel4H7zzMHCjfCj6jI8pzn2h92bzeMePlKkxuzp18PQl4eVcMYsp724zTuhDZOT327/Ox83Ob/AJIyOrXWmnvB7Ub+HuJngZadGVC5Vzg2otezR7+X861vVhT+nWmi/T0QdUZ3KEusVY99ylJglfmiAAAAAAAAAAAAAAAAAAAAAAAAAAAAAAAAAAAAAAAAAAAAAAAAAAAAAAAAAAAAAAAAAAAAAAAAAAAAAAAAAAAAAAAAAAAAAAAAAAAAAAAAAAAAAAAAAAAAAAAAABHcQalTpGk5GoZKTqog5yKzKXOPh9xLPWvFrVMlcsVmYlirhPs2uqMPkqawJxTuU/4paFVqvDWqZVmJ5V+Mnl1Ww/FGxbKe/wBmeR4meaXhresOXc/1SVi/N1Z9Had9uaFmurKLLmqK6ECqoxit2lt7Nge41Jro02/YhL1kQ8qqHXfmYSu9K2hbHd9yJWqrahXzy5iILQgLFtNovCj3RDdiSEjTLliuZNbELPtr9L2IQqYUerlJb7dkvkIbD8HIRp4jlkXVzkoyjR0qUlB2Pbm3f4WcnyOWa4opWV8dfy26A1PKphTOzUsyGJh4jnkTuj+Sn8EP7+l/5PIisX1SP209dy5X1/Lozdf1HMxHL6e69yrk1s3Fdm/ufVYMfHDFJcd53bcOsPDnVL9Z4P0HPd9kXChQmpQ6ymujZwa1bUOiWxa3vBPdP9DphmEgAAAAAAAAAAAAAAAAAAAAAAAAAAAAAAAAAAAAAAAAAAAAAAAAAAAAAAAAAAAAAAAAAAAAAAAAAAAAAAAAAAAAAAAAAAAAAAAAAAAAAAAAAAAAAAAAAAAAAAABq3x/+v8A+CJVadjW3qy1KzkTbgitI/MmenMPCl9uFxHiZtcJTlTavTFP1/KN/JrGXHbl6Z1nUumOJ4q3hbUrcin6vGso3ljKTgnLb8akn+h8pjn8nbLjzU6lCLSkn6n0X6n09e6RLl/aOre0tyErmuCkko937/BA9WyUVFNAVsTll27/ACQs9ZjUuSC/KwK+G1Frp1ImCJScMed0FsurC6I1DT76nzyg9kTEqTC2qi000EL2u1drK9yE7XDtoVb2qfUG3qNTq5baXtbCXMunSSJQ3L4L6isjEycWNUatrpWWuCTlPmXTueT8pXjalmuKWT+N8cinw5yPoqrK589Ucyck+ecEY/H95o2nJ6c+aHOqWo48b0nX5ilJM+mtuay5I6l2fwhkvK0jS56diwrxKIeXNcyTkcUT01lkun13VO2E5RlVKTlHlZaN7F2XQAAAAAAAAAAAAAAAAAAAAAAAAAAAAAAAAAAAAAAAAAAAAAAAAAAAAAAAAAAAAAAAAAAAAAAAAAAAAAAAAAAAAAAAAAAAAAAAAAAAAAAAAAAAAAAAAAAAAAAASb/L0RAxzjHKlj6PKEp172tJL32K2nUJiHOXCSxMrxRzLcLHhe6lO2mqPSMZ/wAzMfPyWp4vRjrE3223rOturhnVZtwxZQonyOC2hVuvh92fP455Txh0S461BynU5Te8m29/nqfW8eNIhx/tGR6PqZLr2n8K2fpA821udnqkBd9KYqFff3ZCy603EVj8yxeiIEi8amS5obS2JQlMRQSSnJJr2+SFolIZdFd9TXTZrrsU9LxtjGo6WqnJ1omLKzVExjJy+Eiyq4hGbfoi1KPswhXjlxprs547SS6bsbGR8GcWZvDWbN4zsdeWknWnsuf2bKeZ40ZsUf6KX4206M1WmOt6HftFvC1OlO+E+0bNtmn/AH5WeHjnhMWbTH6clzps03VbsW6MlZj2yql/Z7H0+K3KIly2hunwY4zz8zU7eHc22DrupnKiXaTml0RzeRi4dw0rbcab84c1CzJxsSyumfluG1rXZP4RjjstMMmOlQAAAAAAAAAAAAAAAAAAAAAAAAAAAAAAAAAAAAAAAAAAAAAAAAAAAAAAAAAAAAAAAAAAAAAAAAAAAAAAAAAAAAAAAAAAAAAAAAAAAAAAAAAAAAAAAAAAAAAABQyW0opNeqXKUv6TDj/xZ4p1HM451emjUcuGHXc6o1RsaSSL4ccTXaLWlb+EOq04vFVlV986Z5KjCuSeye0usWcvy1JnD+K2Ge2y/E5ZescAZ08Xy/paGpOvk2nPZnkeDaK5q822XuOnN+cufFTgku6Pqb9x044RMI7xOdouaNn0TSbexAvp465FOMNuRbPr3ZCdKlFCnOL+fYJT2FhNQ6pgU8zKx8KtWWQlKMpcu6IiTSrTfWvUmuR9UySF7DU6kuWuLlJ/lS3K6XiVlqGZPknK2nyalvtKXUCwx8WM6655bjXGx77e+wlEQtdZjHFnOH4pbqUJR7OIiS0LOiPnXxcm5pfPZEqpFY1+VlYuNhQldlWz5KqYfibOudRTcsfdunSul269dwPRpflxWtW0p2ycuaNVP4U18PofL5bV5TFHZDnvxAx8bF4tzacbdOvlVvXdO3b1NHtfH2mcUcnPljtIeGl2ZRxvomRp1LtvjauaP9H5jszxuilPbr7hzTMjSvNrU4zjO1y5V2jBt7HDWmrbazLJToVAAAAAAAAAAAAAAAAAAAAAAAAAAAAAAAAAAAAAAAAAAAAAAAAAAAAAAAAAAAAAAAAAAAAAAAAAAAAAAAAAAAAAAAAAAAAAAAAAAAAAAAAAAAAAAAAAAAAAAAU591tBye/t7ESNBeP2j6XfTnZqw6sbPqSsVkY8rkKXmLaJjpoPhfNjpWvafqdtUbY0XxnKE+0ka58U5MdoUpbUup7MhqKsrjGWFlUuFMuXflUopx2Xx3Pje4tqXdqNNG+NPC1Gk16bqmBjVYtWUnRfVXLo713kke98b5NrRNLMMlNS1JVHZbM9BmRhGu7eXUiUwl8b+LRybLlf52+xWFpV245EoQrthBK2MV8gSV2Tes1YtF8WrXy823sxKYh84iyP3no8oQjGNeG+emKXaC6MmIRadoXSrK76Y132y9Etow+wlEJTHhbHM3jKtwsjvFy6bJBO3nIacHLMnOWLVNPZ+7ZWVvbxkZeDWrJ0TlZB7Sjv0cX8MjsiIQ2Tku612b805rljAmsaRa2/SYwcX6HAjPJr9T6pfzN9kSiGX+FmDDK17LyZKx5FFO1Ch255tR3l7pGPyN9YYhXFH5bbuisfGzMWyy+WFhWcqybV151U2lUl3Sb6ng7iZjbpaC8YrqreOcmOLRTRTCtbRqjt3bfU9/42P+Hbly/yU/C3OeFxNjzbjz9lzM7c0TwUp7dm6by3Toy/qZzsuri3Hb09jmiYs0S5ogAAAAAAAAAAAAAAAAAAAAAAAAAAAAAAAAAAAAAAAAAAAAAAAAAAAAAAAAAAAAAAAAAAAAAAAAAAAAAAAAAAAAAAAAAAAAAAAAAAAAAAAAAAAAAAAAAAAAABKSXciZ0NX+L3FmZwvoOVqel3qvNlkwxqZJ8y27vdGVY+zJuJWn8Yc28Xcb6vxVDbVJQjFtSkq/zs7KYIidspvuGKWbz6G/6Zw3t4Ia5frE7Kc6SksOuNXO5dXFx2SPmfkvFrhvGSv7duK/KNJHxwvw8HgK7Tr8CcrnOEqMh9dupzeFExljXta/cbcySW02j6O0S53m/q/uVFTFnfLamEtk+xCdr7Co8hQyLPwNtbkLQlVyPIeRyrmjXKbe/TpHoRK8PCn/opV1r1SonCRKiA0uXJe482267kohN2TmoQg5xu683Tv+hCVlq+RflOip1qEF6UkSjb5n41ePguSW020gTBoeNKd8LpcvNv7iSE47IZ+oStul/pKVt8JpAZ/wCFfDttmPHiWGoUYuDLM8hqU9p7L/ujg+SvukLYo7bO1zN1GPDPEOs4cIvDpx5V0UT6Rkve2PxI83xa/ZfX6aXnUOVbL7b3K26yVtk3zTnN7uTPqaVrWIrVxzO5e8Rbtrfv2/U11tDov9mvimd/1ek592RdbSual2PdVxPN8n/gtziG9Pyh0EpxcN91saVvFo5QjT1CabezLRMICQAAAAAAAAAAAAAAAAAAAAAAAAAAAAAAAAAAAAAAAAAAAAAAAAAAAAAAAAAAAAAAAAAAAAAAAAAAAAAAAAAAAAAAAAAAAAAAAAAAAAAAAAAAAAAAAAAAAMf441tcN8MZ2pySnKqHog/zTfSKObPaYiKx+1qRtz94y26ll8L6RVOrmdMrLcicY+pSf85bwK63szS0jO34/uelyYaKHvGTZNSW7/BjhjO03THrlmPBTzUvp5t7yqhF9+VfJ858t5HK311/Tqw10u/HXyZcG1zeRPaWeuSifft6pGHxtZ+7acvpzrktKa2Pfuwh4nFzjzIolWw0ndDmlyp9N/gJZDVTU6o0WbeUl7PrIhaFLIqqxsLMVO6UkobS6te5Te7L61Upg5eTObXq3W39i8qxDHLK/KyXH7kxKto1KZw4qNae/qCV3kqu2hKUtpVvmg/gCI1jJV7pqr/L3+7EFknZ/pcSCjspTjy/2+QLSLlkzhiQk40rrNoKtl+DOXXj8S36dOValm0TqonbZyKE/wD+2jk+Swc8UWhbHbVtN2Z+gzuqx6OscC6mVFkJT367dZJrvzf+Dx6VmnG9W0y5S4m0e7QdezdLyNnLHscVKPZruj6fBljJSLOS0aWFc3CacX1R0bUZ14SzzbuNa1iRy7PNhOFyxk+zXv8Abc5/KrzxzDTFOpdUaNZJaTi3qN/VqNlFifomujPnrxkwevTriYvLJ8RObdzm5eYk2mux7GK3OIttzzGp0ujdUAAAAAAAAAAAAAAAAAAAAAAAAAAAAAAAAAAAAAAAAAAAAAAAAAAAAAAAAAAAAAAAAAAAAAAAAAAAAAAAAAAAAAAAAAAAAAAAAAAAAAAAAAAAAAAAAAAANIftA6pZn6zoPCmO+VX5ELMhtmV43aFobUz8Wqrh++mrGqnUqtk5tNNfLJiNV6Q468W8XDxeLJLBUIc9SnZCHZTN8MzaO1LsTpkrEkkn7HREqOneDa408NY+Krp3+RRCu2yCTcOik4pr45j4/wAu3LLaXbT01n+0FqVeRqWl4GNGSox63NyfeTZ6nxVK92ZZplp3Ljyy2XVI9TIzh8x+j2a3iZLPUkq75RAkcC3Zb2btR6kLwuNRf+hjzP8AiS9TIr72teetPEbkliz/AJe4lESstdp5MlXQ/wBufVCqLveJa4wS2X6koh9ulLbowI/EgrMzeXSMerJRC7zMmVzlNvfskBfYMFRjyjJrnntKb+F8AMueyk99ovZxfudUViadspnVnRPgpruo5/B9bzpzzFiylVVFrefwtj53zMdcWbVHTSZtDXX7Q9tE+KdNjj1qMasTlk0vfnO74yd1lnlhqqe/Lv8AJ6swwdPfs8zxMPQVThQoeTm07+bP5OObfl22Ztxdrd+m6pw9pk7q4/vK54t18X0hJLeH92cnm0m2Pr20xzqWwKfwpfHRm+C26a/pnL2boAAAAAAAAAAAAAAAAAAAAAAAAAAAAAAAAAAAAAAAAAAAAAAAAAAAAAAAAAAAAAAAAAAAAAAAAAAAAAAAAAAAAAAAAAAAAAAAAAAAAAAAAAAAAAAAAAABgaN8SrIan4zaJp1VcLFiVK2xdudspmnjhtZNO7RCA1zi7j3WdY1XQ+FcP/S4U3CcIRjY4Jezmzlwa+uOS9vfTQ2sxy46hkfvHzPrHY/OVn4lI9HHMTHTG0Lah8jUvym0Kt8eCmo26jw5l4EpSjOi52RcesrfSfNfK4Yx3i0ft1YZ3DIeMeG8LjHBx3n5cq1HGlVjWyik6L/ZT2W7TObxfI+mYWvTk5f1GqdF1lVn465uEv1R9Jy51izm1pQU9pR9kQsvKaXdbKTa2KWnS8V5L+OK8aDlY4pLuubqRvlCdcVjk3u6b67lojSszsh1WzJF1Cdd1EsfIbUWvS/5WQPVOn5NOPZZOtuNa9b9gnS1larKpOrZIIlT02qU5uFa3lYSiIXssJRtgptbKXq2ISvIwo5bIy3c5PoBfaDoGTxFq9WlYk4Uzubm7LN2q4RW7bNr5Prx8mXHdm7OFdH/AHHouPi+TKyvEk7bJQ9EndPbkin79GmfNeRknLblLrrGo0wX9oFPG1/HxZ8qlyKT7bvZe7PR+JrqbSxzS1LLt3bPblgktH13VdHqlDTM67GjJ7tQkY2pWe5WiZZ54fZWTxBoup6LPmsy2/rYZk25Trsj2f8AfscPkax3i8+p6bY53Do7wg4qnxVw7K7KrdOo48lTlVS7xmkXwYfp3EK2tuWdm6oAAAAAAAAAAAAAAAAAAAAAAAAAAAAAAAAAAAAAAAAAAAAAAAAAAAAAAAAAAAAAAAAAAAAAAAAAAAAAAAAAAAAAAAAAAAAAAAAAAAAAAAAAAAAAAAAAAMDU2kYTzvEfinO2i7L39HjTmt1BRW7kcXm54/HBHuWmOs93XnAsMDgXQPo7LXkahdZvOMFvO2bfdnn4/NrW98n/AOohrbHMxENceK/hnfqer6jrUNRxYZ2VNThgKL+PdnTTzvo1GT3P6/pScfL00NyTqtcZR2nCTi0/Znu1/KOUOWemxPBnNyLOJ46G3P6LKc53urpYlGL7M835Lx65Kc/3DXDaY6dAaZpdMKK7Yt5dV0HXBtbOKXVNr+bpseBFY/i6JlzJ414NGleImq0YmKqaeaM1VNdt0e94m/r0wt7YNRT581BI3mdERtPY+OsWDtsj2W0EZ+2sfjCJ1C7extP1vv8Ac1iGUyo1dV1EkL7Hqc49E9yFoecmrypxcu24JhNu/Hliwodye6+TNptA5ODZjSfL1qk+jRpEs+L3DJeHOClBSW3SS6Me0fxXslTdWnXJxm/n5AusWi5XRwsyMY2T/wBqUvzfYjSWVeGdDXEGdPkvXJBUU3Qg3KqcmcvyOTWKK/2jHH5TLd+YoeTfqOHm1rTLbIz86afo8veLnL9Dxp3M/wDlu5p441OjW+Jsy/CblhRk4UTk25Th/M2/dvdn0vh+P9NOLkyX5Sx3lcZdDr0zby8H+GeC9d4Xqo16mMtTy7bK1e7OtTXZHkeXnmmWKzOnTSv47bY4T8NtN4a0e3TarPMzGm1luPLN7nHm+29pi89r1mI7hT0nRr+DuO8fUIws/d2sp05vq3jXf7WfbmPU8ebfXEXZX1vptE2VAAAAAAAAAAAAAAAAAAAAAAAAAAAAAAAAAAAAAAAAAAAAAAAAAAAAAAAAAAAAAAAAAAAAAAAAAAAAAAAAAAAAAAAAAAAAAAAAAAAAAAAAAAAAAAAAAAFHLvVceRSStknyIpe8UjcpiNoXh7SaMOd+TB+bOyXST6tfJxYK1va2a3c+ml5mPxfOIKcaunz7Uq1GcW3Ho5Hm/I1ilZtWGuHczpp3xI1K7hhfVZc7JrIbljc3WU5fDOXxcVvKvDS9opDnnNnK7Jttm1z2Nyb+7PtqxFaxEPMmdy3R4JcL3Y+j3cSwzYUZdzVdKbXSrm2k2eD8n5O5+qJdOKn7bh4hptjo2Zfp9qXkRlbGcmlttF83U86MW53VrycY8SajdqWoWZN1llv5Yym23yrse/4+H6sUMJtuXvQXVSrL7luuXZL5ZaVq9PWblT8reUm0uyZbSJlDOTnLfuyVV/hwU0tkVW0mseKhU/Tu2FnnKojZVJSBKFlB0WOM+sV7hVeUXSjFdear4YTD1m4sLqeevpL2ELT2jqLJ1SXOFGQXZcc7GqhP8cF6Je6A2B4XZWsXw1j6e6uOn4rqysiuyCkpS7cxwfJ03SsrY57bT4t0/wCr4Xy9MuvkrLKvOhlXL8an7bI8rF+Nom7WXKM6b8XJsxbYuN9cnXKL9mj63HeLREw4ZhXhX5k1X05uxqq3B4R6XRoeLVqur1/VYGpRkowg/Xj8j25z575LLXnxtDuw1nXUt68PanW2qnmq+VkVPG3W29a+DzfEzTXLNbTvTbLTcbhkGsRohpuZZmy86iWz5P8Aske/e+om9ZccRudJDAvV2PGWzUtknzF8GaMtdwWrNZ0rmyoAAAAAAAAAAAAAAAAAAAAAAAAAAAAAAAAAAAAAAAAAAAAAAAAAAAAAAAAAAAAAAAAAAAAAAAAAAAAAAAAAAAAAAAAAAAAAAAAAAAAAAAAAAAAAAAAwMf1rUMCGVbj5djrsThBy5lHbffbZnN5FomOK9In2wfS+Is3Qsi6mEJZNEpy9EvZ/J4WLzMmK1nVbHFlxqHFeXqOiz1LGxqPIhKVbi3zOM/Zsz8i+TPHO3pOOsV6/bUvF2qXZvDmbDVLZZNaXNX5j38uzdbOJ0/HzP3V4KZdcWnrn5jT3fV92fWz086HU/h7h6Hg6RpEsVVW2/TR3lXH8X8zabe/U+P8AJtXJmnm7qxMV6QnjZr9+DwzjacqIUYeo+YobfiUV8HX8fi+20TMarCmSdOZM5PkW62+x72T0wqq0zUaUjBotci3n6P5JVVMCpzmvuxK0JavlolzyXpT5bF8fDKrLvmlBNrflYNkrZRg/T+gSsp1qcG3tu+r3CJWW8qLHy+qsC7rsag3DrB90BRtp5mtuzCFaqvypxUff33CV69TzNOyZ3aflWU2veFkoS/FHbs18G9sUZKdst6s6D4LnXqnDmBya5C6jyoQqco8nVL1wn77x377o+Yy45peaS6oncbal8b9I/dnE+LkwqSWZjJzsh1hOcG02n+nKez8dk3i058sdtc028s0/v3R6USx02b4fcbafp+kT0nX1bDDjN3Y2TVHmlVJ/iTj7xZ5vn+FOeOVfbow5OLeeh5Wl4Or4ODHMg8eujnqvaTU5SW6/Q+d+iK5fys6+czTqHninV9R1Dgq18L1vMzp3LCuTn+Dr+NI7cNazM9s7dSxeeb4h6NxHwvPOos+iWRGmaq9Smp9Gpnd4+qRqFMk8u3Qa7HosAAAAAAAAAAAAAAAAAAAAAAAAAAAAAAAAAAAAAAAAAAAAAAAAAAAAAAAAAAAAAAAAAAAAAAAAAAAAAAAAAAAAAAAAAAAAAAAAAAAAAAAAAAAAAAAAFtq1llGk5d+OlK6FbcF8yA5R8XOI7fNxdLhkTsuxY891vZzufUr4uLczlt+05LfqGYZOXZq/CWg8VY+VyQxo+TqVcOzezXPJHkeX42rzqHRjybhg3GWvS0zSMjH0/Ndc8ppx8me/Qy8LxZvkibx1C2S8RDXebreo6lGFGZkysqh1UeyPew+LixTyrDktktbqVnfLqdcsodGeDk7IcHYnn8/muDdU1LeKTk9lL4PlPP1Ga2nZTuFfizh/A4j0++GThairseTULq5Kc65vvWl2kivieVfBOqJvSLOfOKdHzdM8tZWJdXRZu6LpwaViPocfkRmpuHNxmsseldywSXclZ6wVGVrc9n9iJITWmKMMbKmoJLm+OxErVXaxlZmQg4uUMmt19PlroyB6w8rzcGuqVSc4emX9gQo5l8VbCH0qlPbfo9ugFCy6fNFxx4xSXaT33BtbTybsiUoyioxi+yXuBQhKcG3Ht8MkVoZCX5ehAq/Uqe0fzb9Alc04Vubm4uLStp5E1FSf4YrtuzotkjHj5Sx1ys33wxpGNoGn42Apqy/G3lPp/Dvm+ja+Vuj5XyM85b85ddK6jSD8ZcXTM7hf6qznozMDkrrUI7Vuc5buKX6HV8dln7eEKZa9NCpbSa5XufROVVjNOTTfTsyyW9eGOINC1jhrEy8vUKMLUdPrUMui7p56j2lX8to+c8vwrXybo7MeTUMy4b4np0PgmfEWLgXwv1SaqxsFr8d7b5XF/wApTFgmubUyXnlHS24C8R9Yq4snonG2LPD1KzsrOkW/Y6745pH2452pExb8Zb2xLvPxa58soOS3aZ34786xZlMal7LoAAAAAAAAAAAAAAAAAAAAAAAAAAAAAAAAAAAAAAAAAAAAAAAAAAAAAAAAAAAAAAAAAAAAAAAAAAAAAAAAAAAAAAAAAAAAAAAAAAAAAAAAAAAAAAAx3jq/Mo0S6WD5LddcrrVYt24RXsY5pmY1/a1dRLljizgzVYcNV8Y6rdXyZ9/N5D3c+WXaTZNPMp9kePEInHMxMsr/AGfNVoza9b4XzHYqcytziufl+zKefHqycX9NpeHXhxofDWhtZODTn59ycrLra1Z+kYl6W50jaJ9tD+N3D2BpWp1ZunUQxpXzlCymtcsU17pG2C0z0raGr7XLl6nXLJnnhBxf+4NZswdQt20fP6ZCfs0jy/kPFjLTlHuG2O+pb/0m76zBhKuDuhbBQrse75qt+sJSXuk+583Edy65Yv4vYeJDw1lRruTk2Kibs07yYRiov2izt8TJk5176Z21pyta3zNM99guNOXPek+kYpyb+yIlMMgwK5fuhy277shMJeqverCya994WQbe/wB9gLSuiMNc1PHXaMnZFBKhao2axidOk6nzf5AqZKVFkXsnzqXR/YCyw4p6jl1rslzISQp1w57LITiudrmRCVLkhOufJ+JAWT5lZBEwrLcHg3pFmXkT1CUHOEL40NKxbcvdxlB/iTOH5TJbrFC2GP22RPEyMDHvsd6nKVEFGTXK1323aXTZL/8As8Xjtu0z4mcZR1uUNOwvMeLBqeS3PmjO5LZcp7nxviTjib2c+W++mASgp7Sj0Z7GmC/0DCrzdbwsbI3VNtqjN7lMm4rtNe507M4d4f0aPC+Fh4+j1WYl9bhkJVrZr9Tkietw1VIYvD8K8bha2mqDp9eMt16JKT5Wn+VnnZIrznHPW/TSN65QxHxm0HM1/SNP1vQMaduuaVfyThBLzNh42SKzMX/fUq2jXpn/AIe3ahdocJatj3490tpuq7vCT7o7PHjjuv6Mmp7ZSdLMAAAAAAAAAAAAAAAAAAAAAAAAAAAAAAAAAAAAAAAAAAAAAAAAAAAAAAAAAAAAAAAAAAAAAAAAAAAAAAAAAAAAAAAAAAAAAAAAAAAAAAAAAAAAAADANQpv4zws+vHz3iafdKdCsqjvKcYvZo4PKzTjvDWsRp5zs7DuctOydPxp4GC4queR+FSgto7I8W3kWjlMe5bxj20Ctfw8DxxlnaTHy8Z3KiTrSScmtpM9nxa3nxPyY2mIydNq+LHiTqnA2p42NhY1OTjZdCvrb9LiW8SLzMx+lb6iHOXFnE2ocU6m83U3FS/LVX0hA9XHjirntbaBs2fQ1lUqqnZONdcJTsm+WMF3k32SM7TEQtHt1n4brJxtA0PTrb6Lvo6kp+Xumm3s4P5a3PkvKtF802xu2sajUsU8e8ZU8H12ZErJ3Oe1Mub0wTfWOxv4VZjLVFvTmPKTjbI9+3tzQuMKPLRZJdXZJQRVZnteNGrTXTt3pfZEJWeDu9OcYpuSxlLZfKkSK2r1/S8ZVTk1GORDuVSja0nruS4yc66lypsBlydkMScuilz7NdyUKeBDl4gUe3mURf8AmKAt1HlzaOXd7ylWwlbNOq+Vb6J9UJIe4KKuXp3/AFEeyfTd/g7gvTtHWrTqhmUZNU6oQrUnZGxPrFpL/qeN8leZzTX9wvjjpkHFsrsjg7V/MthjuMLJ1Rjd62102Rx4NfZXk0v6cwJ8sVHt7M+uiXE9wl33e6LRKFfHscZRkpOLXZrumT7gbk8LPEjX4ZVOm/71VUHJTT7Hn+XvDTlVti/OdS2Rw9ZpNmu51+vVuGozca4ZCnvCGy/D099zw88xf/jyz37iXVG664M34e1Wy/JyFkUxioSglbHvau3MzDws3PJvJ7Tlx6jplkp8icmm4/bqfSRM7/041U1QAAAAAAAAAAAAAAAAAAAAAAAAAAAAAAAAAAAAAAAAAAAAAAAAAAAAAAAAAAAAAAAAAAAAAAAAAAAAAAAAAAAAAAAAAAAAAAAAAAAAAAAAAAAAACy1XIopoVeRZ5ayJKiPXZty9kAropwcerHxqFXRDolFbKKOXyP4blarCNf06rMnl499tdELLpKM+3K3H0tM+Zvbeeax6d0R+G5cfWc+FrVtbl5tmNlOLkvztS7n2GGeWGI1+nnz1ZvDx8hHO4E4T1KpWKOzgcfiRqYaZP20DP09PdM9eJc2nhqKactxsbC8FNOxdQ4sVmZdVDyI/wAKufe2b9onl/J5eOPTbDXc7dK2ToqjCyFFVaph1rjFRblvsotdu7TPBm9ep16dERLTv7Q3EjyXicOxrpVWM/qLLIy525/CPY+Ox77/AKY5Jc85cf4zb7M9GzOEvpWO551FCSaqjzSRRZm2O4zeRXv+HHm5JMJReG1CdEH+fAf/AJAcb71w0/Li95qEWVWn0jsCvkwJXP8A3LW3uERC6z06lpsa01vXPYkW/MquJ6eXry0Q/wD1QHnISjmzftGyFy/RvZgl44ijXTqMJ1/h5Nv0YkiFpj2Rls/cmkbnRaem3vBbVcy3Ov02/UMWrHwpSsqwL/S5eYtm4NHnfLY/y5xCcMsqUoX6nXi5Vd9lM3KVtShySViW04pfGyXU8iY46bNAcbaVVpfEOVTiP/SWS8ylb7uMH7M+j8HL9uKJcuSNSgYt7nYoneFOHdR4p1OvA0innvl7ye0YibxWCIbn4a8I9d4SzP3jrVdGThQhyW/SXfxKji8zeTHqG2L8bbYVofH1Okavl1ZuLLKw7cqdlPlvl5W5e6OTy/j/ALYi9Z/S+PNqdS3DpfEOc5q/GohzxvhJp9f4cu62PBikUnp1zabNh32R0zXIX5uVc9OyYxjCFkkqsefZKPy5M9rBebzWrkmOmXnrMQAAAAAAAAAAAAAAAAAAAAAAAAAAAAAAAAAAAAAAAAAAAAAAAAAAAAAAAAAAAAAAAAAAAAAAAAAAAAAAAAAAAAAAAAAAAAAAAAAAAAAAAAAAAAAc+/tLcS2w1rStI022VU8ZrJlOL7T/ACm2Om4UtOkt4ZeI+dxTg6hjarbSs3T64yjcuit9t2jyvlOWLURPTfD+SM8U+MsHQdN+jyHkz1lRm41uHSbfaTZ43j+FPkXmauq+WKR25mplOUpOT/iSk5SZ9VSvGsRDgmdy6z4F0bTfEHwu0nD1h2/TYs4tqqSW7S7HHSNZZif1LS3qJY14veGnDen4Mv3HivGyIV88Wpt7s6ucxKnHbna6KSi0mn7p/J0s20/AfW8PD1GzT8mONVkZFqdWROCdiXaUYs8b5XHaaxerfDMem8KMh3VZkMeM4KqyUIxmmt+q5X8Jb+6PBmI7l0NS+KvButZ+o5WsUQryK6anLK5FyyhP427Ske94Pm04xT9ufJj720bKrny6k+sN92ejaYnuFKxpL8Mp2ZGTkNboqlNaU3Zm6nF//wAdtIiVoKtoZekNc21uFy7Jb+7ED3xjXCzhzAtgm35USEofDlN6VCMpbxT6L4BVca3P+NpsW29qmgSi7bt9dU2+qhFP/AJXWXZvcpLpzVyimv8AKCUFl5Nl01KxtvYlVU05t3LdrZLcvjj8lLT0v6LL3rWNbTbKnJ86Pl2xfWMt+jNM/HjPKNwrR1HOr11WZ2fHMyKXy25qShzya2S2T/Xsz4+1t707YaM8YdIlharTkztqcJry6eT88T2fism4mrnzQ13s02+57LFtTwH4gxND11wzbYUOVsZqyRjkr+1qukeKtc0zF4Z1jPws551mTjWctVc009o/K7bGfOOWtrRDiHN78ylu991LvudNo6ZxOpbBn4iOXC0sLAhbRqdnlqdy/JyvumeNT4ufu3P8XVbPEV6RnFXH2ucS5GnS1C7kWFUq64UtxTa/O/uehg8WmD+LC1+TrXwj4vXGHB2Lk2T3zsdKnIX3+TS0aIZsQAAAAAAAAAAAAAAAAAAAAAAAAAAAAAAAAAAAAAAAAAAAAAAAAAAAAAAAAAAAAAAAAAAAAAAAAAAAAAAAAAAAAAAAAAAAAAAAAAAAAAAAAAAADzfYqqp2TfphFyf6IDiPxB1yWtcUarqtk+uTbJVR+IrojtrHGrGZ3LEMW/Khc1jXWVvpzcktk0nv1OfJSL+4aVnTLvEripcX5+HnvHdLqxYUPfvKSXqZh4Xhf4/L/acmTlpg9XosT2T3Z1TCkOk/BDiKGieGmrapZGu2ODJpR32b69jy81px5ZmrpiN1hiHiZ4zWcTYjxdO02WLBx282x9Udtcc27ljM69NN3T536dunRNHQze8O2WPl0XRscJ12RkpL8uz7lL0i9ZrK1Z1O3UGm6/j8T8KwyMWydmqVqNLknsro7pbtey6nyObDbFea2h2xO2ZaW8nKprnDHrhO6qUo2tbxx5bbbOPuMdtW2Wcjcd6T+4OJ9SxZX1Xzi366+3NI97xb88ff6c9o1JwylDBafRy3bOhC70Rr6zU5vt5LSIleFSbUcjhzkTb8jb/8hBK44kW3D+JCXflfT+5E+1o9Mb0+xPBUd93syVYVtXs8zKwPhVbkEo+9qWq2tLokl/0JRPtf3bLHpfb1oJ0x2SblJP26FlV/pVL8xOC5pfBpi/kpaOm2vCnhPJWE+I6lzZF8LaasedfaL6KyLZ5PyXlTN/qo1xU622bqnl6Vw/V9TgqeJi17pwacLbt9m9/ldkeJE76dDQXivql2dxTPFsr8mvEhGMYbr3Se7PovjMMUpycuWdywxp8v2PUYvta6oDZWnyyNP8LcuxWZFayYvlhd/t2KUkm6zgy15eTVvX+DW2TNdYwT5TutLAoe23yKiu1v1fYtobc/Z54unoHGFWLbY1gZ7VM4+yn7Mreu4TWXXRguAAAAAAAAAAAAAAAAAAAAAAAAAAAAAAAAAAAAAAAAAAAAAAAAAAAAAAAAAAAAAAAAAAAAAAAAAAAAAAAAAAAAAAAAAAAAAAAAAAAAAAAAAAGBgHjjrq0TgPIULfLyMx+TD9PzGuGvKyt51DjPPvd10uVbRX4V8I6LztnELamTiVhK5v6UpvqaT6VWneXUz0s3fwVXB+A3ESUqJuNvMudbNHl5+P38XRSfx20tkQmpLfdOfqPTYSt1Frfr1GkPKTTf2ZVLa37P1k5cXTrlj+biRondfy+2x5XyeOvDnPuG2Kf06bqhjfTRyaJyqqsgkm2229+z33PF3GpvHW4bT/TkzxvxJ0cWu2WHLEWRHzlBx2T3k+x6/g74zvpnkY/pFvlw8tdnBtncqr6DJRtzm1v/AAt9yFoVsmTV/Dc/ih//ALgl91+yU8PHrm/VGvsRK0emN6fLZNP2ZKF9NStysWS/9tpfqCUZXJyzrZfMiVd9pWyUZY9dfXzfMXT7ELMcb9c2/eRZRNaJRLKvxceuUVO66ME5PZdX8k1txiZRLqfAwsXTsHGshZ/pIQdePjQi3CEfhJv5Plcl+dpu6YjTHPEPWY8I8Mu/GhivLurUaXOLac5fm5HvFyRt4mGM2WsQi88Ycz5EpWWznbJzsnJylJ+8n3Z9TSsVjUOSXnolyoshsDwm8PMnjrUXHz3i4Vb5Z2pbtspbJxnUJiGy/F7w6p4Z8OlPRL7bqcWcK81Se7kt/wAZhTHM5ecrzbVdOcrek2jplm91te6JFauXfbsy0ShIYF06LI21T5bINSi/dNFvaIl3Z4d63DiHg3StT5t52UpWfKmjlmNS1TxAAAAAAAAAAAAAAAAAAAAAAAAAAAAAAAAAAAAAAAAAAAAAAAAAAAAAAAAAAAAAAAAAAAAAAAAAAAAAAAAAAAAAAAAAAAAAAAAAAAAAAAAAA85l1ePRO22ShVWnKUn2SQHHHi5xpfxZrdtnPKOFVJwoq9oxOyleMMZnbW9n40u4SNNpOLXwSK2R0rivsWlVYfn3+DOVnTv7NGHj53B2fjZ9FN9Fl/meTJHm5NWzztvHVIZL4vcN6TmcPZvNptGKo0uVdsK1FxcUa85raNK625Bn26HbDKXyKfffoJHSP7PmiadDh2GXdGH7zne7Yd91Dbpz/Y+e+QyRfLwiXTjjUNpark4eiaXdfd5zplP0J9VuvZNezOG9KxWY/wDhpE7lyT4p69brvFV1s7lfGC9MvhP8n9ux6/g47Rj5WZXntjuFdy879/LkjqQktCl0zZvovJC0KupT2o4e22TWO1/+Qgt6VtbaeRXF+9fciVoYrjy5bWv6hCJ9pSy7lxLPmPWL+AlD4DampJ9d90yzOEirHPLlKT3fdlV0J+aX6l2aY061U+VbOHMoTU9v0Zekb3CJl0fm6tkZNsp3aXl4VdtdclQmpVtOPSUWvxLc+UzVitpiHVHcIbjDScjibRcfS5uVFe8Z4m6TXnbdU5Pujbx83+PeLaRavKHPuqYt2nahk4WVHkvx5uE4p77NH0uPJF68quWY1K1T67mirev7PfGGlaEvotUvVHPa5Kc+xlkrM9wtEs48c+NcBeHl+Lojpyo6lYseeRTLeECuGYm+k2jrbla2L5t9jomFCEkQPqls+5Oxe02b7LoXiVXSX7K3EXl3anoF9ndfU0GWWP2vWXQJksAAAAAAAAAAAAAAAAAAAAAAAAAAAAAAAAAAAAAAAAAAAAAAAAAAAAAAAAAAAAAAAAAAAAAAAAAAAAAAAAAAAAAAAAAAAAAAAAAAAAAAAAA1/wCO2rPS/D3LVM1GzKkqC+ONyraenHeW3LZuXTujqlnpZTfq3T9iEvMH60tghcZaXImmn7MtIsN9uvuZStDfPBPFN/Cfhnp+fplmP9XKyTnTL5/nPJtu3kzFZdMainbBONvFfifiuqzHz76qMWfpdVEdj0Yxx7lhMsA5tzSFX3fljs2+Z9hI3x4H8W4un6HLnw98vHsVS8peq9M+d+RpOPN9jqxzuvFtvinFq4n4XyHKu5RlTOcK636pyXaUDlrM3mszHa3pxnlxcZydj/iNvn+U/ufTRrjGnN+1PDkk7W+6gZrpfSp8uPlb9W6yFoetVk5z0mpdHGlL/qRVORdaz6b69lsoxIW/TFoPbIlt/MWj0rb2vc6e2JZt7oCywvj2JlSF5Bfx5v7ELold/wC5ZmlsPZ1R8xpQ67to1w+1b70zzgXj/Ox7NN0fVdQnHS6Juuizl3dCZ5vneDExa+PqWmLJrqWx87UrfprMXLqaqrU1Xl1btWNPeO2/bueJP6dDSviVk15etwlyRhOFMYtwS5ZHu/G7jHpzZfbEkkz0mSvVKUd+RtMmBnHErq/4K09VOqS89eqMXD8j3SX/AHZxYZ//ACbNr/8AThhc486PQ051rKLT2ZSYWIy2fVEC4ols0XiUM08Otfnw3xZpmp12NeTanZ94PuhaOUEO5sS2GRRC6qSlVZFTjJe6ZzNHoAAAAAAAAAAAAAAAAAAAAAAAAAAAAAAAAAAAAAAAAAAAAAAAAAAAAAAAAAAAAAAAAAAAAAAAAAAAAAAAAAAAAAAAAAAAAAAAAAAAAAAAAHN/7U2sc2s4Gk1W+mip2WJfLN8UajalpaT0XSc/Xc6GFpWNbk5NnSNcF7fLfsiM2emGs3yTqCtJtPSvxVwnq3C2VXRrGNKpWfgtj1rl9kzHB5WPPG8c7XvjmntCwTUnu0ddWUmT0XZ7liFCcZwik0tmt1uZymG2dSxMKzgTQ8bCXmZvk7WzXV/KjGJ5WOY/ybOm38GsNY0rO0p1x1LDyMO2a5oxvrcG0enyhzaRu77LoSl8UZN9d0QNr+BmvV4OZm6PZ5VV+a4zw751pqFy9n8Jnk/K4JtWL1bYrN1c8r6lc77LL8WajONDaWN7vlXdpHz3KbdOnUME8TPDeOfw5n8R4KVuVW/MrWNWoxnV3k5o9bw/Jtx7Y3rDn2norl79j14nbNN6e+TByZbdXDYLwZ7i9Vw4bNxjXArVN13qMZZGb5NEJzm9oxjFNtmc2ivctIhBw0zMeozx44mS70+taqlzf4Lxkrr2zmk7edWjKqry5xlGaezUls0WiYn0ielthx2LSpC5jv50/wD4MhdFL2/UszS+Mv4VafZGmH2i/plvhlw1++9bhl5ELJYGNaulSUpyn3S5Tk+Q8j6q8Y9ytiruW77ce7PhTKiMK7rbfNdU30jUt+kdj5renS0j4wTuep4NOZp/0dqjZNbxSc4NpJvY9v4us6mXPmYA+VuKin26/qeuxZDw9whr+vw59I0jLyqn+eMdojnEJ0zbj/StT0vgDCxtUxM2nIosqjY8mmPTo0oQlH8px0jXkTP9tZ7xtXV99j0Yc5k9LN4+6ImEwouE5tciba9kikpfYNoQL7Em9+qXL7msKy7S8AeIXrHhzjQsnzX4UvppHNaNS0iWwSqQAAAAAAAAAAAAAAAAAAAAAAAAAAAAAAAAAAAAAAAAAAAAAAAAAAAAAAAAAAAAAAAAAAAAAAAAAAAAAAAAAAAAAAAAAAAAAAAAAAAAAAJyjGEpSe0Ut2wOHfEzV3r3GWq5qcnCdzjD7JHTEaqz3tuX9nbRLNP4SzdVuxtrs65Kmf5nUj4//wBReRztGLG7vFp3uWwuKdAw+JtFv07VKm4SXR+8Je0keV4fmZPEy69f3DpvSLRpyBxPoWVw5r+VpudFq2mXSftOPtJH6B4+aMtItDy8lJrOpRmT1g9pNxR0M1vVXKyxRS3cnsjOyYdgeCeFirSb96qrsvHlGv8AiVpWVpRR5Pi6te9p9unJ1EIvx9xabOHtRs1SFMZKrmp92mjq7i/TKY6cm8qS/wDJ2xDPZFfcaNq+NkXY18babHXOLTUl3TRS9YmNJh0x4O8TvinTJ/XzhVqNDUbrXsvPfs2fLeZ4s4c2q/t20tyqzTP1GvR9O1GMKZSjZU4Ri30lbLeLXwkYYcsUvMyWjcONMlL94ZkVFRTua2Xt1PosH/ThjPtJ0bx0+cf50kabWhlPh/wo+L+Pq8Cy2WPjRjvbal+FJGNrxGqwvMT7b44a4R03gbi269Y8rFZ1oyMiHM5x94L4ZhfnjvufRuL11+2ZX114uu491OPj12ZG6ckk5yXfeXwu50ca8YtVl3PUtX8W+ES4teTrGdn/ALvrhO11wqpTc0YYucbvX00tNeqz7aA1/h+3h/Vforbqr04RsjZV2af/AGZ047867VmupRko7ZVv2gy+0IiK6oszStDap3XfZmuGe0XjcN++D9eJi8KU1YrlZl5dTnZOqD/G/aX3Xyj53zs3LPb/AE6a11VS4w4l/wCH9InmX0UUxyZur6d2c12S4vul+RGHjePOe3Gqb24e2gtd1O3WNVys+6Pl+dPeNak5KuPtFH0uHFGKkVhy2ncrFbGyjtfwVzcPL4HwqdNvprrdEYfo0vUjlruLTtrLGP2jJ038LxwfPjlZdFbunyWdoRYtaK3rBrcTLliuPXumd8MJLe27fsLEM00XSZYGnQ3mvqcmPPcmvye0Ec17K5LahX4iwcbWMK2WLRXVmYsd6+RbeZD3i18laW0wpeYlgdEtn0/wzprLqb5/Zd4ieDxXk6PY/wCFqFXp+00Vyx+01l1GjFcAAAAAAAAAAAAAAAAAAAAAAAAAAAAAAAAAAAAAAAAAAAAAAAAAAAAAAAAAAAAAAAAAAAAAAAAAAAAAAAAAAAAAAAAAAAAAAAAAAAAAAGMeJusLQ+BNYzeZxn5Lqg18yJrG5RPpx1wvod/E/E+JpdEmpZFnrl/LH8zLeVnjBjm8/pFK7nTsvQNMxdPx8PTsJOGNhVqMUn3SPjPApPneXOW36dt/wokdSxfNj5lf44918o9L5n43/Ir92P8AlCuDLxnjLU/jHwbVxPoqyMSvbVcbd0yS7/0M8/4f5H6b/XdvmxTkhy3bGdfNCyLjNemUZLZp/DPtqW5RuHlzGnjBjzZ+NDd9bIro/uVy9VmU09t08Zca69w5Tg6hpknh5Em4Nygtrl8yXueX4Uc5tMujLOmq+LeNNe4qvc9ZzXbDffy4LlgelFIhhMsfgk31/D7mirZWk+DXEmbg0Zd08DChbWrVXfc+fkfu0jlyeZWk6a1xbS2P4HanZeo2atiV1v8AMqnI5p+R3/2tY8eWyeEuBaeDeH8rTczKnbdfP6l5EKtnsuyPN8ub+Tbc9NMePUdMh4p0SriThmnHhC/GVnJKFtSSlPd7xi1/lj/E3FZiEb1M7lrDC8F9KyNQjy52p3VzUrLZxcNoP432O/nkr1pGqyn8TwW0r6NVu/N87ZW805xUa4+25EWyW/8AKd1qzDg7h6rgzSJxwdNts1a6znttU9/Pgn3TK2t9XdvZO8npkmHXbqEb45mFOWPVb/AWQ95zs/n/AKYm03pmiYj0z7oi9Wsz9R1CzDhqldE6dpWY2PUnz1LvtLvv9iLY7THFNbRE7S9WW7NY+k5r0sWClGPZPp0cn8PtsMVq4/wtKLRNvyYFxhwZovFPFeBi5+NlrP8AIcrcnFgq4W7Ps2VvfdvwXrGq/kh9U8FuHsSd0/8A1eba2UIWwItbLVavGyFzPAPS7M2qnAztTSlV5jclCSiK5cu9aVmlYW1PgV5k5eRquR5FVnJNzxjSubLG/wAVeFWysPQKsOq3GxXXRfe2qJODXIuXY8O+GZvymfbf9NfeK3hxxHxLn4E8KrAcMel1OXm8rkeh4V48bcXhlek27hqPXvDbirQ+eWfpM/LgnNyqmppJHqY/Jx3nUMJx2juWIbPfc6Wa/wADUc/BrnDCzMiiuT3lGq1xTI4xJtm3hrXDUa9VrzFXZXKixWTtblKTcXypf3PP8yON62dGKdxMMAqeyXs+zPTrLnsmOG8B52qx3ipUY6d1m/ZJdv8AL2RF50qzrHhkSc8i2rmtaUnJvp//AIclpct55yq6jTPHjXnYdSjZCzmbS9n8orFtqxLCuL9NhRlrUMT/AJPLfN06+XP3izppP6dGK++jgzV7NF4h07UapNSx7oz/ALGs9w1jqXe+Dl15uBj5NEk6b61ZH9GtznaKgAAAAAAAAAAAAAAAAAAAAAAAAAAAAAAAAAAAAAAAAAAAAAAAAAAAAAAAAAAAAAAAAAAAAAAAAAAAAAAAAAAAAAAAAAAAAAAAAAAAAAA0n+05rf02g4GkQl1ybHdP9ImmOP2rLE/2bOH/ADs7P4gurfJSnj47+ZPueD895OqRhp7lvhr+3Rmm43kUdd+eb3e5r8T4f+Nh79ynPk52Xi7HqsUTqGP5U5Wwj/Dl+JHyXy/gTgyT5GOPxn27MOTlHGWgfHngCPlz4i0aneXfLqh3a/nPT+I+Q51jHeVM2Pl+TSfDFH1OuYLg4bRvh+Ps/Ue5mtrHMuWsflDKPFrJuu1Kr6uasucOdtS3Xc4vj/Uy1ztdzf3R6bB5U+VpxfVNMgbcx/HHXI1VwtwcCflwhBtQackjz7+FFp3tvXLpkvDfjVZqGZTiPQ6LbLJ7LknI5M3ixijlMtqZeTZK17Jz7rVLDdU8evnthRdF8sE3u+q3POnyWtaxrtY3+I+g6dKeNm52VjzjVGMYyimoL5392dmPysmSkcYZ2pXfa2/+p3B0M/GSzXOLUlY1BrZy91ym9PIvbuYVnHCYu8QeGn5K03WMee8PLm7YyXpXbuu4+2ad1Ipy6llmk63g6vi0LSbPOhOEtsipJxh07fZ/ZmlMlM2qz7UvWa9q+NkRxsJ0u1V5eye1r3lzv52+TS0UwUnSI3eUVbmfR2VyzpUU2xs57MhLZy6dEorq3sJzRNdyRSdpDDuUsx508SxWZzVce21dUe0pCta5d3RO6/ixniLWtOwNU8rUs2WJj4r56cqT6Ob71P5/sc//AErcatY/KFpn+JXCkpVzs1+Csg026apuK5TS97WmOkRTSNyPGHhTH5JrW8qyS9LVOKkpIt9l9wrwhZ5fjxw9XKSrWfOhv2qSY3mnqDjT9q2ieKGkcT52Ph4EMhXzs7X9F+j2ODNXJT+cN6TE+pZjkZudy2Wwo0+FFdjhbKx2Lk+ejRT7ZjtPGPTTXi94i6toOrZ+g1YmBasnH5/quv547c0D0cHjxfV9ua+SY/GHP2/c9PbnZFwZwtqfF+qR07RalK7l5pynLaKK2yRVMV23RoXhBq/B1b1TUNRrthjctt9OGnKcV8o5PKictJ01xzFZaU4swVp3Euo48ZynVC6bhKUeVuLe6bR0+PfljiWWSPyZLwdiW42nTflyjO1qc3KO20PYXlz5b6jTJ6KXCzkc1KEoKUor5+Gc1pYR1C7sl7bLqU2hjudiU0yzsbPW2BkfmX5Ze0l90zasrROmC6ngWaTqFmLZZzpJSjNdpxfZnVS23TWeTsTwD1qGseGmnrn3twm8aabM7R22hsUqkAAAAAAAAAAAAAAAAAAAAAAAAAAAAAAAAAAAAAAAAAAAAAAAAAAAAAAAAAAAAAAAAAAAAAAAAAAAAAAAAAAAAAAAAAAAAAAAAAAAAAOUPHvUbeIPEeWnYjdjpcMSqP8AWa8opTcq63LoTgvQKdD0LT9MorjGOPBOzl95+7PkMGO3n+X9lvVZdczwqyuJ9S5gkLa1Ktqa3TKXpXJWa29SmJmEBeljXWVWKM4NPbmW6aPhctL/ABvk/wCv09CI+2u3N74M+j8XMvFotpik/rYRb5VCEkz6v/InJ4nJz8IjJqGzPDvhfStW13O1TWIU6rfhRqxK04qUa/QmzXwuqKZe5QHjxwXo/wDw9m6jj6dRgZGNDnrnVBQ5zq5TyYzDl7fqmdCj3CPMnzNpP8xOhtjw28UNZ0ezA0erG0uWMmqYSeOlN/rI4/Kw/jNqtaW71Le+dqOpfxMzEjTTqdb/AIqcU4WwT7J+6Pnoy358pnt1xMTXUsA8QuL9bnomVjZv7nrnbSraq1Q3K5KXqSl7NbHZg8jdoi7K1Y10w3F8b9T2rhZoOizSSXWo77eNG97Vi6Uq8bMhWQVnDejP9IFJwT72vFtprg/xoxr9ehDUNOxNJxZJqV1Kbi3/AForOG1NWg3ExMNp8GXY2sZWRrc9RxcpVpxqqoXLXDb833ZTHbnl3f8ARf8AGsRCYxeJcDVE4UN3xbkreWHpqUV1cmztjLW9WXCayxHO40w8/QboZ+XpmNXZKUYQybXXsl2kcFc1+6RDaaR1LTmV4haLPPuq1HSFr0apuFWRbP0OPzCLNI8a897PshSfiDwjBW78CYstl8xJ/wAe+/5J5xpaS8Q+CLORPgDGX6OBP+Nk/wD5K/ZH9Ibjjibh/WtHqxtC4Yp0m+FqnK+LTbXwb+PitS3csslomOnjwjsoXGVccnHsvjOPKpxsdfl/1FPlNfT2t49pi22/eJ+IbI6Lm04WFTRLlVdM723GU5fJ4dbxMxEx03m8uVNe+thq+VVqsm8yqx12R5uZRa9l9j6fDFYpEU9OK07lG823Y2UbP8BuK8LhriWxalaqaMrkSufaLTMctdr1dDcXeJPBmmRzK4atLO1K2rylRjPnbbRFuo5EObuLdK8/i7T5zqtrx8ymu2crXu3stp/9UZeHk3i0nP1bbLczM+pzqr7VzqFflxhX0ikltFIvaXmzPK0zKU4Y0+jM1HHwsiyVSv8ATzw/LI4/JyTixzkhbFWL3ispzVOBtYw93XXVm1x3TnjvZ7feJw4PlcWX+TpyeFkr6YjqmDPJxrKZPy7YrfllHruvZo9OmSLdxLlmJrOrMX13SZ6jgTx+VPUsKO9Uv/dr7tHVS/a9LcZbM/ZO1mVeVq2k28zrthG+CNL9uyHR5RIAAAAAAAAAAAAAAAAAAAAAAAAAAAAAAAAAAAAAAAAAAAAAAAAAAAAAAAAAAAAAAAAAAAAAAAAAAAAAAAAAAAAAAAAAAAAAAAAAAAAp5l8cfFvum9oVwc3/AGQHN/g7oa4g401PivNp56Me2c6W/e2TPH+b8v6sf1w1w03LfeDq2Ar6sSF3NkW8z2S7NfPwX+KrTF49Yj3K+bHfczMdQlefa3l+T099sFQsgZAx3iPLrohK2bhGMF3kfFfK5v8AK8qKRHp6Hi06c/cJZVfEviLxBxHmydWn1bwlP4ogvUe7lrOOlMTPlEzazENB8VtY4Z4t1fVNIjVdhZ97m8a6G0GvZnrYMXGkQ5L23Kw8RPFHWeNKZYt8IYuE5JuuEm3I1imp2rMtf9EuxpCr6t5LpvsSK6bXK4txkvzLpsTaNxpHpv8A8K9ceuadRiOuyUsOH8OqG8tp/Mn77nyvm+P9eWenbS34s61ilQxrXjUyefgQd1dU61bvF+mcORv4bOasflCZcn61TXi63k1UzU6o2y5ZJbH0fj3m+KLSwn2pwk5XQS9ky8rVfaXJWsmY6I9sk4T411jhay2elXwULVy2VWwU4TRjfDW/a3JIrxd4qw8i942VRCFy9dXkR8v+0SseNQm7C9e1fM1nJlm6jfK/ItlvKT6L/C6I3rSK9QpadqWJLqiysF0koX7Bf9LCp+uJLNf9HWm32L4/aL+m8fD/AIUx8DhWnVqciyvUZqFspQhuoKXeDPB87Pa+Wa/qG+OuoXvGWqUabomRPUKFqM4bzpn5yjBdOifycuCkXyRWF7TqNucrLrLbZ2Wyc7JvmbZ9VWvGNQ4xde+7LIfU+mwF3pvmRy6nTFtwfMkvfYTG40mG3eM/IycPQ9Yrc4QnQ41uX41v8/K79TyfGmaXtja543XkoaXC2rHoTcbcTduElu+u3uddnmz2ntKveNnY9633rsjLc58leVJqrSdWiW+o8s2rN/TJc0X9mfEWrxtMPooncbhh3F+t8PLLpwdZxZ5ErYqdeRBKPT5jP3PovjfhfkM1PswuLPmwx+N/2w7i/hKFGJTr+gZbyser8z/HH7HX4/l5aZf8bya6u5cvjxFeWOekR4Y5K0zjKrVcWt00XySup7eXPfrt9mm2evEq4cm/xl1Knvs12ZLoAAAAAAAAAAAAAAAAAAAAAAAAAAAAAAAAAAAAAAAAAAAAAAAAAAAAAAAAAAAAAAAAAAAAAAAAAAAAAAAAAAAAAAAAAAAAAAAAAAAAGJ+K2bZg8BapLHaV98Vj1fLlPoInXci04P0OvhrhjB0qEVzVVc9zX5p92fB+dntn8iZduOuoY1CSvyJWV1KE7LZS5d9k2veT9oo9jxLWrFcdXfkiIr+TZ2BGx01XX2QnJwTk4dmz6Csb/KXjW1uYhfRakt0zRRbZdnJW0ns2u/weV8r5v+Pi419y0x13Lnjx2458pPSsKzlss3r5vhe7PJ+G8Kct58jI7s14w4+Ee5QOBjWcLeC+q5M+dZOXBYlbUknvN+o9W8/b5Lm9U005m6dnYMYPLx76YTW8JTg0me1WYcko97t9+vwWlBt15V3+RAq0pR33ZesIe6VOc1XCLcpPZLbdsi1ojuUxG3QfgVwxn6HXlZ+TGbllQXNjRs5HXDuptnz3n5oy2iKfp044mI7bezMeOoYFmmYlsqL8iqUvOa3aXbZy9zgr+eqwvPXbiXXa3TrebS3u4Xzi3vvu0z6HBGsUbYWncvGGt7Z9O0GXstRWxutk39hPoj2pTWyl+oSscrpcTCtnmx/w6/1JRK5xn2EkPORLeu4hP6WlP4iyqXwafqL6KOXmdtkYbfO7SETxiZgmHVeJgZ+Lwvh4s7IVUY9ipsjB9oxXY+Xve1pmzqjUNP8AjrrdPmLRdOcXjuzzrNken8Zh7nJLHLLTnue253qIHtbfHUkVqIzlbCNSlzt9OXuJnQ3tpmiZOr+D7xNSqycXMo5p0yur/lba2XfseTefr8jk6NcqaYjwXnu/FWHfYnWnzQjzbcsjsmHnZY1O2St8jlXJ78v/AEZjLFtPN1qf/wBMXnUWbXqlU83unvsfP4PDjJ8nXFb1MvWjL/8Aj8mCcL308QYS4b1Vpy3dun5TfWm3+V/0yP1DyMX0W+/F+vcf6eXSeccLJDgC+yGZn8O5rlCvKrnX5U/yWo8T/wBSeJXNgr5uP+VG/i2nlOK37YvF2aJq9OTGTsi5+XbDl67J9TzMV+dItDL1LpvhbU8fVtGxsjFtVkeRRk/ubxO3ZW3KEsSsAAAAAAAAAAAAAAAAAAAAAAAAAAAAAAAAAAAAAAAAAAAAAAAAAAAAAAAAAAAAAAAAAAAAAAAAAAAAAAAAAAAAAAAAAAAAAAAAAAAY/wAT4VOp52nU3dasSz6qcWukpL8J5fy3k/Th4x7s0xRuVSEt4qU+jl1Z8XXt2T/UMSloV/1ttl3LHEUnKa5n/Eh3cUfQeDM6i1unTfNE11Htk2na5TZpsLJzqhak/wDTx7rb2PoaZItG4lxZvFtS+v1/aaxMjzcKrInDy/Mgp8vwTkzVxUm9vTmtTVuMMV481+nROH87OybY1xhBo+S5W+Q8ndvTrxVikblyDpltnFnG1E8qt2q6zdx9uVdkfV8a+Ng1Vzcpy5Ny3bn/ALtz/FLhTgy90W0adB5WRW48qnfytwg2cfhYtzzla9v02l4h6dVqHD0q87BxvpuVxkp7PdfY9GevTFwxqldNWqZlOI3LHrunCtt7txTNq9wpKnQnGb+Nvc1iFXuxrslsiwyjw4xMjP4v054lML7MWav5JvZNQ6nD5+ThhmWmKNy62xcym9R5qLVTZvBYs6ko1/r/AFN9Uz5ysxrjP/w6dMP8V+J9Q4U4WduJZTjXSc8WOPat5yT94G/i4bZMka60radQ5PyE1d623Ntttn0E14xphE7XWnx5p3fasyu1ouNPrbslt1WzQt6KR2o31vZ9PcisrWhHZfSwtVSyla/TUWhWVxT0XQEKdr/g2/qgSo0dyZQkse2VM4Tg2pQakn8bdSaRudEup7My3Nq07KxYWTryKq76ozhvGveO0mk99z5S8TS80/26o9NQeI+hZutQt1nGxoReHUoXVw964/nPT8Dyfrt9dmWSm421PJbz6nuuaX1CB6TS7kje37MGHpt+qZV+XXTZlK1QjzpehHPl/lppV0VxHptmdgZ1eVGDra3o9fLJS+z9vcyzRHCZlNZ7cbavhT0PiTOwL4yhKqxyrinuvLfXuWxWjJjizLNTvTNsDMoztNV2yjbWkrJbf9SJhw610yzSZyzOANcwYLnnQ43xS+N+pwV1h+QwZrf268P5Yb0YFGy2m2FlT5Zxkpwfwz9MmIncS87f7ZzqGQrtc4e4jxko/Wyi7lH/AN+D5ZnjZKb8fN41v1EuqJ1euSFPxD0mFOu51VsH5c7PPht06SPiPjcvLDEf008qvDItPDji+7hXX7MNSnPCm0nX32PUif2pW/F0ziX15GPXdS1KuyKlE1h2KgAAAAAAAAAAAAAAAAAAAAAAAAAAAAAAAAAAAAAAAAAAAAAAAAAAAAAAAAAAAAAAAAAAAAAAAAAAAAAAAAAAAAAAAAAAAAAAAAAAEXnS5slKO3XufG/MZ/t8jjH6deGuq7U389OhxYMs477hcc1OcWj1vLvXPnxxjn0pWJrE7Y9K+OLqNlUqoqGTd/Gs5PVCO+y/szq8LyLY8k4sn7ehOOcuKJ3/ABjplGo2QVbjJpQgt2YfOeTymPHq8zBWd7cpeO3Gt2qZz0ehryYvew6fiPA+r/lt+2vk5Ij8KrvwF0VYv13EWak6MSiVyhzpc3Kdnn35TGKGGONRtqbU9ZytR17L1fzLasm++V6kpvmg2+nqPRwY4pSIY2t2n9Z8UOLtU0r93ZupysqUOTzNvW4l5ortg8X0S+CYQuofhil+prCHixJNbbqXuJGZeEl0aONcV2z5KuSfM37rlPO+SrvBLXFOrOpcbWK3qy5VO3D8lSourSaS969k23JHz1snG29unXTn/wAb4ZM+L8nKsnm3YjlF12W78kU/yRPe+PmJrMufJEtWZclPIcktm2zuyKVXGnfjvS96znu3xvWBfytx329tydK70kUo5UWnsrl7duYpMNInaA1CEoXcslsy1VLqFy2jU/1LqK2N1YIeLVtj2v8AqRCZUqO5ZWF/ipWWwrk/TJpMtj9os254Q8WWLiHF0TUnk3wTdeJfVZ6qYJN8qXujz/kPDiP+ai+K8z02JoThk4+XjPGm8PUabJLGUkpVVtvd7yfRe541Mkxl23mPx05d1bGhh6nmY1M/MqqtlCE115op9GfUYbc6RLkstI7m0KvUnsJF9oet6joeasvSsmeNels2uzXw0Umu0xOmS4/iLxFkcQaVqOtavl5VWHfG3yubaH+DPLj5UmFqz2z7x4xsfyNG1rA8iacX/tQaUoWepNnD4N4iZxS1yxv8mGcP6pCm2uyly8mxr+F3e3ujttVwZafuG2vD/Lro4hq5mp4+fB1Sr+UeT8nim+CZj3C/iW1fSF4y4Yy9B1S9Ou2zT5S5qcmMd48r/K/hn1fwXzmHzvHrW9tXhl5Pi3x23EdMh8NMGWraZdiXQ/gYWbXl1We2/wCZEfPedi8Ok33HKY0v4uObynPFfG5pYObHdbqVMv8Auj4H4fJq01l1efXcRLWGq4qnGV1G8ciFbSnDuz6OsvNj+pbU8C+NHOiOjalfC1rrTOUjWs6nTpxX1+LcZo6AAAAAAAAAAAAAAAAAAAAAAAAAAAAAAAAAAAAAAAAAAAAAAAAAAAAAAAAAAAAAAAAAAAAAAAAAAAAAAAAAAAAAAAAAAAAAAAAAPOVZ5VMn7JHP5eX6cNrrUjlbSJ77yPgpmbdy7DuQPk47p9uqOnx4idxM6FpiYNWNHk3lbOcudzs6tsvk8mfti1Z9NL5bXYj4s8UVaBoORLz+S2cJdu5p4OG/k+TysjqmOZlyC1k6pqa3jO7KybO3dttn23WKnfqHnzu0t6cdaPn8P+G2m8K6TRdk5uopWZnl0byhUjysEfbm52bXnUahobNxLsTJnRkQlVOD25Zx5Wj26y5VryptJN7slCnLbfsBcU7S23eyLQPs0nPouiJF3o2a9O1THy4dJVS5tzDyMf2Umq1J1O3VGkZWJrOkLL0POuxcnmVjou7KUus3E+PvgmJmJ9w7Ys88b8O4vEHDeRpbteDkZU4Wwpm1FKxJqCOrx81sM7lS8RaHLfEGlZWiaxk6bqMOTNxbHXZFPdJn0VckZK7c+tKelre+1f0Gd22JbS3qyJx+5aJUmO15VYmlu3t8/AFLVt7FXKXWaezl8ojSZlH3raNX9y0KyrY0dupEph4u/wCTn/8AME+lKjsSqu6YttOJfH7LemzPBjSrVrteqNwryNpQwY3raFz7Se5wfJ+R19ULYa/uW3MqyNV0cOymyMo0yldFS2XN2a3/AF6HgRE/t0bc7+IlVNfEMYU4ksK1Urz8dvdQlu+x9F8bMzi7c2WO2MSg49+x6WmTxKL2Tb3TIHhPrsQNheE/h5bxxqlatyYY2nKzksl+eXykZXvrqF4h0hqfAOBfwPm8N6Xl5M8XHg61S5KTb7x6v7nFbD9d/trPbSLbjjLkjJxMzRdYt07UIWY19FrjOEunJI7omL13DCY/UthcMazdROqrJUq5/lnv+H4aMMlImJiXJavC24bA07jbVtPaqy9smiX5bEnzI8jL8VjtO8c6lvTzMke+4ZhoXG+kZSVFlUcKe/TZeg8vyfjfIjuZ5O3F5mK3XpecaU16rwvkPEuqslS1fH1d+Xuc/hWnDnibL+REZMc6aiXobfbZH11XiLvwz0ezN4yw/pOkVb5jbXaC6tm0tscbs6gRq7AAAAAAAAAAAAAAAAAAAAAAAAAAAAAAAAAAAAAAAAAAAAAAAAAAAAAAAAAAAAAAAAAAAAAAAAAAAAAAAAAAAAAAAAAAAAAAAAAI/W8qnFxI+dZGDunGqvf80m+iOTz8c5PHvWF8cxF42s6nvBJPqu58H/p229qgQd+/YbQs9Tzq9Pwbsq6Siox3W7JivOeFfcr1rylyB4q8WW8Sa7ZVCbnj1Sbl/VM+2+O8KPGxxE+3N5GXlOo9My8DuEqash8R60lDCxKnfvbH0RJ8/L6w1UxxqOTongvUKeIeE8XVMRQlDOi7N1PrF79jfx8P1U0pa25c7ftO040ta07IhJTydpUufZzijpxe9KWaS32e/wAexsqpvv2A+w3329mELiT5Ul1/U0gU3u5JbFJkhvz9ni/Iv07UaLaqJ4VNkVOb/wB1RfVxieD8jSKX569unHO4bhedpjwKpTsrjiczjXOfVNpdVvL42Xujy7Rv1620cfccapfrHFeo5+VKM7rres1HlUj6Lxaz9e5YW9rDR+uVZ/8AAtdpifdTx3GatX9xSyb1/a1qm0nt89UaMlTNtTqrgur7kJWeR+Gj+5KJV6OkG/sQlTuX/p8n/WIJ9KGP2JVhfYsJ2WRrqTlZNcqivdsmk6nZLpuOn6fp3AtVUsaNzx6YOxVS2iveTW6R85e32ZJvLojqEB/xVoPDOjYuqanVdZqV8Jc2F50350l1g38RGHxr5raqWtFWjOJNbyOIdczNVzYVV35U+dwpjywj8JH0uKnCunJM7Ru7l90bQgkt0BQa9RUbG8IOPquDtQazoOWJOzzFJLfkkZXpudwvE9abI46/aBxbaY4vB+mqDbTvybltzL4ihNItExJyQHi9o8OJtHo420WCnROiCy41xe0EvzNv3Rx+Lk+u/wBNl8ldxyau0XKtnlxhOzmnGPojN9Jpe36ndaHPavJsbRM/95YKqnYnKO8q1zdTnmHJeNTpdwb5OzWz2M9KL3HysnFUpU5FqTTW2/fczthpf+UL1vNfUrXOdlWPTKEuWy18qj9vlm1I0f7bO/Z/ycGeXrGMuV59UK22n+Vmta67dHjx+O250XdAAAAAAAAAAAAAAAAAAAAAAAAAAAAAAAAAAAAAAAAAAAAAAAAAAAAAAAAAAAAAAAAAAAAAAAAAAAAAAAAAAAAAAAAAAAAAAAAD7Ac8/tLcVyhqWBouHbOFmI1lWzX5Z/lNK13E7R+2w/DriWHFHCuHqVcYq2a5Lob9YzXc/PvN8efG8i2N6FZi1dsr3ZyjzNrfaXRd2xJDSHj9xnHD0+em4s9rrfQke98L4XK05rwZ7/XTjHuWieDeH8riLWsfCx4SlGye05/H3Z9Nmyxgx8pcVK8p02r4365DQNAw+BdClCFEIJ59lU+kn/7ZweHinJacl18ltemr+GuO+I+F6LcfRNTtoxrHvKh9YNnrTDDaL1nWtQ1zNll6rkzvva23faK+Ei1K6RMoxstI8Sfx3Ki4prbipyXQvVEvc5uMOTpy77kyhf8AD+mX61quPg48ZuVr6uEW+SPuzDPmjFSby0pXlOnTWi8Gy0HDwMPh7HjCM62777W1aptLmcz5fPlvmmLz26q6rGkhxNqun4PCmdiax5McLy39JBVtu5pPeSfzzFcdeeqa9E9duR8yfmWSnttzSb2PpopwpEOb3K50TZ5c18wM7tsSSvgpxlB9ehnpr7RcqPLTXZovyZcEfZPmsbReFJfcpdaF/STCJXFMf4DbISo5PTAXw7BBPpSx16WFYTnClNeVr+FRfb5MJzUVZs3tL8vb77FL7is6Wh0fpuo48tGr03I0l4DcNoV3bttJ/D7bs+cmeMt4hrnxp0m/V756li1pQwoSVib7x+x3/HZ4x24W/amWsy0zzLdI9+HK9J7Po+pMSK1bjyy5lzNosLZptblB56+yAqRW8Ob37dGBuPwAlqWdlZ2mLFjmaRKKdqvntVTI4POxcoia+2+K39rHxk8L8zhCderafG23Srn65qP/AC1nwb4bWmv5+1L630xXRNQTr+o51XZW15yXu/aS/X3L2qwy032z+mcb8ZW0S3e/rr94GEw43uM9vxPZL5KSLDUcqONHJvls6q48+0n1T9jWkHudKn7OWvvC8TqHkTcVqCnVI6Zr+Lup+PTsFGbQAAAAAAAAAAAAAAAAAAAAAAAAAAAAAAAAAAAAAAAAAAAAAAAAAAAAAAAAAAAAAAAAAAAAAAAAAAAAAAAAAAAAAAAAAAAAAAAHnJujRj23WNKuqLnJv4SA4W451ueucUajqVvq866Tin/L2R061XSjNv2eOKI6ZxJfpOVNqrUdnV8K1Hznz/iTkxRmpHdXV49/+2XTEGlulLfpufI11qNS6ZQfGWu4+h6Pk35M4xVcHKW50+L49vJzRTXS9dRHOXI+pyzeMuIbcuELJKb5aYbNtRR93jrXx8ep9Q4LzOSzovwi4VwOFPLxbr6563k1O6cYvayur9DzeVvMybn+K8xGONLjxD4E4b1TT9TlkYlePbODtoy6k42eb/V8no0rGONQxmduQboOE5QltvFtHXHpm+w6Vdvc0rCFGx7NLcpKXiDfOunbqQL5TUYe+zfZPoaQhbTe7fVlZkhsXwH1+jQOOKb7sfz7Lo+RX6tlHdnnfIbjHy/pri/p0vpWr15FeTXbXbRQrLK6ueSWx87jyTTrbpmNtNePup3vU8bR8WGM8CGIrYOvZuL/ADns/G4az3/THLMw0dmfiWy2Xsj1sjGqvo72zUvmLOazoxpuUF0f22KNERq1yjF1x/G+/wBi1YUvZE1LqaSyhVyuttS+IAld1r/TMhMLXOf+jqS95tiPZPpTxewRC4xW/Mi4tprtsTHsdF8B8WaTxJjabjZtsMfUcWp+bj5Nu6vsX4eSUvk8byvCnHblrprW7JdV0C22FlNihNX2JPzJr+FL7yS7cuz6bI4uMzP4wvtz14ucK1cK8UvGxboW498FdBLvA9/ws03pqzmyRqWFye0Yo7mb7Bpv3LQPqj1abXQCjJbMrI91Ab1/Zu4jwNNycjBzMmFE52eYvmRjkr+UWXhurjLivhbT9Njp+o6pj3y1SarjXbtOP62JflM8tbcZtCa+3PviB4dZGiWXa5w6o5ml7eZZjpJuNfvOKXesw8byoyRxv7Xvj0gOGM6cZ1uuErMeUX+Hu4/D290dFnDlx67ZfNwnG2NEOemcFPmfsin7c+2B8dZ0ozr09T3ktpW/+EdGOP21w0/aP4Uz5afruBmxezovhZ/ho31uHT6l+geBfHJwqL63vC2Cmn+qOdoAAAAAAAAAAAAAAAAAAAAAAAAAAAAAAAAAAAAAAAAAAAAAAAAAAAAAAAAAAAAAAAAAAAAAAAAAAAAAAAAAAAAAAAAAAAAAAADCvGrVHpPhnq98JuFtkVTFp9uYtX2iXFU2pQfVOSOj2o84WVbgZ2Pl47cLaLFZCXw0zHLSL1msr1nTtTSNfx8vhvC1CVkHbbRG3p2UnFbo/OvMp9OS1Ij1L1cWK2WYaX8VcnUeM9cp0HB53XQ1ZlWRW8V8RPd+L4+Li55Pcq+RSJnjT1DJNN0yHhpwTdm24Us7Uao+mEINqDfdtnbzt5luM9Q5tRi7hprh3xD1XS/EKrirU7rMzIe8L4ppc1TX4EevjwVpXVXLa25ZTxt475/EOkyw8XAWLNprncuiE02bade8o7m8elBxfJEvE9C1k/V1M5CptMiErqXVxSW5qqpybcktl07FUrrSct4OpYuUurpsjNL9GY5qc6TVes6nbsK7Kr1Lh3E1LTKqsvAVfPyVzUVF+77dZI+QvyieFv07IQFvCmj63pePjZWkTipx8yu+Fu1skusoP9f/ACdGDPOOJ4q2jbRPivwhPhfWm8fFyaNLyOuKshxc18xezPb8fyfsjjZhNddsT0x7Z8Evg2svT2mMvIjRS2utj/AikNLTpB3warldN/8A+mkMJWdAIVMj/mKv/iIJX8OmMFkfnbLFx17uUmIRPp5xCVVXEf8AFW4hK7k5X2URojOdq9PLBNyb+x031x7ZR7dKcKtZei4MY5DvhgYycrm2ozfdc8e7aZ8fntHOZh3VYl4x6RZrGnfXV4lML8Wp3XWQm1Jr9GdXg5+OT/yzyV6aFabX2PpHKKTXYQPUWmluWgfLoRS3T3YkfK10W76FR7XSaafVdmmBPcK4EdU13Ex8jmsqnL+I5S6tEZPxqmvt2NpuDpunaZDTqqpwqpxlYpqLajLbquvdHnT4tJjf7bc5aq1vhjTrMKOscIZKrrya3blV0JSjZB/mS/LN/wAphj8m2L8Mq16ReOmEx1qnScLOk4Sji7OClNbS3O6tovPTzL+NbbV99ksnJtvs3c7JOR119OiteMaXGGmrNl+peJTLv3gnLpyuDtLspuhavp4R9L3W6RztEoAAAAAAAAAAAAAAAAAAAAAAAAAAAAAAAAAAAAAAAAAAAAAAAAAAAAAAAAAAAAAAAAAAAAAAAAAAAAAAAAAAAAAAAAAAAAAAGBgPiFqulUZteBrGRi3V2wVkcG2rzHP5aRyZ6ZbT+DWlqxHbCs/h3hGzBbysPSsDGnzThC1PHkzim/k1nqWmsaCs4C8Op+Xk/vTTvL7WJZr5UW+/y5OOJMXZfB3DeAsuu7IWKo7RWJRNx6Lp1Zz3w5M9vzheuThH4sQ0rxWxcziPS9P03Tq9L02/JhC/LlL+M4t9d2d2L46I7uxvnmzofiXHjLR92qY1V+rbfpKPwdk0iI6ZbcUccY+LDizVo4EVDGV26gu0PlHTjn8VLMs4Z8D+Ldc0/G1BY1GJiXtOPnz2ny/OxS2T+kxDd0fBTgnG0WOO8KzIydlGeS5vnbM7b/UrMQ1H9nPFpw7rY6/appvkXlLaKLTlvCNRLn7irQMzh3XcrS89Rd1EtuaP4Zp9pItS3ONo0i6kk+q3NIhSVw5OpqUJKTa/waClXGUk0mV0PUeWWye6S7sDaPhLxjfp1M+HvJlK3UboV0Xrq60+8TxfP8KLROSsdujHf9S6T07DuxcycKbIb1wi+SUNo1pLZJv3XRnk0x99Nplpb9ojExshS1dRkrLLIY8ZSf45Lu4xOvxb2tljipP8WjMRqrMU5doJs9iVayrVOeTZ5tj7+32LKvOpvahxS2ikCUdj9l+glEPWT/zNf/xQglf9sT3CyOz1/Bx/7iEWfcQmUQ943+6/sxA2f4MaDhajrWXm5UpK3ChB0QU+Rq2T6SRzfI5rUpFa/tOKO9tnzzq6s2FODTGlzy4ShXKrljd7dPj52Pnrw3hjfjHxDplOg61peRap6vbkRqrro2Th7tz/AKTu+O8e1svO0KZbRrTQfM57823RH0cOVSkSPsen6kwJTRtGzdczasHTaPOy59oore0VjcprG2Zaz4McZ6PhVZNuDC6uUoxl5M93Df5M4yJ4sf1vgbiXQcezI1TSMinFi9pXqPNX/ktW8TKJhZaRq1mhZ9GZTVGyUH1hLtJF8kbjSKz22Vr/AI76tqHDFuj4GGseV1bqnlTlvOMPiJnWukzLH/BKOpZHGVVOn6lkYNMK5WXyqfeHwYeVjpevcNKTLqxaDpVlcsS2qnIWRXFyhZSpwlL4ZzU8WtI6leb7agyeCPDviq+1aXkPSc6MnCcKLFOEZfeDK/fkwzq0JisWMPwO0eu1TnxWuSC9qjePL33EwrNI9abp4FxtK0nS46dpFjnRSvXOX5pGfj5N2nc7lOSJZUjtZAAAAAAAAAAAAAAAAAAAAAAAAAAAAAAAAAAAAAAAAAAAAAAAAAAAAAAAAAAAAAAAAAAAAAAAAAAAAAAAAAAAAAAAAAAAAADxfNV0znKSjGK5m37IDRPhNq+NxT4scQ6pfyXZtNf+ghc+0N2m4ml41EKxO2TeOdld3BmpU5cKXyU88YyfM4yOXhE3iV96hoPwJ0zT9T8SdNxtQrhOrlncqZdrZxW6TOu9dQpEupeMa6p6f5WqY8P3bODrtqkk1/ZHLeGkOGdV8urUsyvHe9FdsoV//FPodNPTOUwuPeJ69NWnrV8h46jyLm6yivhMiam174b8I69xNqULtK0+WZjY18LMiU5KMHtJNrdkTbjGoNbdsZ+bDT8Hzpz5FGK2h0/wUjv0mZiI3LGJ8Y35WW8fFxUrE1tu+k0b1wTaHNk8qtU/RqeBn8tCaVsk3yvry/JlkxTXqWuLPXL6a48UvCvReIPPzo2216rOpKFsJdFyr4MY3Rt7ckZmLPEybse3pbTOVc0vlM7K9wzkqjzwbk1FJe/uXRCjCW76dH3K7Je1Pmbk+7IkbK8EuG7dX4spzra2sHCTt8xtpeZ7HlfJ+T9dfrj3LfFXfcumafr27rMqmu3IqrXmzb5VY2vwpfy7HiWm0967bRpob9oXMtrz8XTnXjTxrG8rGuh1m4tdYN/CZ6Xx1J36Z5Jabi/Um/dbHqKwv8RKEHKfRICy1KfNTY+zYT+lli9dhKsPeSv9XD7RQglfv/lgsjdQf8HG/RiPaLPWH2Eoh9oltkPZb9SRt3wStitS3vl/CgrLowa7zS2/lZ5vyVomaxK+OG4sbJr1DIi4VW2ZbSVcWuicd3Dke/R/PU8ePy/Bs5T4tlm28Taldq0OTPuvnK1NcvXc+p8bj9dYq5LRKLkt17JHVpR4exAyPw90KriDiejCypNY6Tss5X1aRllmawvWHYWk8E8KaHZRHSsFY+XZSl51cXuZ633KZlIWa3gUWzuv1WblKPk+So9G/gvxlTnC+k6dUwrE3j2YM6XXbTJfiTXZoqncS5G4x8JOKdFwr9Slp8Z6dXKUtqbOedde/RtGn2RaUcdNbuDTexrpCb4L4gs4a1yGdXX5tbXJbWntzQZlkx84WrbTeeo/tB4FHDcsfS8G+3VHW4V22pRjWVpj1PZMtR+GWF+++O8DHum5O+xzm99uYnNH4lHWktJ0nXNNs0t4Fix7IumdlbcZVy9pKSOamPHT9LzaWvPAHWZ05Os6DkZDstxbp1RutlvzLfZFr4oxX5Qctw3xh1210qN1im1+bY0qqqlgAAAAAAAAAAAAAAAAAAAAAAAAAAAAAAAAAAAAAAAAAAAAAAAAAAAAAAAAAAAAAAAAAAAAAAAAAAAAAAAAAAAAAAAAAAAA1l4/8S/uHgezGom1lai/Ii09nGPuy9K7lEy5GxdWzdMzoZum5VuPl1S9Ftb2aNbKQv8AW+NuIOIYeXq+oTuh7xS25v1M4rG1plDY2fk4GZTl4Vs6MmmanXbW9nGRpPatWU6/4rcWa7grGzs2DTjyuyENptGM0W3LCYduprCD33Ejrz9mLNwr/DiGFiTjXm4t83kw9232kYWjteGZzx8fN1Ny1GNt7qbUHJ+kvhpvdocvkXiPxSFGNp0LOWmmiMtuZ7dzf84ckxWyO1KinTclahieWrObeUPkvXd442ItFJiaqmtZmbmcN25WjaZz22VNQhbJV7t/Lfsedd60TtxDxRp2paNreVi61TyZzk5z90933TOjHeJr0paEM7Hts+xfaCv3ECpH8QHSvgA68Xg2uVNKlJ3u3JtnLooM+c+QvX7e3TjjpsfijV1h4OXnwStx1S7YpPZuUUmuVnJbJNr9epXiOnIfEebPVcp5ELrJ0byddUk06t+rR9F43j1xU6c17bnSD3bSLStC/wAWXm0/1x7lWkLLUfwNFoUlbYnsJIVMj/nUv6UIJ9r57/TELIzO/wCXxt/hkwpZ7xCSHmt8uS2vZhDbnhDrmPTRk6Jfmwx7srJhOmvIhvVd7OPP7SOD5DDe2r1XpaI6bVxcGN9FtmbzYmPj5PkqUJ8rrk0u692muy92eLX+p6bsd4r4YV+JqmnZOFjz1LJpaotu7wa9e6l8tLs/k3w5r4MsRZW1eUdOcpxlW5QktnF8r3+T6ittxtxy8WuPWUS0kOrfALg3RdO4dq1a+rztUuqVnmnHMc7dtY6bD4k1LOrxq6MGDjbdXLeMls1+h2eNji/tyeVlmlemL4lmFWsau6qnG3SU5d3CT7vr9z0bYaxV5Fclpt2k9Uwa9LoWo4eXdNUeqdH5ZHDbHz6ejjvaieep412iW6pdZO6EqJRljQjv5nR+hJfJy97074ncOF9TpdOdkwlRPHfmyfkzW0oJttJnVExLKYWuy5tmlsSPEo9NiNLLvStUy9H1CjO06105VElOucfZlL13GkxOmzLPHrid6Pfg41OJj23p8+Susl8tGda6kmWCaHquXhZv1OJk20378znF7Nm2uftX07r4L1qnX+FdN1SmUZq6qO6+J/mTOfWmiXAAAAAAAAAAAAAAAAAAAAAAAAAAAAAAAAAAAAAAAAAAAAAAAAAAAAAAAAAAAAAAAAAAAAAAAAAAAAAAAAAAAAAAAAAAAAAclftDcULWeNb8SmzfEwF5MPjmN6RqFJntpuxsSFb6e4geZfh9TJFNrfqQPq7EhNvmb+ERI7p8LNHwNG4A0iGk0VzhfjQtnbHvZOS3bZz2XhjnEmNRdnZ/mYuVJ12pQ8rJ5V1R1+LTdenn+XMxLE5YHkqbjLIUld3b/Kd8V1+3nzZIXUZeXZicupyUoz5oOFfOl8J/CM8tp4zprirHOOTbH1uAtEhfk58cWiUUm7ZKKTX6nkvbhyB4665ga3xbFaVbG+vFrcJ3Q6ptsY66RaWt/LTa6m8Qq9JcvuTofZRa226/cDen7PSst0zPpdTePZNwd0tnGtpHzfy9JjJEurDP4t086eNVC2FV+C06767Jd17x2Z5tck9WnvTRyv4i8N5HDus2rycmGDbZJ0u2HLyf0H03ieXGWv1/tzWx67Yja24wnLvLdP77G8kPONkOjJjKKbj+ZFZja0TpcavCKgpwe8ZLdMRJZY4pMqwqZH/Pv9EIJ9r2zb6RshdG53+1jL7MspL3h+wIU47efP8AUgSKlKMeaHNzdHuvY6ad10pbqW0/CXiDVdX1OOmZ17yMLHjLIUrm3OpxW/pkeN8jgpWm49tcNpbJurnl0Y2U1GizJl9ZOxtuqPK/+7XpPG5dt3OfHGDHB4p1CmqtVVux2Qgpc3KmfT+FljLihyXjUsecdvxfhOuYUdb/ALPmJr+NwlVflXY9eGob0x2btVfspHJ+54tEzxPqOZp/Fcr87IxvJePvhpJtSW+zb+6OzBaI6lx+TWZ7YFrsLFm5VltlU4827nX0i/ukenHbyZ/t40zIysh2cuu34yrjzwhvKXOil8f6hrXNMNo+H+ZZOjMw1XGWTCTUZ77KUdk1L/qeXmrqz18NuVWov2r8DGx8nQM5whXqlynXdyd5wXZsYt67Xs5+nJmm0PkG5FoHib9RSR8RAvcWez7tfoaVRLqf9l7Xnl6FqOj22PnxrFfWn/JIyyRqVq+m8TNYAAAAAAAAAAAAAAAAAAAAAAAAAAAAAAAAAAAAAAAAAAAAAAAAAAAAAAAAAAAAAAAAAAAAAAAAAAAAAAAAAAAAAAAAAABE8XanXo3DGqajbLlVFEmnv+Z9ETEbklwXql878iy6x7ysm5Nv3bOiWaMlLdsokjJJJEwPUyR8aS23b/sAk/jsSPMV/kDqr9mCrVb+GLsrO1TIek0WujEw/wAm/eTMMntaGxtV03T7XJKEVfdzqEpvpJ/Bfx8vCdQ5fJw8+1nh6JXlb35GdGFXJF7Lutltsztvmms6rDgxYotvlOnrD0nEp16iGPdKdafVJ7Kb2b2Mc2WeHcal0YMUTk3E7iF9x3i1Z+izxtSwcWzTpp+ZCzb1/CicFvT04cMaxTj4usZ+Pif8tC+cK/0TN8fpSy1UU4bJo20q8d17DQcnT5RVLOvCDiTK0DiqiirJVGHnPybudbw/Vnn+fh54+Ue2mK2pdJ34VWp5qzcXJcoutRsVMW65NP0yX9z5mK6dTGfEr93S4dduuYdmZmtTjTTVZzwhy95P4OjFNd+9SiXLebZGd78uPJX3jFPflR9DTfGHO+4CTlOT9+iJSr2Rbx7cefZR5q2CfSxxn2Jkh7yOma/0QQvb91g7/ciF59I3O/2cdr7lmcveH7BKm3/qJfqQJKpyVW6julHd/odGKVLxt0N4VaddpnAFN96ppdkXfXbWozlOM32kfPfIXjJlmHRSNQyWnOx8zIpxcTu04Qw+jUYqO/NN78rW+22zPNprfFrLQfjLbTHja2imOP5FNEFW6Wm93352vc+h+Lx/Xj3LlyzuWBprla6dfk9Ri6Y8H/ErQ3ouHpmqOdeTLlx3BRk+Z/K2OWa8JaR23BLTcPUM7nswlXVCpRonP8ST79H23NcV4juHPnpNums+K9Htwc6Eb4+arnPki1+CO/RI9XHaLRuHlXrMTqyCwozw5bW1tprkkopJyZfkiKtlcCY9asnlW89dk4Tnyt/2R5nkxytD1PF9NMftKcKU4VmBxHhX5Mlm2Oi6i+xz5JfMDLHO3RZovbp1NUPKe3X3A8t7tkAnsNC6p6FoG2f2etdWkeIeDVZNxozE8eZXJ6IdhGK4AAAAAAAAAAAAAAAAAAAAAAAAAAAAAAAAAAAAAAAAAAAAAAAAAAAAAAAAAAAAAAAAAAAAAAAAAAAAAAAAAAAAAAAAAADUH7TesrT+DsbTd9rc23ma/oiaYo3Ktpcl5Li2tm9/g0lC3T6Ncq3+WQPPbZ9wPaeyb22LDztvP7AeX7rcD1WtpNkwhtrwb8WnwFRk4Go4s8rSrZ+clDvXMzyVTEuqMa3D1rScTKdPnQvrjdTLl7b9Uc+l0VVwn5efflfvBxi/wUpLaDN6+RkiNbYW8bHb3Cc0rDjiYfkxTs6bvI7uTM7Wtf8Ak1rSKRqrmvx64x1jB1KrT8DPfl3QkrHJJzRWkcva0tAxk4S+X77msdKzKqtpQ+JGkSqduzA9xlHpFrde6Ar00u+yNeNXOdsn6YwTbM8lorWZstETPp2P4d46xuHqdNkrJZmJj11WWXP1PdKX4fhbnzF4pebTT26o3HtY+L1lUeDsvNx/Jruxd4Oc4dZ/MdxwrfUQb044vn/Ek0e/XqGC9xoclcQsr2y3pTS2lF9yRG1rZdAiHu/rkwfzFEi9u64Enu+hVb9I7K/5al/douoqYnZEJhRfTIn+oQlsFzlDkq/HZtBdO+5etuNZmUWdOcPZMtV4ZxuTGoVyhKEk0oY8uVKK6+3yfMXnlO/7l1RGmO+KOZqekcKZGJhfTRrhVFPOr6TcXNNx/wA7bM18WIvkitoVvvW4c5uLnY5Tk5btyk299z6WKxX05ZebX6tv8MlDOPB7V6dL4vpeTOMVJfw+bspGOWNxteHYc9UwNQoeoY2pcsVTyeTst+b9BE61KJjcTEsb4w0jVcvSq77q6br8Wvzdq5Ny5ffoduHyKx087J4l/cSw3RtN1TOzIQvw8hY8lv50YbL7JmmTyqRH4op4tp9tmaThw0Ki6inIlPKhU7W/xbtJvkPOvM2tuZejWsVrqHLXjB4k5fH2VRU8VYeBhSl5dKe7lPs5M6K14wrPctZy3TCTb79QPnuB9gt/7AVYy6ASegZs8DVsTLqfqotjYv7Me4P2/QLSc6vUtNw86mSlDIpjamn8owXXIAAAAAAAAAAAAAAAAAAAAAAAAAAAAAAAAAAAAAAAAAAAAAAAAAAAAAAAAAAAAAAAAAAAAAAAAAAAAAAAAAAAAAAAAAAOXf2m9Snl8bLHTcoYlCg/hSOjF6Us0ZP5fcmRRXX9WVHxpskelOMY7dG2TA+SXpU9116bAeNkwKq/Bui0IU5veK6r9CtiG3OAPG/VeGuGoaJlYv12NSuWianyzhExtTa22yuHPHzh/L0Z/vqj6LUoJrZ9YSKTSYTEtc6/436s8mzG0Hl/dyTSdm6c2KUkmWrNa1XL1bUJ5mbZz3y/wl8I2rXSsoqyPq3REhB+rqB7iXBNtrYqN5fs44sFRq+UqITynZBUWuKk69u8jwflcsxesQ6cVett7YeDdgZuRkXTpvdsI2WNNx59t+vXpv17fCRwUxxW25X9tT/tC8VV0aDp2j6VkbPKg7rnXPeLqf5Tt8LFGXTO86c1b+Zf1WyPXUhI82yQ0SSs5MeUpMIWcX6OwSXS/wBl/bYlC/jtLDtXvylV/wBI6/8A5Or9Syj3ivZewTCnd/zUghJ6dKUZwsX5JKRNY5bqT06W0fVdN1uGm6jpc6seiUJVXUdN4T9/TH3392fMZcN8WSa2dNZ5QtOJ8LJ1zRoYLxrLMe65QsldtBzls0nvskmvjskRjvbH+dSY20Lxvw/PhzWp4qthfjzip1Wwe6fzH9UfR+H5H3U3b25cleMsca2a6nZpQI0M38MuLrdD4kjPPy7Z0WQVad03JR6mOSi8S6ks4/4Vli158tRS1CyHlV0O3dyk+yCE8tUpr0pa5bqWNj6dXjN3QWy2Fdz6TLS/En7QeDZw3fh6NgTepXVuqN848qrTLxTU9qzLnZTb33e7bbbOhVTs/EVkU92EnbuQPsQKkUBWo2TQgdseAeqx1Xww0v1evFcqHExt7XhsEgAAAAAAAAAAAAAAAAAAAAAAAAAAAAAAAAAAAAAAAAAAAAAAAAAAAAAAAAAAAAAAAAAAAAAAAAAAAAAAAAAAAAAAAAB8skoRc5PaMU2wOIvEnU7NW4m1XJUm6rMqTX6LojriOmX7YQ4tt7Jsqsp7KLe/TYgfJvliktgPKS7vuB832ST6+4H2G0muZ7de5KBzUvT8AU9yBUrj7kxAoWruRMEK9UJeW2vYRA894tstIt59H3MpSQ+WIHsuKih6YtIgbw8DNQy8XSM+GGk/LSk0kup858nP15durF3Vu6OVTlYzryeay6NWzntzKKkklLp+pwxeuo5L605B43xs3S9e1XTs9zeRVe4yU/hdVsfS+LWIxde3NeZ2xjGT59y0kL2TbJFtmz/DBfqwFXbdrfoEli/09Uv6mghf0daLPvEhf9I+9f6Ctrf8RZR8xesCJTDzk9L017pBEryqbjGGz6NlqdST6ZFwtr1/Deqw1KvGVsJPfkm2k2iPK8aueO1aX4t2Xay+Jlp+qVK1V5jTWJNqMIJd+U+X8nlS81n07Kdxtgvi7p97wOe3dfSXzUVsuWUPlNHb8ZljFk4/2yy13DUc30/ufRRPTmN1KttuKa7L5IFFbuXUC4xlySjJNqS7f0k8SZVcnV9SyqPp8nOybaN/9uU3ysppK1bbW/8AkuhXpinHuXhEvFj6sAktiEvMiA7sCrFb+4HqDIHT/wCyTqrWHrWnzn0ThfGJS60N+lEgAAAAAAAAAAAAAAAAAAAAAAAAAAAAAAAAAAAAAAAAAAAAAAAAAAAAAAAAAAAAAAAAAAAAAAAAAAAAAAAAAAAAAAAAheOdQhpXB2r51jS8uiSj92y1Y3KJcO6m3Y48nKmu8jplnCHlKS39TT3KLKD2b9Tf6ldhu2uiA8pbplh8l02JBtbbqKT/AFA8pv26bgfXJuKT7ECrB8sZloVW8t91H233KysuppxhGLLwqoWbrbfuispUJFEi69EIFSKLCp1kkkBuPwOsoq0fVnP6qN0bFBzpeySfWJ4HytdWi0ujDPTfuDhUYN+Dk43n2+fUp2xnu930WyR5sVinGazvfbXcztzH476Jfo/G2fO+FkIZc3dU5Sc04/ZnueFeY3WWF4/bW2P3OtVcc2ycmBYSlz2Nv3AuqltCX6EJfbYpYFb/AKtyULvClB1uLfdFZXhZ2b/uuS67K0sopYTEph6zYtKufv2YhEq1b5qPSSJvRcOer6jpmmwU3K+1Q2iuZ7NmubL9WKbqVjdnRun4X7hupwdPnbLGx6N1DI6yxu6X+ZHyee3Oebsr/UK2fnabkaPl6lrqri9JjObxXYrFdP8Ak6+xOKa5Le9ItuHJ184WX2TqiownOUox/lTbaR9Tj3EREuSVF779i4ImELinvuaQiVoukmZftKrvCUEuqaJFalJM0qiXiT6sggXSDZVLx3XQD4kQLmmO6327Ej505+wG6f2YdReJ4gxp68mTRKDRS6autEZrAAAAAAAAAAAAAAAAAAAAAAAAAAAAAAAAAAAAAAAAAAAAAAAAAAAAAAAAAAAAAAAAAAAAAAAAAAAAAAAAAAAAAAAAYGIeI+kf8SaNPSZ5d2LTb1lOqKfM/ZHJ5Hl/RML1pyhzHxX4daphwz7MRxyMTE6873i7F9vll4+Rp1F/2icOvTXObjX4slDIoupbXMlZBrdHXXJW3qVOMrJottGnvtH7kwh5S2W/Vplh5k012ARSk+rA9ciUpJR6fcD3a09uXpsSPM01FNtdQh4Se8XsIFbI7/JaULazeScmikys8LqigQfsTAqw6PoWFwoS3XVNfJA2X4M6DqWVxNg5ixM1aP5qhdk1xfImeX8hetsfGWuOJh01U403WrKvk4VXTXLBdUns1/c8WuonjM9N+3MP7QOvS1rXqlN2bUtxqU1y71+0tj0vAmb2m29wyu1ZXJJHpqPmTb6eVAU8aHNJMC+j/t/ZfBCytTSrtM3T7Pb9CVX3TF15G47b7bMrK8KFsd8bMrX5LFL9EWhSVthem/b7biUwu8mpWY09l6l1EEwscbrLlm2l3QQ2L4R488jjOiVF11LpostdtLSlD/Jz/IZOPjxpOOPyb6xNeoxsKGVj4tOVnO2uq9Tbk/L39vuu/do8Lda927dGpnqGnPGXX8Su3M4d0qmLc8hZGVlR3XM/aCR6Xx/ixucrHJf9NTbP3Z7kRpgSh+bdfoRMD5v/AA0muvyBc4zW62NKqys/zy+NzKfawvxEi5pWyTNIQ+T6yZWR4bSj07lUkXzbbskepRbW/dAe6X1UX2K7NL3F07NzL3XiYt2TPbfauDZW1619rRWZbp8IODtb0HiDTdbzKo10V9bK5ScZRTTRyX8ytq7p2vFNe3UtF0bYKUJwmmu8Wma1tEomHsugAAAAAAAAAAAAAAAAAAAAAAAAAAAAAAAAAAAAAAAAAAAAAAAAAAAAAAAAAAAAAAAAAAAAAAAAAAAAAAAAAAAAAAH2AxG+c55so5M3ZJWb8ifL5S9uX5Z83e85Mm7OiI6UtS0zIy8WUqX5OoJPybeXdSls/TZH5fyb0ibRy1qyrW+FkZWqcM4dvFGBS82WbLT5zdUY8r32jylMt5ya+teOmG4fhVpWtPMeJPPxJKcoxtyUowU1/L/Mjup59MdNTbcwznHMztj2t+DfEeBjfUYUaNRpj1n9PYm4o1xfJ0v7VnEwrL4Y1vEqutt06/yKkpWXRXNCK+Wzsjysczrak0lDTpshtzwlDdbrmW26Nosrp4cSdoVlv5bT/E+qLCjNtrYgfOu23sEKlS3T7loJe8iPLNxX4SZkWqbUk32Rmkscd/TuiB8h0s9XYQLmD3j27FxmXhtwlmcTatzVYtt+Hi+uxKDcZyXat/qcXm55xU1X20x133LqzT8Su7TbMZSjXGmMVy1R5MemUV+RLujwP573bv8A+ob+kRx1n2YPBmfn4dipVUFYsqa7zbcXs/nqRjpz1omXHOu5s83MndbKTcn0Unu0j6DFjjHj4sJnco52bI0HmKc5dexAvaUl26/oBc4iUm4v5IlaFtNyw7pQknKuT6r5EIXOBbVC/dPeD7NrsE1VLEqcyUppuqxOFn6MbJhSs0+2m9TqlG6HdOAVe5OcF1jOKfdOOwTvalONEkt04tdnEDMvC23T1xE8bKz7MP6mp103pbLze8Yy+zObzcX24f8AwtSdWb50vByKpY9tGP5dq5pvH29Mpx26f3+T56vbolrDxZ4Cyp3ZOv6fzXpve+Ci99v5l8o9XwPNjH+GT0wyY99tQWR5NlJdPY9+Jj9OdQsfp6iR4Tblu2VSusXrL7mlVJW3K3NpFJWfeVKKa6/+BArQ6xLwPMvxorMmnmSbeyW7+xWZTpI6Vo2oZ0lLFw7p17pSnyPliUtmrEbTwbFxvB7Vsiyq2OXT9BNc9lm2064fPIcMfIxO9VafUzHhHwS0jIxZ3ajmZVssqD+jUockkv53A5snyNuuloxwzq3gvJ4e0vEjoGLXkQo2WRFxUZWJe8V8nNHlZOM9TMrREbQWdh6vn8cadp0sm+GHFO2+M5buXPu1TJ+66GF8uqcYj2tFW6dDxoUwk6+XZ9+V9N/hfod3x+O0W5SzyWSx67IAAAAAAAAAAAAAAAAAAAAAAAAAAAAAAAAAAAAAAAAAAAAAAAAAAAAAAAAAAAAAAAAAAAAAAAAAAAAAAAAAAAAAAfLJRhTZJtJJNt/BW09DXnEN2RVdl50G7YVbJYj9XmpLfeMfk+bvETu0+nTCYhneVTGcZTjOSU/Kk/Wq3s+3ymya3+uZrWdGtrDWdKwtS1PH56rHCu1ZHlQg5KybXLu/ZLruZ3mMmSbV6TG4jtC52DqVeoKyE68equKUbYuM3Xt+WO/pqS+erZn9dqJ3EpfS5ZGRRC5XV5qh+OzzIzX+YpNE6tafzrtHUI3jjTnh8N6nmaRGEbciKjfKC/Jv+Lbs5I1pH105wb3OpY3grQ7uF1TrWJj6jlRnyUycFCV7ey5eq6dy+fzfsjdp1/4IpMSxVeEGnarblKNV2lShZzqt3q1wgu6O6vykRSNbmWc4u2J8Z+EOraSsrL0e2OpYNLcml0uhH5cTowfJRk/lClsTAruGdUrxasj6W2yFnvXBy2/U6KebivOolWccxG0dPGlS158LK/jePc6YyRPUSpqXuiSb26pb78zRpWUKeS1vLZ9X7sm1jS2il7voV2PG6b6kD3W0+6Auakt+r2NBujwWvycHQL6sd2J51/XbonE+c+Uy7y8HVir02tLWK8PTtS1aE6spYlDjOFie0Uu0uVf5bOPBHO2/a1unN3G3G+ucVWtZ+W/pU3yY1XorX9j6LD4tMUdQ5ptMsDzm/O2S7I1v7RClCtv2ZRKvD0dNglV89xW0dtmBd6fLaSb/ALkStD3qPkWNcslumCe1DFqTtTluodmRJD3deoW+XY+ar8r94iEzL46LW0qE+vZkkxt5tjlUS2sssf8AcKzD3i48szzHUvXCPM9u2yBCvi3+iKrShfXLnVi7p+xNYiepLN2cA+IGnZupSwtZX01uU6072udWvtKHxFSPIz/Hzi3asbheuXbacoSuu8jGuhHFg/4cJRXnQSW3lqJ5+5mevTVyJxZLbiXVILdQhfOEF8RT2R9P49944cto7RD930+NjdRTXu0m9glc4b2sin79GXohT2Tta6lZB1SssUaoTnJbv0rdspNoj2nSa0rhzWM+iF+FpuVbjymq/O5Go8z9tyl/IpSO5TFJlllHhRrijTfqk8bChN+pWT/Cvls548yuSJmn6X4abJ0rwv0HS7sXMzb74Q6SxlOPPbP7tLok2eb5Hm2mvC3W2taRvplun6PRRjV5et5t0I0zkoU4dCj6X/N3Zhj8ita6iZ0tNZfc7E0+GXjZGHc1p+RHatVzVbnPbrul7+zOOfe4leJT6yniY2HVC+c51+mdCSgpfrN9oxXVl99RCqnQqlkXyw9aqysucNoYatXlKX+Gy8YddTKJsrYORqGKrMzWMammyqDbsbhuox3fLv7v4/UnUxMbj0dMn4LnH91rkwnjU/jjFy33b6nqfG35Ulll6lOnpMwAAAAAAAAAAAAAAAAAAAAAAAAAAAAAAAAAAAAAAAAAAAAAAAAAAAAAAAAAAAAAAAAAAAAAAAAAAAAAAAAAAAAABbag0sdqXZtJr5Ry+VaIp3K1fbA6qbMPOz83D2yrOaSxYzs3hTH4S/mPA5xS1tRuJ9OjUzArlp0aYanmQeTd6XdbOMZ7tdofK9jLlF7crrTuI1Dxn3wy6cjHxJ6xkW1Vc0Md2eTG/wDSTS3NLfXEfjvtWImWutU1K3J0TUq8qH0mFVz0SwJz5VK/fZby7y2+TXHSazqJ6kllmNdi6NlY6tsnjwwcCv8Ai49foyJtJv7NJbDJfHudTqYRqWbRyqa8J0ryozyq3dXByTS3W7H2RSLVk1uYlCZMYvTp2Scc3eyKxMSFMVOMlHZ8vz13bZhSfspFYWnqVDHWNplNb1nIxqbMizlUJ28kZt/lT7zZTVt7NpPTKqd6Lce2m6XNKEVTY7Ir5UZPs17xZvTHqYmFZt+mP8dYGpabh3z0DGqUczaqfXaGNLfmlbt8NIvXLGGfsmERWbdI3izCwda096S9MwXp+IqbLMpyVUIPbdtsmnn1+yJiNrTjnTFrvCng7UVPIxdbvwVN+natyq/sztj5Od+9M/rj+mOat4EarC2+eHquFfiKDnXb/MdFfkN92hWcf9NU5Whajj231SxLnOh7WJRbaOzFnrlpF4UmkxOlhlYl+LPkyceyqXfa2LizSMlbepV4y80wL7VVpprb0PZE8oIiW5fAXiLIqdmFbZGdEG4Rrcd3GLT9Z4XyNa0yRf8At04tzDaUaKLqc/HjWsumyl+fi8rirKpeyaXRnl4MnG/KJazG47c/+LHClXCWuY9WHdK3EzMeOTVv3jv3ifS+JnteuruS9ddw1/aoO3mX4vg3v7IX9tVapVsO0vb4ZRaVo6nKez9+jS+QCx/JlvOLcvaAF5TTGct7lJ/EKwJrEshVRJYuDg1vs5WvnmNQncoPMyLHfJbRXX8q6BG5W1kueDU0tydHJfYGfvjV1RiouC2bfuQmJLrI5DUZtR3/ADAWautw1fGuUlVZFwcu26JVW9F3LbB+24JZdwvo89aznCmardMXZ5jT2i91ypv7seZnrhx7lGOvKW/765aarMd2p5+NjQtsyY91Z25Zfzfqj5jjX26ty1B4zaVgw1qvNw0q52Qir4L8Lm490el8VmtP/HLLNDXGNQ8nKrornDeclFOT2R7VrRWOTBJ8OalXw/rV312LXl4dsJ4uXRLtOD94v5T6owyx9lOVZXhXt4X1SiStw8LKysG31Y+TGp7Tg3siMHl1mPz9lqTEsl0nwn17UMCOdfLHwarLfKhG5+psjJ5daymMbY/C/BOlaaqMfCx6MzOoSjqk7b4qdKmed5t75eMx6aU1VluHVTj4Wbg4uU4ufLCqqEfRW0+lm558X4z1ZpK24y4bwM7E0zCnfdmxWVCrIyE3vC1vfeUV7Mva845njbaPbJHj24+uZVeNvmUxxVdkWSmkm1vGuuPwkk22Y27itpne0w8PK4eybdNlHLq+pcm61iWODk/ePvzFtV/Y93VPG1G6jIwsR48rPMon50NqZPu0u/VETijHs3tZcfRyab', NULL, '22222222222', 1);
INSERT INTO `assisteds` (`id`, `name`, `birthday`, `gender`, `identification`, `general_registration`, `issue`, `issuer`, `zip_code`, `address`, `number`, `neighborhood`, `city`, `state`, `phone`, `has_benefits`, `scholarity`, `naturalness`, `nationality`, `occupation`, `national_identity`, `active`, `additional_information`, `photo`, `benefits`, `social_identification_number`, `organization_id`) VALUES
(9, 'Maria da Dias', '2021-11-09', 'female', '322.222.222-22', '22.222.222-2', '2021-11-25', 'SSP/SC', '89214-515', 'Rua Pedra dos Sinos', '95', 'Nova', 'Joinville', 'PB', '(47) 99174-8332', 1, 'university-school', 'Joinville', 'Brasil', 'Qualquer Uma', '2222222222', 1, 'Qualquer informação adicional ', '<img src=\"data:image/jpeg;base64,/9j/2wBDAAYEBQYFBAYGBQYHBwYIChAKCgkJChQODwwQFxQYGBcUFhYaHSUfGhsjHBYWICwgIyYnKSopGR8tMC0oMCUoKSj/2wBDAQcHBwoIChMKChMoGhYaKCgoKCgoKCgoKCgoKCgoKCgoKCgoKCgoKCgoKCgoKCgoKCgoKCgoKCgoKCgoKCgoKCj/wAARCAPoA+gDAREAAhEBAxEB/8QAHQABAAEFAQEBAAAAAAAAAAAAAAUDBAYHCAIBCf/EAEEQAAICAQIEBQIDBwIFAwQDAQABAgMEBREGEiExBxMiQVEUYTJCcQgVI1JigZEkMxY0obHBJVNyF2OislTR4fD/xAAbAQEAAwEBAQEAAAAAAAAAAAAAAQIDBAUGB//EADERAQACAgICAgICAgEDBAIDAAABAgMREiEEMQUTIkEyURRhIzNCcQYVkaEkgVJiwf/aAAwDAQACEQMRAD8A6pAAAAAAAAAAAAAAAAAAAAAAAAAAAAAAAAAAAAAAAAAAAAAAAAAAAAAAAAAAAAAAAAAAAAAAAAAAAAAAAAAAAAAAAAAAAAAAAAAAAAAAAAAAAAAAAAAAAAAAAAAAAAAAAAAAAAAAAAAAAAAAAAAAAAAAAAAAAAAAAAAAAAAAAAAAAAAAAAAAAAAAAAAAAAAAAAAAAAAAAAAAAAAAAAAAAAAAAAAAAAAAAAAAAAAAAAAAAAAAAAAAAAAAAAAAAAAAAAAAAAAAAAAAAAAAAAAAAAAAAAAAAAAAAAAAAAAAAAAAAAAAAAAAAAAAAAAAAAAAAAAAAAAAAAAAAAAAAAAAAAAAAAAAAAAAAAAAAAAAAAAAAAAAAAAAAAAAAAAAAAAAAAAAAAAAAAAAAAAAAAAAAAAAAAAAAAAAAAAAAAAAAAAAAAAAAAAAAAAAAAAAAAAAAAAAAAAAAAAAAAAAAAAAAAAAAAAAAAAAAAAAAAAAAAAAAAAAAAAAAAAAAAAAAAAAAAAAAAAAAAAAAAAAAAAAAAAAAAAAAAAAAAAAAAAAAAAAAAAAAAAAAAAAAAAAAAAAAAAAAAAAAAAAAAAAAAAAAAAAAAAAAAAAAAAAAAAAAAAAAAAAAAAAAAAAAAAAAAAAAAAAAAAAAAAAAAAAAAAAAAAAAAAAAAAAAAAAAAAAAAAAAAAAAAAAAAAAAAAAAAAAAAAAAAAAAAAAAAAAAAAAAAAAAAAAAAAAAAAAAAAAAAAAAAAAAAAAAAAAAAAAAAAAAAAAAAAAAAAAAAAAAAAAAAAAAAAAAAAAAAAAAAAAAAAAAAAAAAAAAAAAAAAAAAAAAAAAAAAAAAAAAAAAAAAAAAAAAAAAAAAAAAAAAAAAAAAAAAAAAAAAAAAAAAAAAAAAAAAAAAAAAAAAAAAAAAAAAAAAAAAAAAAAAAAAAAAAAAAAAAAAAAAAAAAAAAAAAAAAAAAAAAAAAAAAAAAAAAAAAAAAAAAAAAAAAAAAAAAAAAAAAAAAAAAAAAAAAAAAAAAAAAAAAAAAAAAAAAAAAAAAAAAAAAAAAAAAAAAAAAAAAAAAAAAAAAAAAAAAAAAAAAAAAAAAAAAAAAAAAAAAAAAAAAAAAAAAAAAAAAAAAAAAAAAAAAAAAAAAAAAAAAAAAAAAAAAAAAAAAAAAAAAAAAAAAAAAAAAAAAAAAAAAAAAAAAAAAAAAAAAAAAAAAAAAAAAAAAAAAAAAAAAAAAAAAAAAAAAAAAAAAAAAAAAAAAAAAAAAAAAAAAAAAAAAAAAAAAAAAAAAAAAAAAAAAAAAAAAAAAAAAAAAAAAAAAAAAAAAAAAAAAAAAAAAAAAAAAAAAAAAAAAAAAAAAAAAAAAAAAAAAAAAAAAAAAAAAAAAAAAAAAAAAAAAAAAAAAAAAAAAAAAAAAAAAAAAAAAAAAAAAAAAAAAAAAAAAAAAAAAAAAAAAAAAAAAAAAAAAAAAAAAAAAAAAAAAAAAAAAAAAAAAAAAAAAAAAAAAAAAAAAAAAAAAAAAAAAAAAAAAAAAAAAAAAAAAAAAAAAAAAAAAAAAAAAAAAAAAAAAAAAAAAAAAAAAAAAAAAAAAAAAAAAAAAAAAAAAAAAAAAAAAAAAAAAAAAAAAAAAAAAAAAAAAAAAAAAAAAAAAAAAAAAAAAAAAAAAAAAAAAAAAAAAAAAAAAAAAAAAAAAAAAAAAAAAAAAAAAAAAAAAAAAAAAAAAAAAAAAAAAAAAAAAAAAAAAAAAAAAAAAAAAAAAAAAAAAAAAAAAAAAAAAAAAAAAAAAAAAAAAAAAAAAAAAAAAAAAAAAAAAAAAAAAAAAAAAAAAAAAAAAAAAAAAAAAAAAAAAAAAAAAAAAAAAAAAAAAAAAAAAAAAAAAAAAAAAAAAAAAAAAAAAAAAAAAAAAAAAAAAAAAAAAAAAAAAAAAAAAAAAAAAAAAAAAAAAAAAAAAAAAAAAAAAAAAAAAAAAAAAAAAAAAAAAAAAAAAAAAAAAAAAAAAAAAAAAAAAAAAAAAAAAAAAAAAAAAAAAAAAAAAAAAAAAAAAAAAAAAAAAAAAAAAAAAAAAAAAAAAAAAAAAAAAAAAAAAAAAAAAAAAAAAAAAAAAAAAAAAAAAAAAAAAAAAAAAAAAAAAAAAAAAAAAAAAAAAAAAAAAAAAAAAAAAAAAAAAAAAAAAAAAAAAAAAAAAAAAAAAAAAAAAAAAAAAAAAAAAAAAAAAAAAAAAAAAAAAAAAAAAAAAAAAAAAAAAAAAAAAAAAAAAAAAAAAAAAAAAAAAAAAAAAAAAAAAAAAAAAAAAAAAAAAAAAAAAAAAAAAAAAAAAAAAAAAAAAAAAAAAAAAAAAAAAAAAAAAAAAAAAAAAAAAAAAAAAAAAAAAAAAAAAAAAAAAAAAAAAAAAAAAAAAAAAAAAAAAAAAAAGB8VkXJqLTa7pMiLRI+kgAAAAAAAAAAAAAAAAAAAAAAAAAAAAAAAAAAAAAAAAAAAAAAAAAAAAAAAAAAAAAAAAAAAAAAAAAAAAAAAAAAAAAAAAAAAAAAAAAAAAAAAAAAAAAAAAAAAAAAAAAAAAAAAAAAAAAAAAAAAAAb2W7A8SbnW+SS3a6Mj3AgtMj/AOu5LqsTVcFC5Pu21vucWGNZZjba/wDFkCZ2sQkAAAAAAAAAAAAAAAAAAAAAAAAAAAAAAAAAAAAAAAAAAAAAAAAAAAAAAAAAAAAAAAAAAAAAAAAAAAAAAAAAAAAAAAAAAAAAAAAAAAAAAAAAAAAAAAAAAAAAAAAAAAAAAAAAAAAAAAAAAAAU8mLnRZFfmi1t8lb74zpMIO3D1BY1UcZRx4VzUpVxl1sht+Hf2ZwRTPPuG26R6QOBY8jXb54PNDMj6YRlBwXlfMv5n9y2W0TrjX8iv/8Ab0nqa9ZrupjkWQuW62ko8v67lK/5HKOcFox63VkB6TAAAAAAAAAAAAAAAAAAAAAAAAAAAAAAAAAAAAAAAAAAAAAAAAAAAAAAAAAAAAAAAAAAAAAAAAAAAAAAAAAAAAAAAAAAAAAAAAAAAAAAAAAAAAAAAAAAAAAAAAAAAAAAAAAAAAAAAAAAAAAASAwzQNqON9Uxci3zMjkVtVjUm5Q+N+y27HHTrNprP8IZmdjIAAAAAAAAAAAAAAAAAAAAAAAAAAAAAAAAAAAAAAAAAAAAAAAAAAAAAAAAAAAAAAAAAAAAAAAAAAAAAAAAAAAAAAAAAAAAAAAAAAAAAAAAAAAAAAAAAAAAAAAAAAAAAAAAAAAAAAAAAAAAAAeMhuNcnFbtLsVvbjWZTDX2i5GqLi6qrVcHmt9cqsqq30uD7rZ90ePgy/nDpvWOLYh7TlAAAAAAAAAAAAAAAAAAAAAAAAAAAAAAAAAAAAAAAAAAAAAAAAAAAAAAAAAAAAAAAAAAAAAAAAAAAAAAAAAAAAAAAAAAAAAAAAAAAAAAAAAAAAAAAAAAAAAAAAAAAAAAAAAAAAAAAAAAAAADAsM3Iqd0cadsoTkunKu5yeResz9cy0pE/wAmH8ayy8XU9IlokbLr5p1ydS3cV8tnBmpiiI+qfTel575M5xbJTxquebclFc2/yepgyRem4nbmtGpVjZUAAAAAAAAAAAAAAAAAAAAAAAAAAAAAAAAAAAAAAAAAAAAAAAAAAAAAAAAAAAAAAAAAAAAAAAAAAAAAAAAAAAAAAAAAAAAAAAAAAAAAAAAAAAAAAAAAAAAAAAAAAAAAAAAAAAAAAAAAABugKeVOcMeTqh5k12imluVv/GUwi7FKyyfpfmQh0+EfPWx3vMxZ01mIhE3xvjOqWPj2STjzWSi9uX7HP/iWj+DpjLX9r6l5cbKvKTWPZDdxcerb+WdeLF5GLUUn2wm1Le0vgRrpx4VVzjJQW3fc9jBMVrFd7lzW9rnc32obkgAAAAAAAAAAAAAAAAAAAAAAAAAAAAAAAAAAAAAAAAAAAAAAAAAAAAAAAAAAAAAAAAAAAAAAAAAAAAAAAAAAAAAAAAAAAAAAAAAAAAAAAAAAAAAAAAAAAAAAAAAAAAAAAAAAAAAB4ttVceaSexS14rG5TEbRGVqk52Qrx1yVWQl/H7pS7JL5ZxZPL1XfppXHuVnpmfZHPynkXyknFbRbbSa7tHLi860Xnk3v4+o3C7qzMzNwbEoUxt5W3GW63/Q6aeRfPSWVqRjtqUBjWyWSlbdkRjav4inLrBr8y/p2OHVdt4nqdLnTcyWmY7d1c50yfNGTk5TsTfSRPL6o56Rw+2dbSN+XbOrbnSi2/wDbe7kvZGN82S1dbTTFWJWEHKv117QlBJOpvdSivYx5zGpbTSJ6fbfq11oyesmnRXF9f0kehjjnEWxy5p6/GYXeNrGesWeVl4aqx1Fx5G/XzJ9/0Z1x5GSI7hlwrM6hNY2SroxU1yWtb8jZ0Y80X1vqWdq6XKZuqAAAAAAAAAAAAAAAAAAAAAAAAAAAAAAAAAAAAAAAAAAAAAAAAAAAAAAAAAAAAAAAAAAAAAAAAAAAAAAAAAAAAAAAAAAAAAAAAAAAAAAAAAAAAAAAAAAAAAAAAAAAAAAAAAACz1DNhjUTlzRUtn7nNnz/AFx+PctKY5tKxyrblp1cLppXXrbzIrZI482XJTBu/uWlaRN+kZgaffVGurCojHEpk3BSb6t9zjp42bL6jp0TfHT3PZfmyryLa2pSdUkp8jSjF/r7lMtbVnViurR0veeVWPRfXXK7IlJuMU9kl7rc7fFrP1xb97ZX1N9IzKyPpbnLIxbsqi9uqEaYLePvJSkb2xcPymNkcb/jE6ld5dLy6p313xVcpJxaipKMV7HF5NazHKF8UzjtxtClp9ePTjXTjOLrh6pT26pv4ObBWtt7aZbTWYXT0i2c3Kxxmu8ZNdWbz8fk9x2r/lViFvqbuwcaWRXCEHivnTX5oe8SKUtj917hEavPv2iNb4g2WLSlH6vLjGFFEpereX5ubsjqiZvMTMLfVWkSk9FtsxlkO2uUs6FUVZzPqkuiYmmTDM2iNspimTXaZ0jNaUfXOxWbydkvyP4RPjeZE6i0+2eXFxS0Xutz1HOEgAAAAAAAAAAAAAAAAAAAAAAAAAAAAAAAAAAAAAAAAAAAAAAAAAAAAAAAAAAAAAAAAAAAAAAAAAAAAAAAAAAAAAAAAAAAAAAAAAAAAAAAAAAAAAAAAAAAAAAAAAAAAAABRy7pU0zlBKU0ukWUvbjCaxudMJz8umGPS82VVG7dmRVKz1VR3fWP6nFlikViXdh5TM6VeD3dn4mHLJnZepSlbzzlu316f9Dlxf8ALmiv6gzfhEynM3W8WLnjylZVOXNDm5WuVm+f5DHSfrY4/GvaOTFJRlkZtbnZGeC151my6uS7bI8bnFp29DjxjqO1/r2XRRp2FZkXqymWSoV11z/Hv7M9GluGLudubHG8kwg9SyLKc3EjqObdTZTKU3CiXNCcfaK2L3zzrVmtMFY/KjKFPFpwIU0SjXK5uU/L6qEu7SMc80rj3E9sacrXRmO6Kb7o0X2WJc0o1yW0ZP8AX9Tgmax6dOpmO4ZpplkrcLHldBQtcE5QT32Z9L41+WKryskatMLbiJ1Q0ucraJWR2eyiurfwU82tbY9WXwTMW6atyVfRkcmbdCqXNXKE4V80oVb77fqebjvNOpen1ljcJ/QuIMjJzb8qcqb7pJ01JbJuK7cxvHlWi0anbmy4K1rpkWDKuyqFuNkQrxrnv0e/LNP1Iy4RExlrP4yztMzHGY7h7jrcrdWlRRs8elRc2pJJ7vqzqp5f2X1TuET43HHysyGLTimnumei5AAAAAAAAAAAAAAAAAAAAAAAAAAAAAAAAAAAAAAAAAAAAAAAAAAAAAAAAAAAAAAAAAAAAAAAAAAAAAAAAAAAAAAAAAAAAAAAAAAAAAAAAAAAAAAAAAAAAAAAAAAAAAACxqKba6JAYzDUlfqebiya/h8vWC+dzx/I8jjfV/27vpiKVtWWL5+I9Q1KeLqGJOmm6xV3WSjtGda6rZmV8kx1+m8XjjurIdCg45uXPItddFEWorbbaLWya2NfFtvNaZ/UObL/ANOv+2N6jl0QzLv4v+ng2ozk9+ZnkZbbtNnfir+MQltM095HkOMoyjP1cm3Vo1wYpy2iqubLFNvfF+BlRvqWLdjwxpxXo5U7Fan6ZJPvuen5WGMWprLiwbyTqWFRosxNTtzYQlk5FbdNsJ0xUOeXRqP3RhOO1fyd2oyV4Mswna9L5rbLI3t72Uyh1q5nuv1MM07pEMqRq86VpPaG05cqg3HZL/ojhn3p1Rr2k+FbndnRnKN/K4NuL/DE9T42d5XB5caqntT8tYb8yTim/wASXY9nPMfXO3FTe2B6pKKpzrsmp5ChU/pFKKX/AF91uzyMUTePy/bv48dcZWHCL06+qydVlMbJpyhV28uH5k2vzNlppFaTCLcucTKT0jLyI4v0vkYscNN7z5NudOXsjDHlt9M1XtSu4nvalqmmYODbdq9kb6oSrVcoxn0332TSJw44rWJ0mM15mabZ1o1c69Mx1ZPnm47uR7uLukS83JH5SvTRQAAAAAAAAAAAAAAAAAAAAAAAAAAAAAAAAAAAAAAAAAAAAAAAAAAAAAAAAAAAAAAAAAAAAAAAAAAAAAAAAAAAAAAAAAAAAAAAAAAAAAAAAAAAAAAAAAAAAAAAAAAAABclKLi+zWwGH6hUqsqEtprJrajGTXLCUV1e/Q8Dy98+Nndh/uPSpkapZZCynKxbbY2J+W1FLpt0Z12raYjn+ylK7/GUHwtrbyKXkTtpoUlONkHFvqm113ODlOG+qt8uLkg82106pGvJhzKbk42bJpoxx4627bx/TJuFMezL4hnlrzY0QgpdH6VLbsdvhYZnLy/UOXypitOKV4zjfZLDrxsNWzsk15//ALR6Pk05anTn8a/CZ7YTqsNPytKhWsHMcbrfTZS2pKSe3rSb/wAmOXJTjxrDXDS8W3MpvI/eWBw/Rk2ZOPZO6/rXs/wNdFucfkY5rg3telonNPSNydQ1KiuunMp9W7nKyEObk7JN7d+hwxht6dUcdc4T/AuTLI1G9rM54xj+GC3hL77nX8bGs0xEuTzJ3WNswz05YtiT2aW/Y9zLXlSYcFZ1LUevYs8z6Oyyu7IsTnFQhLlhCG/M1I8bBfrUvWvWP0ajq2PXHFv0rHxIVTh5d9da9Erf5V+h0eTet6OfBS0b2udLlbDLXl4zlC6uFc7023tu2keVjtaNxHp1XpEzEp3UdTxp65pemU4Vl0GvOlOcHKPKvf7dTtprccN9OWKTaLWszbByFkYcLOVJvo/sz2MV+dduK9eM6VzVQAAAAAAAAAAAAAAAAAAAAAAAAAAAAAAAAAAAAAAAAAAAAAAAAAAAAAAAAAAAAAAAAAAAAAAAAAAAAAAAAAAAAAAAAAAAAAAAAAAAAAAAAAAAAAAAAAAAAAAAAAAAADza3GEmlu0iJIYRharPKy8yjN2psrklByXrSkeDnmbTPJ6VscUiJq8a3f5+XiWQnN4uNBuF1M+X1/1HVPkxNI4/pXHimJmZ/aM0HBtng5N86rFPJuk4fzOfyebeJvbk6LZIp+NUXqk4atqOKvIlC9bQnBr0+YjmryrPFrT8a7bJ4d81UcrrrqqikuWPdyPb+Ovadx+nmeVEctqvEFjowVftOUa5JzUfaPZs6vLi3DlX9McWt6liFGJOGbZj2Qrow3U1GVf54Pq2vhnk2vudz6dsWmY6TGNRRLAni24n+mvca6XF77RXZs18fLWMc/ZG4syvvluJ7hE5uj31VVU6bluFF0nCy1rrXFd2v7tozmIrqaT03rm3ExaFbhPIWkSqwad78h9JwjWk+/42y/jZ6Yr9dzKmelr/AJSzPUH/AKSfp5l8Hq+TM/VLix/ya41/S76c/Er0+HLDJ9Vkd+lXy9jwuMzMaejTLqHzUMOOl6dZjYsK4tzcp11w7Lbv/cv5ETwThtyttVo87ItpvfPiVY9K8jm9MWv5pHJWZivTWONd77UMeOqviPU8++2MfNrrpqSe/mxXdo78X2T3e3ak/XFeNY6bMwlJ40OetVy78qPcp6h5NvauWQAAAAAAAAAAAAAAAAAAAAAAAAAAAAAAAAAAAAAAAAAAAAAAAAAAAAAAAAAAAAAAAAAAAAAAAAAAAAAAAAAAAAAAAAAAAAAAAAAAAAAAAAAAAAAAAAAAAAAAAAAAAAAsTaaAwvUdHvjqV+S/NuyFWlWlPli18s8ny8Ezb1t6GLyNUisLvE0yrJwHVbGNkJpqXL+WXu0ef42DVev2Zss8njAxuXAjiwlOyzGk+S21cs/7F5rbukTpTn3yY1qtjwZvKurm1NOcIbbvn/lb90mctePLlDupE2jimNEy9Ss0KyccJrJfXkdnK4fojtxZ/wAbVc3kUrGSNMnwsn6nTpOTe8Fyzfyd3hZ5z4J3+nLmx/XdiXE+pabRXGOdlZGNRGxQhJLounVbI5LYrWjcd1aUmI9+05hKnI0zJddcmvMW0F1UHt0aNIrFsFtKzuLxtBz1DMztOzsOi2GHbNulynW5Ott+yRyY804Jms/tvlwxMRaEhw1gcmoQ+ohK6zFrUFkR9MW177Gng155t66hXPOqREJbXb5RVNdam+aW0uRbs7fPy+scMMNOpmUHZqWI521Smsi6tqO8Ok5Rb/Czl1ateUQ0iNzrbGVZqmt4OZCynJw7MPK82vz69vOo+zM43OOZn26aXiLxH6Tumzlfjec41RVkuqv3cmvdnJWd1/GFr6idJPQ6vr9WyMiyuUsSqKhRJpxXT3R6vg44vaZ/TjzXmlYiGVo9dyAAAAAAAAAAAAAAAAAAAAAAAAAAAAAAAAAAAAAAAAAAAAAAAAAAAAAAAAAAAAAAAAAAAAAAAAAAAAAAAAAAAAAAAAAAAAAAAAAAAAAAAAAAAAAAAAAAAAAAAAAAAAAAAHi5RcJKa3j2ZS8RMTEpiUPKtwqlCMJ49UbPU4Pr9mjxZx2xzPCNRHt08uXcz2h8p6xgZ8tQuuosw/O5JY0Y+qNb6Ke50x40xvJHtXnExwScFVl49uPk+XtByivdNfJ58ZImZpadaazuurVXflVxx4wm0qtk3L3cjpnh9fGfUwz3M22o512Tp2DZbg4f1Fs30r3Ud392MEZPEpuI6knWSdTLG8Z036TlzeMlkTrs5qrknXzS6Npm1PkMeKmpLYLTO1TTc6jR8ZUXXTsw6KlTGTa3s+Gzkp5VYvaNbq1nDMxE77eeJpafbhY9s8xY8/NjZc42ckmvgzi2KaxOuz84nSb0rNod8/o+R0Sjz80Hu5v7lsHkfXaeMIvjmY3KO4g1RrTsmvBnW9TnFxjCctnHp1Yx5azM2t7T9c9R+mMaLnTt4fo07VK5U6pj2KfPXVt/Cj13cjt/y6Ti4M5xTFts9w6YLTa657SjcuZVqW6/z8GMU403PqUWtu3SI1PzKMzHX0+G67nKF84za5YpdDKtIm2uttbW6ZLo2JVjYu9MYxVnqfLLeP8AY9nBijHXpyXtuV+bqAAAAAAAAAAAAAAAAAAAAAAAAAAAAAAAAAAAAAAAAAAAAAAAAAAAAAAAAAAAAAAAAAAAAAAAAAAAAAAAAAAAAAAAAAAAAAAAAAAAAAAAAAAAAAAAAAAAAAAAAAAAAAAAACBzcyUc50JWQ3aTnKPp2+x4fm2vS+o626sVYmNytMvS8/zb44malhX7SnGxKcm17Jv2Nbc611jt0is1/cK9kpY9kaoVu665Ox7bbRimcOSvC2qRubNYnlG56iCWrwqvVNqUbFFtQgt+nuzXHlyXmKVjtWccRG9vVmuYtuRTh80bvNj637Q+E0beR5E49Y8ne1aYZtE3qxfW9bxMa6dVWNl6goW+VOqnpyvZvsYeP48ZJ3Ebhra81iNzpFcMcQOzVrVkJU1TilGnJhy2Q37MpbFbDfVoWmYvXcSveOboak1iafdjUzx4qebdbWnGP8sP1Z1YsFcsRNZYc5p7W+gSsxL/AN2alXGvKgoyg6ZbKfN2e/ujHyMN8c6mWtLxaNwvtSlTj61CFGNk5ThJLJVEPMSb+7GPxLWtMR+kTm1C9hrmkVZditxudwhzRtf8o5Vx9WqcbXjqV9VDzcmU8HNheuTeuuMuvL8fdFJwTvVZTFo1+UPWZTqtuPjcmHG2d93rjBbKMWtnu38I7cOHLWItr2yvak9bZNpdEsTDjQ7XYo9m0l0+D1KRMR25ZlXLAAAAAAAAAAAAAAAAAAAAAAAAAAAAAAAAAAAAAAAAAAAAAAAAAAAAAAAAAAAAAAAAAAAAAAAAAAAAAAAAAAAAAAAAAAAAAAAAAAAAAAAAAAAAAAAAAAAAAAAAAAAAAAAAAo5GPXkRgrVvyy5kZZcVcsatCa2mvpC8SZ0NJqplbUvpr5Knn3/BJnH5WGuPHNqw1xzNp7R2s4nkUPVMGVlmfCUKopTajOLa3jt8bNmdceO+CbQtynnqUVbqmRm2ZF2LKqnIVW0El2afaTOXxfKitt2dGXBMR0t55VGq8R4VuB5deZWkspxaVTS9vux5mePI1WI9GHHbHWZlS17Q6a5ZE4ZdscjNsU53Yd/I00y9c3+N+MdqfX9vvpZZulPN1yrUtSzacO/FrjyK1p237Lbea7IrkyTl7ydLVjh/BcZ2v6NgRnzVV5lkIrniu1kuvLJ+zabK4PJthnUdwWwxeGIZupZebl4NsOTy6IKHPKxKc+u/t2SJzZ5zd2K4/r9M14e1DJhq9s9KtVKzEp3QnByUZ/JPi55xfiZsfL8kFqOHZicUZuNKTlZa4unmaac991v9mzPLbWeJs1pX/h6ZJPOxdJ1PEthVZRCairYKtJUS7dPlNnZltjy5qxT3DmrExjnbY+K5ToqlY05Sgm3HserDkVCQAAAAAAAAAAAAAAAAAAAAAAAAAAAAAAAAAAAAAAAAAAAAAAAAAAAAAAAAAAAAAAAAAAAAAAAAAAAAAAAAAAAAAAAAAAAAAAAAAAAAAAAAAAAAAAAAAAAAAAAAAAAAAAAAAAEbrWnwzq6vNSnCqTm65fhbXZsyzVm1JrC1J1LXOq26jlQnXS5Y2JGTdl0bOZ2JR6qG3ueTj8f6+pd8zyXHD+mzowY2rGy8iNvWbsvUkl99uzNK4KV7rBOTl1MqGj4+bk6vj+XHBw8FWSl5ltalOxfG5WL44nja0Qm9ZiOTKMzDpqV2RZfhqytN0qipKUX+rN8mbFT3dhSLT6hq/ijS7szMnq2RkfX4rhCNkeaSt5uzUUc8+TjtPc//AC3ik1jULjRaeGdG07IuWJZlZt8eXfKq2rpX9y9fJwUjetyral7TrfSA1TCwNTxqY0umuWNBp3bcjyfumikZseSF45UT/B+D9BLFqjTl1Svc151tzTlH28tfZ+5pwprWkWmZ72zS3D1HAzMCizOyc76qzlf1GNF8iS95F7eNSYY/ZvtVeh26lZB4+BTjTbcMifPzRi4vpKJbH401tuFLZOu5Z7TFVwjFdoxSPRcz6AAAAAAAAAAAAAAAAAAAAAAAAAAAAAAAAAAAAAAAAAAAAAAAAAAAAAAAAAAAAAAAAAAAAAAAAAAAAAAAAAAAAAAAAAAAAAAAAAAAAAAAAAAAAAAAAAAAAAAAAAAAAAAAAAAAHjPqldiTqqsdc5LZTj+Ui0bhMTqWJ52HNYk3TSoSo5lTW4qK5v5tzz8suyntgeZx3oug0KjWNXxq8mf+7ViRU3N/MtuhjamS1ZiGu8cTtYadx9oedap4OJqWVL8koYzm+Y83Jhy4o1NG320n+MslWs6vCmqWLwzbOdnXkzGlNr9FuUxzfDbU0iGVr1mP5MR444k4kxsN065HR9InJp1Uxsbslv8ALOq0ZctuM9//AKZ1yUr3DXGVxFGzJktcjC7eEeTyMrmT/XozqwfH5fdOlb+TV4t4nux50w0fSoXY8U26rJxka/8At2T+VphEeVVJaRxphU67ivinS9VwXjSTjLHm3Gpl4xT/ANqYzxLovh7UaOIcXEztC1Ku/Brs5pvZpyW34WvZoRW0dWUtaumU4Sj5KlGpVc/qcdtjtpHTmlXLoAAAAAAAAAAAAAAAAAAAAAAAAAAAAAAAAAAAAAAAAAAAAAAAAAAAAAAAAAAAAAAAAAAAAAAAAAAAAAAAAAAAAAAAAAAAAAAAAAAAAAAAAAAAAAAAAAAAAAAAAAAAAAAAAAAAApZN9dFTsunGEEt22yl71pG7DVnGfi7w7puNnVY9sMnOqah5PdTOGcl80/8AFVrH4x3LmHX9a+r1HIyMbHpxlbNy5YRTcF8bnq46TWur+2Fp2sqeIc/H5o4ubk0qS2brnsmib48d41aNkWtCRzONuI8h1Wy1vUpWVry4t2bekxnxcU+6rfZKFzNT1HUbr8nOvtybrkuadsuaT2NMWOuP+EK2tv2sp2SW28eTZ9eprMyquIZjTb61z2SUidjNOFeMoaZ/B1itahhXfiUvVOs4vK8KuaN16mG2PJMdS3PwLxTpugQx6dF1TBztPydpvAlYoXUt/DOauW1dVzQtOv03dgZlWdjQvobdc/k64tFu4ZrgsAAAAAAAAAAAAAAAAAAAAAAAAAAAAAAAAAAAAAAAAAAAAAAAAAAAAAAAAAAAAAAAAAAAAAAAAAAAAAAAAAAAAAAAAAAAAAAAAAAAAAAAAAAAAAAAAAAAAAAAAAAAAAAAAAAAguKuLNH4WxY3a1mKlS/DBLeUv0RMRMjmDxR8W9U4ivycbT5zw9JnF1xqj0lNf1FYwbnldHL+mpZXzlZKb/EzeOlZUpS6AeHdGL332l9hyTp4vyrJST3b/UrOQ08Quse/LF8hH2J0pWXOTfp6/cczRGy6KW+7j9yvI0rVXp77PZl4ttGl7HJkpx9MOY03sbQ8MfFPUuE89c9k8rTnBQeHZPt+jMpxRvdTlr26r4N4m0/izRYalpsnyN8s6pv1Vy+GVmJhZNkAAAAAAAAAAAAAAAAAAAAAAAAAAAAAAAAAAAAAAAAAAAAAAAAAAAAAAAAAAAAAAAAAAAAAAAAAAAAAAAAAAAAAAAAAAAAAAAAAAAAAAAAAAAAAAAAAAAAAAAAAAAAAAAAAp5d8MbHuvtko11Qc5NvZbJAcT+I/E2Vr2p5F+Xa5udkpL7R7Rijq1xjUM97YHZvvy827ZmlTfTt3AtrbJWT5I9l3KWsmIfYSjD22+5RYs2m0l3ISv8LGn9FkZMVzQx9nJP7srK0KOZj17u6p7Sb6xa7EqqLyEpdVsiRTkoWLdIDzKMoR3b3ii20L7HSkoy3+Davakujv2Yc9VatquJN2fxaoTSb6GPkZIrMbTTt0XFkLAAAAAAAAAAAAAAAAAAAAAAAAAAAAAAAAAAAAAAAAAAAAAAAAAAAAAAAAAAAAAAAAAAAAAAAAAAAAAAAAAAAAAAAAAAAAAAAAAAAAAAAAAAAAAAAAAAAAAAAAAAAAAAAADC/GDVaNJ8PtYnfz811Lqhyd92ZZMnDWvcpiNuJdTu5re632S6HbMs4R85dCooTuk01Dv7spNkxDzjQ6tb7SKLPd8fwECR0/TpTcXPZJ/JWbRDSKSzLRtJongZCt3SsS5o+z2ImUxCA1OqiE5QrSlu3tsV5L8YiGN5NbTZeJZTC3q/Giyq5y04x2JFXDn6EbU9M5Zfwnr2foOr1ZGn3+V5kVRbKS6KttGflYfuxzEJpbUu3+HM95Wj41qthbzVra6D351t3OPxcs3rq3uGl4SB1KgAAAAAAAAAAAAAAAAAAAAAAAAAAAAAAAAAAAAAAAAAAAAAAAAAAAAAAAAAAAAAAAAAAAAAAAAAAAAAAAAAAAAAAAAAAAAAAAAAAAAAAAAAAAAAAAAAAAAAAAAAAAAAAHPH7SnE2NkTo0fEmp2UbzyZKX4fiBWmPnk5THomenNuR0sfXfY6JUWds+jSKzKVOhc26M1lSEdrlv7ESlcN1wv5u6SKymqUwVPLbbsVVa929isVhpNpX0tSycTScjFVu8pzVas+zHHs59I66uuGOnXe7LfdFmfaHvm5783RoEraL2tTZZC5zN7GpJPoB6xtoOMd+/U0pOlJT1EVk4ko80VKuDT37tb+xsrLqzwm4gU/DjA1C1RVlC5clVy5vTH3Z4tKzh8ua/qXR7q2xW1OEZwalGS3TXZnoswAAAAAAAAAAAAAAAAAAAAAAAAAAAAAAAAAAAAAAAAAAAAAAAAAAAAAAAAAAAAAAAAAAAAAAAAAAAAAAAAAAAAAAAAAAAAAAAAAAAAAAAAAAAAAAAAAAAAAAAAAAAAAFLMyK8TFuybntVTB2S/RDWxw34la8tf4jzdRhX5Ucqxz5ft2R061Gme9sJvl0/UzlaFpNlZSVyfsZpXWPWrUkntIJfbq/Ku5JEC60315ChN9N+7CV1q6jCiMqoy8t3bJ+z2XUD7mOuWMp1OO7j2+AIV7ck2+7AtffclCcjSljVua/EgIq2l05XlzfTun9iUJPT7m5Qm+8Xs18nRjncM7M+8M+KMnhniCvyGrcLLn5GVjS/DbFmfkYIyRv9wmttdOmfCPiV6xpN+DfDkv02yWNyy6S5U/SZbXZ6SAAAAAAAAAAAAAAAAAAAAAAAAAAAAAAAAAAAAAAAAAAAAAAAAAAAAAAAAAAAAAAAAAAAAAAAAAAAAAAAAAAAAAAAAAAAAAAAAAAAAAAAAAAAAAAAAAAAAAAAAAAAAAQvHmNdk8Gazj4v/M2Y01Bf2Ji0VncolwhrcJ15U67OaEq1yuE+8Gu6N5tFu4UiNIe9egzlaFrIql5gVTCTwa1zU/LkQKuq1S+rXRLeKISr6Tj7Sdl3SK7IiJTqYedQk/p1FtuEb3yy9kRHtM+l3dVVdj9NlJe/yJlNYiUFdjuG+7JiyJppaJeosqyT0bYvq7OO6IEXq8k8rdbcqfRL2QiSYesWzbInFLpJJo2xW10paGa+HukS13izFqU51Qp/1F1kIc3Il2M/PzfVikxRuXSmk40NB8TMfKtkqsXVceOO+u7tuj0U/wDCOHxM03iK2bWhtI7mYAAAAAAAAAAAAAAAAAAAAAAAAAAAAAAAAAAAAAAAAAAAAAAAAAAAAAAAAAAAAAAAAAAAAAAAAAAAAAAAAAAAAAAAAAAAAAAAAAAAAAAAAAAAAAAAAAAAAAAAAAAAAFLNcfp58y3i4tNFMn8JIcN+KWnvTOMtWxO6V7mm587akk+5bxrbxQi/thMvg2QtbI7FZChb9DOVoSqsUbMefRbekbTKtqFkbJVT910KrLyjayMIN7bopRpkWmXX5GNk0ybc004x9ti+u1JnpVwqnHFq55bcy7MSiqMzZ7zkvhlYha0o9dbDRml5TXLD/JCVhqM1ZelEQTKm5uDhsmpLqWidSrLbfgpBT1mdrujU5zrralv64b7uJwfK5OqwvhhuzxY1ejSeG9LslP8A1VOZXKiMk+b5bTMfB3fJ/wCE5J02Jw/rMNQjiZFTssouqU29uikehEzE6UlOI1QAAAAAAAAAAAAAAAAAAAAAAAAAAAAAAAAAAAAAAAAAAAAAAAAAAAAAAAAAAAAAAAAAAAAAAAAAAAAAAAAAAAAAAAAAAAAAAAAAAAAAAAAAAAAAAAAAAAAAAAAAABgYzxdrawM3SNP/AIasz8jkUnL8MYrcw8jf1WlMe3JfjJnx1Tj3W8hLaEL1Sl8ckVE18SJ+qJ/tS89tcWy2k0bSKF094kSPuIZrQuVJOGz7ohMq9tnmU7JEJVsG7+H1fqiU9NYncJON0bdPy5Thva4rlZbl2rw6RMcubh6yyiOum3NsCjD8ZKF9z7xW/ZAUFHmu5pEC51CpOqF0I7rZJv4EEtveCmsQxtOztPU65ZF2RVZTTZFfpKcTz/lcc2rF18M/pmX7QePetA0TMusdyx73X5j72c4+MtMX7/Zl9Mo/Zw1aOq6Xl6bfdPzMOathW3+VnrZqavtlWem4zNIAAAAAAAAAAAAAAAAAAAAAAAAAAAAAAAAAAAAAAAAAAAAAAAAAAAAAAAAAAAAAAAAAAAAAAAAAAAAAAAAAAAAAAAAAAAAAAAAAAAAAAAAAAAAAAAAAAAAAAAAAAGBpjjnUK8jxKvnVXCy7SMNbc63SlL3OPz7TGKKx+1sfvbmniG+VuVdkpJOzIsm136tnp0rxxxDD9sWtk3Nt+7M5XUJvciUrjGUVH7lEqjaT3fuEvUZtQ6ED1RNRaImF4ldKcZfib/yUWmVK+cEtki0KyjrHu2XhSXmCSkBWTclsgK0IkC+qocoTXNvFx3Ak+FtSu0fUtP1ShuE8a5PmcU1s+j6M0yY/txTVWJ42dH8SQ0TXPCS9Ru8+mrEWRXdJvd2HgeN/w5OMe29+43LBv2bZ5z4vhfjNfTOiVd0W+59Dnt6c9I9upsacbYKyP4WZRO1nokAAAAAAAAAAAAAAAAAAAAAAAAAAAAAAAAAAAAAAAAAAAAAAAAAAAAAAAAAAAAAAAAAAAAAAAAAAAAAAAAAAAAAAAAAAAAAAAAAAAAAAAAAAAAAAAAAAAAAAAAACyyKaTaXxuBp3M0vAu434mwYZV0nmcl98o+qX6I8/5C00it2mNznxvoEtD1+7AeVXlV7ylVZD3+zXsz0fG8qPIqwtWaywbIjyWtFrJhby7lVlxXL07JdSB6cm107ED51h2/wEvS7bkC5xKJXT5d2EvmZQ6mkwSsH0ZKr7Wt5BML+ivZdiE6VXX6E2iBUwZOFvQISel4H7zzMHCjfCj6jI8pzn2h92bzeMePlKkxuzp18PQl4eVcMYsp724zTuhDZOT327/Ox83Ob/AJIyOrXWmnvB7Ub+HuJngZadGVC5Vzg2otezR7+X861vVhT+nWmi/T0QdUZ3KEusVY99ylJglfmiAAAAAAAAAAAAAAAAAAAAAAAAAAAAAAAAAAAAAAAAAAAAAAAAAAAAAAAAAAAAAAAAAAAAAAAAAAAAAAAAAAAAAAAAAAAAAAAAAAAAAAAAAAAAAAAAAAAAAAAAABHcQalTpGk5GoZKTqog5yKzKXOPh9xLPWvFrVMlcsVmYlirhPs2uqMPkqawJxTuU/4paFVqvDWqZVmJ5V+Mnl1Ww/FGxbKe/wBmeR4meaXhresOXc/1SVi/N1Z9Had9uaFmurKLLmqK6ECqoxit2lt7Nge41Jro02/YhL1kQ8qqHXfmYSu9K2hbHd9yJWqrahXzy5iILQgLFtNovCj3RDdiSEjTLliuZNbELPtr9L2IQqYUerlJb7dkvkIbD8HIRp4jlkXVzkoyjR0qUlB2Pbm3f4WcnyOWa4opWV8dfy26A1PKphTOzUsyGJh4jnkTuj+Sn8EP7+l/5PIisX1SP209dy5X1/Lozdf1HMxHL6e69yrk1s3Fdm/ufVYMfHDFJcd53bcOsPDnVL9Z4P0HPd9kXChQmpQ6ymujZwa1bUOiWxa3vBPdP9DphmEgAAAAAAAAAAAAAAAAAAAAAAAAAAAAAAAAAAAAAAAAAAAAAAAAAAAAAAAAAAAAAAAAAAAAAAAAAAAAAAAAAAAAAAAAAAAAAAAAAAAAAAAAAAAAAAAAAAAAAAABq3x/+v8A+CJVadjW3qy1KzkTbgitI/MmenMPCl9uFxHiZtcJTlTavTFP1/KN/JrGXHbl6Z1nUumOJ4q3hbUrcin6vGso3ljKTgnLb8akn+h8pjn8nbLjzU6lCLSkn6n0X6n09e6RLl/aOre0tyErmuCkko937/BA9WyUVFNAVsTll27/ACQs9ZjUuSC/KwK+G1Frp1ImCJScMed0FsurC6I1DT76nzyg9kTEqTC2qi000EL2u1drK9yE7XDtoVb2qfUG3qNTq5baXtbCXMunSSJQ3L4L6isjEycWNUatrpWWuCTlPmXTueT8pXjalmuKWT+N8cinw5yPoqrK589Ucyck+ecEY/H95o2nJ6c+aHOqWo48b0nX5ilJM+mtuay5I6l2fwhkvK0jS56diwrxKIeXNcyTkcUT01lkun13VO2E5RlVKTlHlZaN7F2XQAAAAAAAAAAAAAAAAAAAAAAAAAAAAAAAAAAAAAAAAAAAAAAAAAAAAAAAAAAAAAAAAAAAAAAAAAAAAAAAAAAAAAAAAAAAAAAAAAAAAAAAAAAAAAAAAAAAAAAASb/L0RAxzjHKlj6PKEp172tJL32K2nUJiHOXCSxMrxRzLcLHhe6lO2mqPSMZ/wAzMfPyWp4vRjrE3223rOturhnVZtwxZQonyOC2hVuvh92fP455Txh0S461BynU5Te8m29/nqfW8eNIhx/tGR6PqZLr2n8K2fpA821udnqkBd9KYqFff3ZCy603EVj8yxeiIEi8amS5obS2JQlMRQSSnJJr2+SFolIZdFd9TXTZrrsU9LxtjGo6WqnJ1omLKzVExjJy+Eiyq4hGbfoi1KPswhXjlxprs547SS6bsbGR8GcWZvDWbN4zsdeWknWnsuf2bKeZ40ZsUf6KX4206M1WmOt6HftFvC1OlO+E+0bNtmn/AH5WeHjnhMWbTH6clzps03VbsW6MlZj2yql/Z7H0+K3KIly2hunwY4zz8zU7eHc22DrupnKiXaTml0RzeRi4dw0rbcab84c1CzJxsSyumfluG1rXZP4RjjstMMmOlQAAAAAAAAAAAAAAAAAAAAAAAAAAAAAAAAAAAAAAAAAAAAAAAAAAAAAAAAAAAAAAAAAAAAAAAAAAAAAAAAAAAAAAAAAAAAAAAAAAAAAAAAAAAAAAAAAAAAAABQyW0opNeqXKUv6TDj/xZ4p1HM451emjUcuGHXc6o1RsaSSL4ccTXaLWlb+EOq04vFVlV986Z5KjCuSeye0usWcvy1JnD+K2Ge2y/E5ZescAZ08Xy/paGpOvk2nPZnkeDaK5q822XuOnN+cufFTgku6Pqb9x044RMI7xOdouaNn0TSbexAvp465FOMNuRbPr3ZCdKlFCnOL+fYJT2FhNQ6pgU8zKx8KtWWQlKMpcu6IiTSrTfWvUmuR9UySF7DU6kuWuLlJ/lS3K6XiVlqGZPknK2nyalvtKXUCwx8WM6655bjXGx77e+wlEQtdZjHFnOH4pbqUJR7OIiS0LOiPnXxcm5pfPZEqpFY1+VlYuNhQldlWz5KqYfibOudRTcsfdunSul269dwPRpflxWtW0p2ycuaNVP4U18PofL5bV5TFHZDnvxAx8bF4tzacbdOvlVvXdO3b1NHtfH2mcUcnPljtIeGl2ZRxvomRp1LtvjauaP9H5jszxuilPbr7hzTMjSvNrU4zjO1y5V2jBt7HDWmrbazLJToVAAAAAAAAAAAAAAAAAAAAAAAAAAAAAAAAAAAAAAAAAAAAAAAAAAAAAAAAAAAAAAAAAAAAAAAAAAAAAAAAAAAAAAAAAAAAAAAAAAAAAAAAAAAAAAAAAAAAAAAU591tBye/t7ESNBeP2j6XfTnZqw6sbPqSsVkY8rkKXmLaJjpoPhfNjpWvafqdtUbY0XxnKE+0ka58U5MdoUpbUup7MhqKsrjGWFlUuFMuXflUopx2Xx3Pje4tqXdqNNG+NPC1Gk16bqmBjVYtWUnRfVXLo713kke98b5NrRNLMMlNS1JVHZbM9BmRhGu7eXUiUwl8b+LRybLlf52+xWFpV245EoQrthBK2MV8gSV2Tes1YtF8WrXy823sxKYh84iyP3no8oQjGNeG+emKXaC6MmIRadoXSrK76Y132y9Etow+wlEJTHhbHM3jKtwsjvFy6bJBO3nIacHLMnOWLVNPZ+7ZWVvbxkZeDWrJ0TlZB7Sjv0cX8MjsiIQ2Tku612b805rljAmsaRa2/SYwcX6HAjPJr9T6pfzN9kSiGX+FmDDK17LyZKx5FFO1Ch255tR3l7pGPyN9YYhXFH5bbuisfGzMWyy+WFhWcqybV151U2lUl3Sb6ng7iZjbpaC8YrqreOcmOLRTRTCtbRqjt3bfU9/42P+Hbly/yU/C3OeFxNjzbjz9lzM7c0TwUp7dm6by3Toy/qZzsuri3Hb09jmiYs0S5ogAAAAAAAAAAAAAAAAAAAAAAAAAAAAAAAAAAAAAAAAAAAAAAAAAAAAAAAAAAAAAAAAAAAAAAAAAAAAAAAAAAAAAAAAAAAAAAAAAAAAAAAAAAAAAAAAAAAAABKSXciZ0NX+L3FmZwvoOVqel3qvNlkwxqZJ8y27vdGVY+zJuJWn8Yc28Xcb6vxVDbVJQjFtSkq/zs7KYIidspvuGKWbz6G/6Zw3t4Ia5frE7Kc6SksOuNXO5dXFx2SPmfkvFrhvGSv7duK/KNJHxwvw8HgK7Tr8CcrnOEqMh9dupzeFExljXta/cbcySW02j6O0S53m/q/uVFTFnfLamEtk+xCdr7Co8hQyLPwNtbkLQlVyPIeRyrmjXKbe/TpHoRK8PCn/opV1r1SonCRKiA0uXJe482267kohN2TmoQg5xu683Tv+hCVlq+RflOip1qEF6UkSjb5n41ePguSW020gTBoeNKd8LpcvNv7iSE47IZ+oStul/pKVt8JpAZ/wCFfDttmPHiWGoUYuDLM8hqU9p7L/ujg+SvukLYo7bO1zN1GPDPEOs4cIvDpx5V0UT6Rkve2PxI83xa/ZfX6aXnUOVbL7b3K26yVtk3zTnN7uTPqaVrWIrVxzO5e8Rbtrfv2/U11tDov9mvimd/1ek592RdbSual2PdVxPN8n/gtziG9Pyh0EpxcN91saVvFo5QjT1CabezLRMICQAAAAAAAAAAAAAAAAAAAAAAAAAAAAAAAAAAAAAAAAAAAAAAAAAAAAAAAAAAAAAAAAAAAAAAAAAAAAAAAAAAAAAAAAAAAAAAAAAAAAAAAAAAAAAAAAAAAMf441tcN8MZ2pySnKqHog/zTfSKObPaYiKx+1qRtz94y26ll8L6RVOrmdMrLcicY+pSf85bwK63szS0jO34/uelyYaKHvGTZNSW7/BjhjO03THrlmPBTzUvp5t7yqhF9+VfJ858t5HK311/Tqw10u/HXyZcG1zeRPaWeuSifft6pGHxtZ+7acvpzrktKa2Pfuwh4nFzjzIolWw0ndDmlyp9N/gJZDVTU6o0WbeUl7PrIhaFLIqqxsLMVO6UkobS6te5Te7L61Upg5eTObXq3W39i8qxDHLK/KyXH7kxKto1KZw4qNae/qCV3kqu2hKUtpVvmg/gCI1jJV7pqr/L3+7EFknZ/pcSCjspTjy/2+QLSLlkzhiQk40rrNoKtl+DOXXj8S36dOValm0TqonbZyKE/wD+2jk+Swc8UWhbHbVtN2Z+gzuqx6OscC6mVFkJT367dZJrvzf+Dx6VmnG9W0y5S4m0e7QdezdLyNnLHscVKPZruj6fBljJSLOS0aWFc3CacX1R0bUZ14SzzbuNa1iRy7PNhOFyxk+zXv8Abc5/KrzxzDTFOpdUaNZJaTi3qN/VqNlFifomujPnrxkwevTriYvLJ8RObdzm5eYk2mux7GK3OIttzzGp0ujdUAAAAAAAAAAAAAAAAAAAAAAAAAAAAAAAAAAAAAAAAAAAAAAAAAAAAAAAAAAAAAAAAAAAAAAAAAAAAAAAAAAAAAAAAAAAAAAAAAAAAAAAAAAAAAAAAAAANIftA6pZn6zoPCmO+VX5ELMhtmV43aFobUz8Wqrh++mrGqnUqtk5tNNfLJiNV6Q468W8XDxeLJLBUIc9SnZCHZTN8MzaO1LsTpkrEkkn7HREqOneDa408NY+Krp3+RRCu2yCTcOik4pr45j4/wAu3LLaXbT01n+0FqVeRqWl4GNGSox63NyfeTZ6nxVK92ZZplp3Ljyy2XVI9TIzh8x+j2a3iZLPUkq75RAkcC3Zb2btR6kLwuNRf+hjzP8AiS9TIr72teetPEbkliz/AJe4lESstdp5MlXQ/wBufVCqLveJa4wS2X6koh9ulLbowI/EgrMzeXSMerJRC7zMmVzlNvfskBfYMFRjyjJrnntKb+F8AMueyk99ovZxfudUViadspnVnRPgpruo5/B9bzpzzFiylVVFrefwtj53zMdcWbVHTSZtDXX7Q9tE+KdNjj1qMasTlk0vfnO74yd1lnlhqqe/Lv8AJ6swwdPfs8zxMPQVThQoeTm07+bP5OObfl22Ztxdrd+m6pw9pk7q4/vK54t18X0hJLeH92cnm0m2Pr20xzqWwKfwpfHRm+C26a/pnL2boAAAAAAAAAAAAAAAAAAAAAAAAAAAAAAAAAAAAAAAAAAAAAAAAAAAAAAAAAAAAAAAAAAAAAAAAAAAAAAAAAAAAAAAAAAAAAAAAAAAAAAAAAAAAAAAAAABgaN8SrIan4zaJp1VcLFiVK2xdudspmnjhtZNO7RCA1zi7j3WdY1XQ+FcP/S4U3CcIRjY4Jezmzlwa+uOS9vfTQ2sxy46hkfvHzPrHY/OVn4lI9HHMTHTG0Lah8jUvym0Kt8eCmo26jw5l4EpSjOi52RcesrfSfNfK4Yx3i0ft1YZ3DIeMeG8LjHBx3n5cq1HGlVjWyik6L/ZT2W7TObxfI+mYWvTk5f1GqdF1lVn465uEv1R9Jy51izm1pQU9pR9kQsvKaXdbKTa2KWnS8V5L+OK8aDlY4pLuubqRvlCdcVjk3u6b67lojSszsh1WzJF1Cdd1EsfIbUWvS/5WQPVOn5NOPZZOtuNa9b9gnS1larKpOrZIIlT02qU5uFa3lYSiIXssJRtgptbKXq2ISvIwo5bIy3c5PoBfaDoGTxFq9WlYk4Uzubm7LN2q4RW7bNr5Prx8mXHdm7OFdH/AHHouPi+TKyvEk7bJQ9EndPbkin79GmfNeRknLblLrrGo0wX9oFPG1/HxZ8qlyKT7bvZe7PR+JrqbSxzS1LLt3bPblgktH13VdHqlDTM67GjJ7tQkY2pWe5WiZZ54fZWTxBoup6LPmsy2/rYZk25Trsj2f8AfscPkax3i8+p6bY53Do7wg4qnxVw7K7KrdOo48lTlVS7xmkXwYfp3EK2tuWdm6oAAAAAAAAAAAAAAAAAAAAAAAAAAAAAAAAAAAAAAAAAAAAAAAAAAAAAAAAAAAAAAAAAAAAAAAAAAAAAAAAAAAAAAAAAAAAAAAAAAAAAAAAAAAAAAAAAAMDU2kYTzvEfinO2i7L39HjTmt1BRW7kcXm54/HBHuWmOs93XnAsMDgXQPo7LXkahdZvOMFvO2bfdnn4/NrW98n/AOohrbHMxENceK/hnfqer6jrUNRxYZ2VNThgKL+PdnTTzvo1GT3P6/pScfL00NyTqtcZR2nCTi0/Znu1/KOUOWemxPBnNyLOJ46G3P6LKc53urpYlGL7M835Lx65Kc/3DXDaY6dAaZpdMKK7Yt5dV0HXBtbOKXVNr+bpseBFY/i6JlzJ414NGleImq0YmKqaeaM1VNdt0e94m/r0wt7YNRT581BI3mdERtPY+OsWDtsj2W0EZ+2sfjCJ1C7extP1vv8Ac1iGUyo1dV1EkL7Hqc49E9yFoecmrypxcu24JhNu/Hliwodye6+TNptA5ODZjSfL1qk+jRpEs+L3DJeHOClBSW3SS6Me0fxXslTdWnXJxm/n5AusWi5XRwsyMY2T/wBqUvzfYjSWVeGdDXEGdPkvXJBUU3Qg3KqcmcvyOTWKK/2jHH5TLd+YoeTfqOHm1rTLbIz86afo8veLnL9Dxp3M/wDlu5p441OjW+Jsy/CblhRk4UTk25Th/M2/dvdn0vh+P9NOLkyX5Sx3lcZdDr0zby8H+GeC9d4Xqo16mMtTy7bK1e7OtTXZHkeXnmmWKzOnTSv47bY4T8NtN4a0e3TarPMzGm1luPLN7nHm+29pi89r1mI7hT0nRr+DuO8fUIws/d2sp05vq3jXf7WfbmPU8ebfXEXZX1vptE2VAAAAAAAAAAAAAAAAAAAAAAAAAAAAAAAAAAAAAAAAAAAAAAAAAAAAAAAAAAAAAAAAAAAAAAAAAAAAAAAAAAAAAAAAAAAAAAAAAAAAAAAAAAAAAAAAAAFHLvVceRSStknyIpe8UjcpiNoXh7SaMOd+TB+bOyXST6tfJxYK1va2a3c+ml5mPxfOIKcaunz7Uq1GcW3Ho5Hm/I1ilZtWGuHczpp3xI1K7hhfVZc7JrIbljc3WU5fDOXxcVvKvDS9opDnnNnK7Jttm1z2Nyb+7PtqxFaxEPMmdy3R4JcL3Y+j3cSwzYUZdzVdKbXSrm2k2eD8n5O5+qJdOKn7bh4hptjo2Zfp9qXkRlbGcmlttF83U86MW53VrycY8SajdqWoWZN1llv5Yym23yrse/4+H6sUMJtuXvQXVSrL7luuXZL5ZaVq9PWblT8reUm0uyZbSJlDOTnLfuyVV/hwU0tkVW0mseKhU/Tu2FnnKojZVJSBKFlB0WOM+sV7hVeUXSjFdear4YTD1m4sLqeevpL2ELT2jqLJ1SXOFGQXZcc7GqhP8cF6Je6A2B4XZWsXw1j6e6uOn4rqysiuyCkpS7cxwfJ03SsrY57bT4t0/wCr4Xy9MuvkrLKvOhlXL8an7bI8rF+Nom7WXKM6b8XJsxbYuN9cnXKL9mj63HeLREw4ZhXhX5k1X05uxqq3B4R6XRoeLVqur1/VYGpRkowg/Xj8j25z575LLXnxtDuw1nXUt68PanW2qnmq+VkVPG3W29a+DzfEzTXLNbTvTbLTcbhkGsRohpuZZmy86iWz5P8Aske/e+om9ZccRudJDAvV2PGWzUtknzF8GaMtdwWrNZ0rmyoAAAAAAAAAAAAAAAAAAAAAAAAAAAAAAAAAAAAAAAAAAAAAAAAAAAAAAAAAAAAAAAAAAAAAAAAAAAAAAAAAAAAAAAAAAAAAAAAAAAAAAAAAAAAAAAAwMf1rUMCGVbj5djrsThBy5lHbffbZnN5FomOK9In2wfS+Is3Qsi6mEJZNEpy9EvZ/J4WLzMmK1nVbHFlxqHFeXqOiz1LGxqPIhKVbi3zOM/Zsz8i+TPHO3pOOsV6/bUvF2qXZvDmbDVLZZNaXNX5j38uzdbOJ0/HzP3V4KZdcWnrn5jT3fV92fWz086HU/h7h6Hg6RpEsVVW2/TR3lXH8X8zabe/U+P8AJtXJmnm7qxMV6QnjZr9+DwzjacqIUYeo+YobfiUV8HX8fi+20TMarCmSdOZM5PkW62+x72T0wqq0zUaUjBotci3n6P5JVVMCpzmvuxK0JavlolzyXpT5bF8fDKrLvmlBNrflYNkrZRg/T+gSsp1qcG3tu+r3CJWW8qLHy+qsC7rsag3DrB90BRtp5mtuzCFaqvypxUff33CV69TzNOyZ3aflWU2veFkoS/FHbs18G9sUZKdst6s6D4LnXqnDmBya5C6jyoQqco8nVL1wn77x377o+Yy45peaS6oncbal8b9I/dnE+LkwqSWZjJzsh1hOcG02n+nKez8dk3i058sdtc028s0/v3R6USx02b4fcbafp+kT0nX1bDDjN3Y2TVHmlVJ/iTj7xZ5vn+FOeOVfbow5OLeeh5Wl4Or4ODHMg8eujnqvaTU5SW6/Q+d+iK5fys6+czTqHninV9R1Dgq18L1vMzp3LCuTn+Dr+NI7cNazM9s7dSxeeb4h6NxHwvPOos+iWRGmaq9Smp9Gpnd4+qRqFMk8u3Qa7HosAAAAAAAAAAAAAAAAAAAAAAAAAAAAAAAAAAAAAAAAAAAAAAAAAAAAAAAAAAAAAAAAAAAAAAAAAAAAAAAAAAAAAAAAAAAAAAAAAAAAAAAAAAAAAAAAFtq1llGk5d+OlK6FbcF8yA5R8XOI7fNxdLhkTsuxY891vZzufUr4uLczlt+05LfqGYZOXZq/CWg8VY+VyQxo+TqVcOzezXPJHkeX42rzqHRjybhg3GWvS0zSMjH0/Ndc8ppx8me/Qy8LxZvkibx1C2S8RDXebreo6lGFGZkysqh1UeyPew+LixTyrDktktbqVnfLqdcsodGeDk7IcHYnn8/muDdU1LeKTk9lL4PlPP1Ga2nZTuFfizh/A4j0++GThairseTULq5Kc65vvWl2kivieVfBOqJvSLOfOKdHzdM8tZWJdXRZu6LpwaViPocfkRmpuHNxmsseldywSXclZ6wVGVrc9n9iJITWmKMMbKmoJLm+OxErVXaxlZmQg4uUMmt19PlroyB6w8rzcGuqVSc4emX9gQo5l8VbCH0qlPbfo9ugFCy6fNFxx4xSXaT33BtbTybsiUoyioxi+yXuBQhKcG3Ht8MkVoZCX5ehAq/Uqe0fzb9Alc04Vubm4uLStp5E1FSf4YrtuzotkjHj5Sx1ys33wxpGNoGn42Apqy/G3lPp/Dvm+ja+Vuj5XyM85b85ddK6jSD8ZcXTM7hf6qznozMDkrrUI7Vuc5buKX6HV8dln7eEKZa9NCpbSa5XufROVVjNOTTfTsyyW9eGOINC1jhrEy8vUKMLUdPrUMui7p56j2lX8to+c8vwrXybo7MeTUMy4b4np0PgmfEWLgXwv1SaqxsFr8d7b5XF/wApTFgmubUyXnlHS24C8R9Yq4snonG2LPD1KzsrOkW/Y6745pH2452pExb8Zb2xLvPxa58soOS3aZ34786xZlMal7LoAAAAAAAAAAAAAAAAAAAAAAAAAAAAAAAAAAAAAAAAAAAAAAAAAAAAAAAAAAAAAAAAAAAAAAAAAAAAAAAAAAAAAAAAAAAAAAAAAAAAAAAAAAAAAAAx3jq/Mo0S6WD5LddcrrVYt24RXsY5pmY1/a1dRLljizgzVYcNV8Y6rdXyZ9/N5D3c+WXaTZNPMp9kePEInHMxMsr/AGfNVoza9b4XzHYqcytziufl+zKefHqycX9NpeHXhxofDWhtZODTn59ycrLra1Z+kYl6W50jaJ9tD+N3D2BpWp1ZunUQxpXzlCymtcsU17pG2C0z0raGr7XLl6nXLJnnhBxf+4NZswdQt20fP6ZCfs0jy/kPFjLTlHuG2O+pb/0m76zBhKuDuhbBQrse75qt+sJSXuk+583Edy65Yv4vYeJDw1lRruTk2Kibs07yYRiov2izt8TJk5176Z21pyta3zNM99guNOXPek+kYpyb+yIlMMgwK5fuhy277shMJeqverCya994WQbe/wB9gLSuiMNc1PHXaMnZFBKhao2axidOk6nzf5AqZKVFkXsnzqXR/YCyw4p6jl1rslzISQp1w57LITiudrmRCVLkhOufJ+JAWT5lZBEwrLcHg3pFmXkT1CUHOEL40NKxbcvdxlB/iTOH5TJbrFC2GP22RPEyMDHvsd6nKVEFGTXK1323aXTZL/8As8Xjtu0z4mcZR1uUNOwvMeLBqeS3PmjO5LZcp7nxviTjib2c+W++mASgp7Sj0Z7GmC/0DCrzdbwsbI3VNtqjN7lMm4rtNe507M4d4f0aPC+Fh4+j1WYl9bhkJVrZr9Tkietw1VIYvD8K8bha2mqDp9eMt16JKT5Wn+VnnZIrznHPW/TSN65QxHxm0HM1/SNP1vQMaduuaVfyThBLzNh42SKzMX/fUq2jXpn/AIe3ahdocJatj3490tpuq7vCT7o7PHjjuv6Mmp7ZSdLMAAAAAAAAAAAAAAAAAAAAAAAAAAAAAAAAAAAAAAAAAAAAAAAAAAAAAAAAAAAAAAAAAAAAAAAAAAAAAAAAAAAAAAAAAAAAAAAAAAAAAAAAAAAAAADANQpv4zws+vHz3iafdKdCsqjvKcYvZo4PKzTjvDWsRp5zs7DuctOydPxp4GC4queR+FSgto7I8W3kWjlMe5bxj20Ctfw8DxxlnaTHy8Z3KiTrSScmtpM9nxa3nxPyY2mIydNq+LHiTqnA2p42NhY1OTjZdCvrb9LiW8SLzMx+lb6iHOXFnE2ocU6m83U3FS/LVX0hA9XHjirntbaBs2fQ1lUqqnZONdcJTsm+WMF3k32SM7TEQtHt1n4brJxtA0PTrb6Lvo6kp+Xumm3s4P5a3PkvKtF802xu2sajUsU8e8ZU8H12ZErJ3Oe1Mub0wTfWOxv4VZjLVFvTmPKTjbI9+3tzQuMKPLRZJdXZJQRVZnteNGrTXTt3pfZEJWeDu9OcYpuSxlLZfKkSK2r1/S8ZVTk1GORDuVSja0nruS4yc66lypsBlydkMScuilz7NdyUKeBDl4gUe3mURf8AmKAt1HlzaOXd7ylWwlbNOq+Vb6J9UJIe4KKuXp3/AFEeyfTd/g7gvTtHWrTqhmUZNU6oQrUnZGxPrFpL/qeN8leZzTX9wvjjpkHFsrsjg7V/MthjuMLJ1Rjd62102Rx4NfZXk0v6cwJ8sVHt7M+uiXE9wl33e6LRKFfHscZRkpOLXZrumT7gbk8LPEjX4ZVOm/71VUHJTT7Hn+XvDTlVti/OdS2Rw9ZpNmu51+vVuGozca4ZCnvCGy/D099zw88xf/jyz37iXVG664M34e1Wy/JyFkUxioSglbHvau3MzDws3PJvJ7Tlx6jplkp8icmm4/bqfSRM7/041U1QAAAAAAAAAAAAAAAAAAAAAAAAAAAAAAAAAAAAAAAAAAAAAAAAAAAAAAAAAAAAAAAAAAAAAAAAAAAAAAAAAAAAAAAAAAAAAAAAAAAAAAAAAAAAACy1XIopoVeRZ5ayJKiPXZty9kAropwcerHxqFXRDolFbKKOXyP4blarCNf06rMnl499tdELLpKM+3K3H0tM+Zvbeeax6d0R+G5cfWc+FrVtbl5tmNlOLkvztS7n2GGeWGI1+nnz1ZvDx8hHO4E4T1KpWKOzgcfiRqYaZP20DP09PdM9eJc2nhqKactxsbC8FNOxdQ4sVmZdVDyI/wAKufe2b9onl/J5eOPTbDXc7dK2ToqjCyFFVaph1rjFRblvsotdu7TPBm9ep16dERLTv7Q3EjyXicOxrpVWM/qLLIy525/CPY+Ox77/AKY5Jc85cf4zb7M9GzOEvpWO551FCSaqjzSRRZm2O4zeRXv+HHm5JMJReG1CdEH+fAf/AJAcb71w0/Li95qEWVWn0jsCvkwJXP8A3LW3uERC6z06lpsa01vXPYkW/MquJ6eXry0Q/wD1QHnISjmzftGyFy/RvZgl44ijXTqMJ1/h5Nv0YkiFpj2Rls/cmkbnRaem3vBbVcy3Ov02/UMWrHwpSsqwL/S5eYtm4NHnfLY/y5xCcMsqUoX6nXi5Vd9lM3KVtShySViW04pfGyXU8iY46bNAcbaVVpfEOVTiP/SWS8ylb7uMH7M+j8HL9uKJcuSNSgYt7nYoneFOHdR4p1OvA0innvl7ye0YibxWCIbn4a8I9d4SzP3jrVdGThQhyW/SXfxKji8zeTHqG2L8bbYVofH1Okavl1ZuLLKw7cqdlPlvl5W5e6OTy/j/ALYi9Z/S+PNqdS3DpfEOc5q/GohzxvhJp9f4cu62PBikUnp1zabNh32R0zXIX5uVc9OyYxjCFkkqsefZKPy5M9rBebzWrkmOmXnrMQAAAAAAAAAAAAAAAAAAAAAAAAAAAAAAAAAAAAAAAAAAAAAAAAAAAAAAAAAAAAAAAAAAAAAAAAAAAAAAAAAAAAAAAAAAAAAAAAAAAAAAAAAAAAAc+/tLcS2w1rStI022VU8ZrJlOL7T/ACm2Om4UtOkt4ZeI+dxTg6hjarbSs3T64yjcuit9t2jyvlOWLURPTfD+SM8U+MsHQdN+jyHkz1lRm41uHSbfaTZ43j+FPkXmauq+WKR25mplOUpOT/iSk5SZ9VSvGsRDgmdy6z4F0bTfEHwu0nD1h2/TYs4tqqSW7S7HHSNZZif1LS3qJY14veGnDen4Mv3HivGyIV88Wpt7s6ucxKnHbna6KSi0mn7p/J0s20/AfW8PD1GzT8mONVkZFqdWROCdiXaUYs8b5XHaaxerfDMem8KMh3VZkMeM4KqyUIxmmt+q5X8Jb+6PBmI7l0NS+KvButZ+o5WsUQryK6anLK5FyyhP427Ske94Pm04xT9ufJj720bKrny6k+sN92ejaYnuFKxpL8Mp2ZGTkNboqlNaU3Zm6nF//wAdtIiVoKtoZekNc21uFy7Jb+7ED3xjXCzhzAtgm35USEofDlN6VCMpbxT6L4BVca3P+NpsW29qmgSi7bt9dU2+qhFP/AJXWXZvcpLpzVyimv8AKCUFl5Nl01KxtvYlVU05t3LdrZLcvjj8lLT0v6LL3rWNbTbKnJ86Pl2xfWMt+jNM/HjPKNwrR1HOr11WZ2fHMyKXy25qShzya2S2T/Xsz4+1t707YaM8YdIlharTkztqcJry6eT88T2fism4mrnzQ13s02+57LFtTwH4gxND11wzbYUOVsZqyRjkr+1qukeKtc0zF4Z1jPws551mTjWctVc009o/K7bGfOOWtrRDiHN78ylu991LvudNo6ZxOpbBn4iOXC0sLAhbRqdnlqdy/JyvumeNT4ufu3P8XVbPEV6RnFXH2ucS5GnS1C7kWFUq64UtxTa/O/uehg8WmD+LC1+TrXwj4vXGHB2Lk2T3zsdKnIX3+TS0aIZsQAAAAAAAAAAAAAAAAAAAAAAAAAAAAAAAAAAAAAAAAAAAAAAAAAAAAAAAAAAAAAAAAAAAAAAAAAAAAAAAAAAAAAAAAAAAAAAAAAAAAAAAAAAADzfYqqp2TfphFyf6IDiPxB1yWtcUarqtk+uTbJVR+IrojtrHGrGZ3LEMW/Khc1jXWVvpzcktk0nv1OfJSL+4aVnTLvEripcX5+HnvHdLqxYUPfvKSXqZh4Xhf4/L/acmTlpg9XosT2T3Z1TCkOk/BDiKGieGmrapZGu2ODJpR32b69jy81px5ZmrpiN1hiHiZ4zWcTYjxdO02WLBx282x9Udtcc27ljM69NN3T536dunRNHQze8O2WPl0XRscJ12RkpL8uz7lL0i9ZrK1Z1O3UGm6/j8T8KwyMWydmqVqNLknsro7pbtey6nyObDbFea2h2xO2ZaW8nKprnDHrhO6qUo2tbxx5bbbOPuMdtW2Wcjcd6T+4OJ9SxZX1Xzi366+3NI97xb88ff6c9o1JwylDBafRy3bOhC70Rr6zU5vt5LSIleFSbUcjhzkTb8jb/8hBK44kW3D+JCXflfT+5E+1o9Mb0+xPBUd93syVYVtXs8zKwPhVbkEo+9qWq2tLokl/0JRPtf3bLHpfb1oJ0x2SblJP26FlV/pVL8xOC5pfBpi/kpaOm2vCnhPJWE+I6lzZF8LaasedfaL6KyLZ5PyXlTN/qo1xU622bqnl6Vw/V9TgqeJi17pwacLbt9m9/ldkeJE76dDQXivql2dxTPFsr8mvEhGMYbr3Se7PovjMMUpycuWdywxp8v2PUYvta6oDZWnyyNP8LcuxWZFayYvlhd/t2KUkm6zgy15eTVvX+DW2TNdYwT5TutLAoe23yKiu1v1fYtobc/Z54unoHGFWLbY1gZ7VM4+yn7Mreu4TWXXRguAAAAAAAAAAAAAAAAAAAAAAAAAAAAAAAAAAAAAAAAAAAAAAAAAAAAAAAAAAAAAAAAAAAAAAAAAAAAAAAAAAAAAAAAAAAAAAAAAAAAAAAAAAGBgHjjrq0TgPIULfLyMx+TD9PzGuGvKyt51DjPPvd10uVbRX4V8I6LztnELamTiVhK5v6UpvqaT6VWneXUz0s3fwVXB+A3ESUqJuNvMudbNHl5+P38XRSfx20tkQmpLfdOfqPTYSt1Frfr1GkPKTTf2ZVLa37P1k5cXTrlj+biRondfy+2x5XyeOvDnPuG2Kf06bqhjfTRyaJyqqsgkm2229+z33PF3GpvHW4bT/TkzxvxJ0cWu2WHLEWRHzlBx2T3k+x6/g74zvpnkY/pFvlw8tdnBtncqr6DJRtzm1v/AAt9yFoVsmTV/Dc/ih//ALgl91+yU8PHrm/VGvsRK0emN6fLZNP2ZKF9NStysWS/9tpfqCUZXJyzrZfMiVd9pWyUZY9dfXzfMXT7ELMcb9c2/eRZRNaJRLKvxceuUVO66ME5PZdX8k1txiZRLqfAwsXTsHGshZ/pIQdePjQi3CEfhJv5Plcl+dpu6YjTHPEPWY8I8Mu/GhivLurUaXOLac5fm5HvFyRt4mGM2WsQi88Ycz5EpWWznbJzsnJylJ+8n3Z9TSsVjUOSXnolyoshsDwm8PMnjrUXHz3i4Vb5Z2pbtspbJxnUJiGy/F7w6p4Z8OlPRL7bqcWcK81Se7kt/wAZhTHM5ecrzbVdOcrek2jplm91te6JFauXfbsy0ShIYF06LI21T5bINSi/dNFvaIl3Z4d63DiHg3StT5t52UpWfKmjlmNS1TxAAAAAAAAAAAAAAAAAAAAAAAAAAAAAAAAAAAAAAAAAAAAAAAAAAAAAAAAAAAAAAAAAAAAAAAAAAAAAAAAAAAAAAAAAAAAAAAAAAAAAAAAAA85l1ePRO22ShVWnKUn2SQHHHi5xpfxZrdtnPKOFVJwoq9oxOyleMMZnbW9n40u4SNNpOLXwSK2R0rivsWlVYfn3+DOVnTv7NGHj53B2fjZ9FN9Fl/meTJHm5NWzztvHVIZL4vcN6TmcPZvNptGKo0uVdsK1FxcUa85raNK625Bn26HbDKXyKfffoJHSP7PmiadDh2GXdGH7zne7Yd91Dbpz/Y+e+QyRfLwiXTjjUNpark4eiaXdfd5zplP0J9VuvZNezOG9KxWY/wDhpE7lyT4p69brvFV1s7lfGC9MvhP8n9ux6/g47Rj5WZXntjuFdy879/LkjqQktCl0zZvovJC0KupT2o4e22TWO1/+Qgt6VtbaeRXF+9fciVoYrjy5bWv6hCJ9pSy7lxLPmPWL+AlD4DampJ9d90yzOEirHPLlKT3fdlV0J+aX6l2aY061U+VbOHMoTU9v0Zekb3CJl0fm6tkZNsp3aXl4VdtdclQmpVtOPSUWvxLc+UzVitpiHVHcIbjDScjibRcfS5uVFe8Z4m6TXnbdU5Pujbx83+PeLaRavKHPuqYt2nahk4WVHkvx5uE4p77NH0uPJF68quWY1K1T67mirev7PfGGlaEvotUvVHPa5Kc+xlkrM9wtEs48c+NcBeHl+Lojpyo6lYseeRTLeECuGYm+k2jrbla2L5t9jomFCEkQPqls+5Oxe02b7LoXiVXSX7K3EXl3anoF9ndfU0GWWP2vWXQJksAAAAAAAAAAAAAAAAAAAAAAAAAAAAAAAAAAAAAAAAAAAAAAAAAAAAAAAAAAAAAAAAAAAAAAAAAAAAAAAAAAAAAAAAAAAAAAAAAAAAAAAAA1/wCO2rPS/D3LVM1GzKkqC+ONyraenHeW3LZuXTujqlnpZTfq3T9iEvMH60tghcZaXImmn7MtIsN9uvuZStDfPBPFN/Cfhnp+fplmP9XKyTnTL5/nPJtu3kzFZdMainbBONvFfifiuqzHz76qMWfpdVEdj0Yxx7lhMsA5tzSFX3fljs2+Z9hI3x4H8W4un6HLnw98vHsVS8peq9M+d+RpOPN9jqxzuvFtvinFq4n4XyHKu5RlTOcK636pyXaUDlrM3mszHa3pxnlxcZydj/iNvn+U/ufTRrjGnN+1PDkk7W+6gZrpfSp8uPlb9W6yFoetVk5z0mpdHGlL/qRVORdaz6b69lsoxIW/TFoPbIlt/MWj0rb2vc6e2JZt7oCywvj2JlSF5Bfx5v7ELold/wC5ZmlsPZ1R8xpQ67to1w+1b70zzgXj/Ox7NN0fVdQnHS6Juuizl3dCZ5vneDExa+PqWmLJrqWx87UrfprMXLqaqrU1Xl1btWNPeO2/bueJP6dDSviVk15etwlyRhOFMYtwS5ZHu/G7jHpzZfbEkkz0mSvVKUd+RtMmBnHErq/4K09VOqS89eqMXD8j3SX/AHZxYZ//ACbNr/8AThhc486PQ051rKLT2ZSYWIy2fVEC4ols0XiUM08Otfnw3xZpmp12NeTanZ94PuhaOUEO5sS2GRRC6qSlVZFTjJe6ZzNHoAAAAAAAAAAAAAAAAAAAAAAAAAAAAAAAAAAAAAAAAAAAAAAAAAAAAAAAAAAAAAAAAAAAAAAAAAAAAAAAAAAAAAAAAAAAAAAAAAAAAAAAAHN/7U2sc2s4Gk1W+mip2WJfLN8UajalpaT0XSc/Xc6GFpWNbk5NnSNcF7fLfsiM2emGs3yTqCtJtPSvxVwnq3C2VXRrGNKpWfgtj1rl9kzHB5WPPG8c7XvjmntCwTUnu0ddWUmT0XZ7liFCcZwik0tmt1uZymG2dSxMKzgTQ8bCXmZvk7WzXV/KjGJ5WOY/ybOm38GsNY0rO0p1x1LDyMO2a5oxvrcG0enyhzaRu77LoSl8UZN9d0QNr+BmvV4OZm6PZ5VV+a4zw751pqFy9n8Jnk/K4JtWL1bYrN1c8r6lc77LL8WajONDaWN7vlXdpHz3KbdOnUME8TPDeOfw5n8R4KVuVW/MrWNWoxnV3k5o9bw/Jtx7Y3rDn2norl79j14nbNN6e+TByZbdXDYLwZ7i9Vw4bNxjXArVN13qMZZGb5NEJzm9oxjFNtmc2ivctIhBw0zMeozx44mS70+taqlzf4Lxkrr2zmk7edWjKqry5xlGaezUls0WiYn0ielthx2LSpC5jv50/wD4MhdFL2/UszS+Mv4VafZGmH2i/plvhlw1++9bhl5ELJYGNaulSUpyn3S5Tk+Q8j6q8Y9ytiruW77ce7PhTKiMK7rbfNdU30jUt+kdj5renS0j4wTuep4NOZp/0dqjZNbxSc4NpJvY9v4us6mXPmYA+VuKin26/qeuxZDw9whr+vw59I0jLyqn+eMdojnEJ0zbj/StT0vgDCxtUxM2nIosqjY8mmPTo0oQlH8px0jXkTP9tZ7xtXV99j0Yc5k9LN4+6ImEwouE5tciba9kikpfYNoQL7Em9+qXL7msKy7S8AeIXrHhzjQsnzX4UvppHNaNS0iWwSqQAAAAAAAAAAAAAAAAAAAAAAAAAAAAAAAAAAAAAAAAAAAAAAAAAAAAAAAAAAAAAAAAAAAAAAAAAAAAAAAAAAAAAAAAAAAAAAAAAAAAAAJyjGEpSe0Ut2wOHfEzV3r3GWq5qcnCdzjD7JHTEaqz3tuX9nbRLNP4SzdVuxtrs65Kmf5nUj4//wBReRztGLG7vFp3uWwuKdAw+JtFv07VKm4SXR+8Je0keV4fmZPEy69f3DpvSLRpyBxPoWVw5r+VpudFq2mXSftOPtJH6B4+aMtItDy8lJrOpRmT1g9pNxR0M1vVXKyxRS3cnsjOyYdgeCeFirSb96qrsvHlGv8AiVpWVpRR5Pi6te9p9unJ1EIvx9xabOHtRs1SFMZKrmp92mjq7i/TKY6cm8qS/wDJ2xDPZFfcaNq+NkXY18babHXOLTUl3TRS9YmNJh0x4O8TvinTJ/XzhVqNDUbrXsvPfs2fLeZ4s4c2q/t20tyqzTP1GvR9O1GMKZSjZU4Ri30lbLeLXwkYYcsUvMyWjcONMlL94ZkVFRTua2Xt1PosH/ThjPtJ0bx0+cf50kabWhlPh/wo+L+Pq8Cy2WPjRjvbal+FJGNrxGqwvMT7b44a4R03gbi269Y8rFZ1oyMiHM5x94L4ZhfnjvufRuL11+2ZX114uu491OPj12ZG6ckk5yXfeXwu50ca8YtVl3PUtX8W+ES4teTrGdn/ALvrhO11wqpTc0YYucbvX00tNeqz7aA1/h+3h/Vforbqr04RsjZV2af/AGZ047867VmupRko7ZVv2gy+0IiK6oszStDap3XfZmuGe0XjcN++D9eJi8KU1YrlZl5dTnZOqD/G/aX3Xyj53zs3LPb/AE6a11VS4w4l/wCH9InmX0UUxyZur6d2c12S4vul+RGHjePOe3Gqb24e2gtd1O3WNVys+6Pl+dPeNak5KuPtFH0uHFGKkVhy2ncrFbGyjtfwVzcPL4HwqdNvprrdEYfo0vUjlruLTtrLGP2jJ038LxwfPjlZdFbunyWdoRYtaK3rBrcTLliuPXumd8MJLe27fsLEM00XSZYGnQ3mvqcmPPcmvye0Ec17K5LahX4iwcbWMK2WLRXVmYsd6+RbeZD3i18laW0wpeYlgdEtn0/wzprLqb5/Zd4ieDxXk6PY/wCFqFXp+00Vyx+01l1GjFcAAAAAAAAAAAAAAAAAAAAAAAAAAAAAAAAAAAAAAAAAAAAAAAAAAAAAAAAAAAAAAAAAAAAAAAAAAAAAAAAAAAAAAAAAAAAAAAAAAAAAAGMeJusLQ+BNYzeZxn5Lqg18yJrG5RPpx1wvod/E/E+JpdEmpZFnrl/LH8zLeVnjBjm8/pFK7nTsvQNMxdPx8PTsJOGNhVqMUn3SPjPApPneXOW36dt/wokdSxfNj5lf44918o9L5n43/Ir92P8AlCuDLxnjLU/jHwbVxPoqyMSvbVcbd0yS7/0M8/4f5H6b/XdvmxTkhy3bGdfNCyLjNemUZLZp/DPtqW5RuHlzGnjBjzZ+NDd9bIro/uVy9VmU09t08Zca69w5Tg6hpknh5Em4Nygtrl8yXueX4Uc5tMujLOmq+LeNNe4qvc9ZzXbDffy4LlgelFIhhMsfgk31/D7mirZWk+DXEmbg0Zd08DChbWrVXfc+fkfu0jlyeZWk6a1xbS2P4HanZeo2atiV1v8AMqnI5p+R3/2tY8eWyeEuBaeDeH8rTczKnbdfP6l5EKtnsuyPN8ub+Tbc9NMePUdMh4p0SriThmnHhC/GVnJKFtSSlPd7xi1/lj/E3FZiEb1M7lrDC8F9KyNQjy52p3VzUrLZxcNoP432O/nkr1pGqyn8TwW0r6NVu/N87ZW805xUa4+25EWyW/8AKd1qzDg7h6rgzSJxwdNts1a6znttU9/Pgn3TK2t9XdvZO8npkmHXbqEb45mFOWPVb/AWQ95zs/n/AKYm03pmiYj0z7oi9Wsz9R1CzDhqldE6dpWY2PUnz1LvtLvv9iLY7THFNbRE7S9WW7NY+k5r0sWClGPZPp0cn8PtsMVq4/wtKLRNvyYFxhwZovFPFeBi5+NlrP8AIcrcnFgq4W7Ps2VvfdvwXrGq/kh9U8FuHsSd0/8A1eba2UIWwItbLVavGyFzPAPS7M2qnAztTSlV5jclCSiK5cu9aVmlYW1PgV5k5eRquR5FVnJNzxjSubLG/wAVeFWysPQKsOq3GxXXRfe2qJODXIuXY8O+GZvymfbf9NfeK3hxxHxLn4E8KrAcMel1OXm8rkeh4V48bcXhlek27hqPXvDbirQ+eWfpM/LgnNyqmppJHqY/Jx3nUMJx2juWIbPfc6Wa/wADUc/BrnDCzMiiuT3lGq1xTI4xJtm3hrXDUa9VrzFXZXKixWTtblKTcXypf3PP8yON62dGKdxMMAqeyXs+zPTrLnsmOG8B52qx3ipUY6d1m/ZJdv8AL2RF50qzrHhkSc8i2rmtaUnJvp//AIclpct55yq6jTPHjXnYdSjZCzmbS9n8orFtqxLCuL9NhRlrUMT/AJPLfN06+XP3izppP6dGK++jgzV7NF4h07UapNSx7oz/ALGs9w1jqXe+Dl15uBj5NEk6b61ZH9GtznaKgAAAAAAAAAAAAAAAAAAAAAAAAAAAAAAAAAAAAAAAAAAAAAAAAAAAAAAAAAAAAAAAAAAAAAAAAAAAAAAAAAAAAAAAAAAAAAAAAAAAAAA0n+05rf02g4GkQl1ybHdP9ImmOP2rLE/2bOH/ADs7P4gurfJSnj47+ZPueD895OqRhp7lvhr+3Rmm43kUdd+eb3e5r8T4f+Nh79ynPk52Xi7HqsUTqGP5U5Wwj/Dl+JHyXy/gTgyT5GOPxn27MOTlHGWgfHngCPlz4i0aneXfLqh3a/nPT+I+Q51jHeVM2Pl+TSfDFH1OuYLg4bRvh+Ps/Ue5mtrHMuWsflDKPFrJuu1Kr6uasucOdtS3Xc4vj/Uy1ztdzf3R6bB5U+VpxfVNMgbcx/HHXI1VwtwcCflwhBtQackjz7+FFp3tvXLpkvDfjVZqGZTiPQ6LbLJ7LknI5M3ixijlMtqZeTZK17Jz7rVLDdU8evnthRdF8sE3u+q3POnyWtaxrtY3+I+g6dKeNm52VjzjVGMYyimoL5392dmPysmSkcYZ2pXfa2/+p3B0M/GSzXOLUlY1BrZy91ym9PIvbuYVnHCYu8QeGn5K03WMee8PLm7YyXpXbuu4+2ad1Ipy6llmk63g6vi0LSbPOhOEtsipJxh07fZ/ZmlMlM2qz7UvWa9q+NkRxsJ0u1V5eye1r3lzv52+TS0UwUnSI3eUVbmfR2VyzpUU2xs57MhLZy6dEorq3sJzRNdyRSdpDDuUsx508SxWZzVce21dUe0pCta5d3RO6/ixniLWtOwNU8rUs2WJj4r56cqT6Ob71P5/sc//AErcatY/KFpn+JXCkpVzs1+Csg026apuK5TS97WmOkRTSNyPGHhTH5JrW8qyS9LVOKkpIt9l9wrwhZ5fjxw9XKSrWfOhv2qSY3mnqDjT9q2ieKGkcT52Ph4EMhXzs7X9F+j2ODNXJT+cN6TE+pZjkZudy2Wwo0+FFdjhbKx2Lk+ejRT7ZjtPGPTTXi94i6toOrZ+g1YmBasnH5/quv547c0D0cHjxfV9ua+SY/GHP2/c9PbnZFwZwtqfF+qR07RalK7l5pynLaKK2yRVMV23RoXhBq/B1b1TUNRrthjctt9OGnKcV8o5PKictJ01xzFZaU4swVp3Euo48ZynVC6bhKUeVuLe6bR0+PfljiWWSPyZLwdiW42nTflyjO1qc3KO20PYXlz5b6jTJ6KXCzkc1KEoKUor5+Gc1pYR1C7sl7bLqU2hjudiU0yzsbPW2BkfmX5Ze0l90zasrROmC6ngWaTqFmLZZzpJSjNdpxfZnVS23TWeTsTwD1qGseGmnrn3twm8aabM7R22hsUqkAAAAAAAAAAAAAAAAAAAAAAAAAAAAAAAAAAAAAAAAAAAAAAAAAAAAAAAAAAAAAAAAAAAAAAAAAAAAAAAAAAAAAAAAAAAAAAAAAAAAAOUPHvUbeIPEeWnYjdjpcMSqP8AWa8opTcq63LoTgvQKdD0LT9MorjGOPBOzl95+7PkMGO3n+X9lvVZdczwqyuJ9S5gkLa1Ktqa3TKXpXJWa29SmJmEBeljXWVWKM4NPbmW6aPhctL/ABvk/wCv09CI+2u3N74M+j8XMvFotpik/rYRb5VCEkz6v/InJ4nJz8IjJqGzPDvhfStW13O1TWIU6rfhRqxK04qUa/QmzXwuqKZe5QHjxwXo/wDw9m6jj6dRgZGNDnrnVBQ5zq5TyYzDl7fqmdCj3CPMnzNpP8xOhtjw28UNZ0ezA0erG0uWMmqYSeOlN/rI4/Kw/jNqtaW71Le+dqOpfxMzEjTTqdb/AIqcU4WwT7J+6Pnoy358pnt1xMTXUsA8QuL9bnomVjZv7nrnbSraq1Q3K5KXqSl7NbHZg8jdoi7K1Y10w3F8b9T2rhZoOizSSXWo77eNG97Vi6Uq8bMhWQVnDejP9IFJwT72vFtprg/xoxr9ehDUNOxNJxZJqV1Kbi3/AForOG1NWg3ExMNp8GXY2sZWRrc9RxcpVpxqqoXLXDb833ZTHbnl3f8ARf8AGsRCYxeJcDVE4UN3xbkreWHpqUV1cmztjLW9WXCayxHO40w8/QboZ+XpmNXZKUYQybXXsl2kcFc1+6RDaaR1LTmV4haLPPuq1HSFr0apuFWRbP0OPzCLNI8a897PshSfiDwjBW78CYstl8xJ/wAe+/5J5xpaS8Q+CLORPgDGX6OBP+Nk/wD5K/ZH9Ibjjibh/WtHqxtC4Yp0m+FqnK+LTbXwb+PitS3csslomOnjwjsoXGVccnHsvjOPKpxsdfl/1FPlNfT2t49pi22/eJ+IbI6Lm04WFTRLlVdM723GU5fJ4dbxMxEx03m8uVNe+thq+VVqsm8yqx12R5uZRa9l9j6fDFYpEU9OK07lG823Y2UbP8BuK8LhriWxalaqaMrkSufaLTMctdr1dDcXeJPBmmRzK4atLO1K2rylRjPnbbRFuo5EObuLdK8/i7T5zqtrx8ymu2crXu3stp/9UZeHk3i0nP1bbLczM+pzqr7VzqFflxhX0ikltFIvaXmzPK0zKU4Y0+jM1HHwsiyVSv8ATzw/LI4/JyTixzkhbFWL3ispzVOBtYw93XXVm1x3TnjvZ7feJw4PlcWX+TpyeFkr6YjqmDPJxrKZPy7YrfllHruvZo9OmSLdxLlmJrOrMX13SZ6jgTx+VPUsKO9Uv/dr7tHVS/a9LcZbM/ZO1mVeVq2k28zrthG+CNL9uyHR5RIAAAAAAAAAAAAAAAAAAAAAAAAAAAAAAAAAAAAAAAAAAAAAAAAAAAAAAAAAAAAAAAAAAAAAAAAAAAAAAAAAAAAAAAAAAAAAAAAAAAAp5l8cfFvum9oVwc3/AGQHN/g7oa4g401PivNp56Me2c6W/e2TPH+b8v6sf1w1w03LfeDq2Ar6sSF3NkW8z2S7NfPwX+KrTF49Yj3K+bHfczMdQlefa3l+T099sFQsgZAx3iPLrohK2bhGMF3kfFfK5v8AK8qKRHp6Hi06c/cJZVfEviLxBxHmydWn1bwlP4ogvUe7lrOOlMTPlEzazENB8VtY4Z4t1fVNIjVdhZ97m8a6G0GvZnrYMXGkQ5L23Kw8RPFHWeNKZYt8IYuE5JuuEm3I1imp2rMtf9EuxpCr6t5LpvsSK6bXK4txkvzLpsTaNxpHpv8A8K9ceuadRiOuyUsOH8OqG8tp/Mn77nyvm+P9eWenbS34s61ilQxrXjUyefgQd1dU61bvF+mcORv4bOasflCZcn61TXi63k1UzU6o2y5ZJbH0fj3m+KLSwn2pwk5XQS9ky8rVfaXJWsmY6I9sk4T411jhay2elXwULVy2VWwU4TRjfDW/a3JIrxd4qw8i942VRCFy9dXkR8v+0SseNQm7C9e1fM1nJlm6jfK/ItlvKT6L/C6I3rSK9QpadqWJLqiysF0koX7Bf9LCp+uJLNf9HWm32L4/aL+m8fD/AIUx8DhWnVqciyvUZqFspQhuoKXeDPB87Pa+Wa/qG+OuoXvGWqUabomRPUKFqM4bzpn5yjBdOifycuCkXyRWF7TqNucrLrLbZ2Wyc7JvmbZ9VWvGNQ4xde+7LIfU+mwF3pvmRy6nTFtwfMkvfYTG40mG3eM/IycPQ9Yrc4QnQ41uX41v8/K79TyfGmaXtja543XkoaXC2rHoTcbcTduElu+u3uddnmz2ntKveNnY9633rsjLc58leVJqrSdWiW+o8s2rN/TJc0X9mfEWrxtMPooncbhh3F+t8PLLpwdZxZ5ErYqdeRBKPT5jP3PovjfhfkM1PswuLPmwx+N/2w7i/hKFGJTr+gZbyser8z/HH7HX4/l5aZf8bya6u5cvjxFeWOekR4Y5K0zjKrVcWt00XySup7eXPfrt9mm2evEq4cm/xl1Knvs12ZLoAAAAAAAAAAAAAAAAAAAAAAAAAAAAAAAAAAAAAAAAAAAAAAAAAAAAAAAAAAAAAAAAAAAAAAAAAAAAAAAAAAAAAAAAAAAAAAAAAAAAGJ+K2bZg8BapLHaV98Vj1fLlPoInXci04P0OvhrhjB0qEVzVVc9zX5p92fB+dntn8iZduOuoY1CSvyJWV1KE7LZS5d9k2veT9oo9jxLWrFcdXfkiIr+TZ2BGx01XX2QnJwTk4dmz6Csb/KXjW1uYhfRakt0zRRbZdnJW0ns2u/weV8r5v+Pi419y0x13Lnjx2458pPSsKzlss3r5vhe7PJ+G8Kct58jI7s14w4+Ee5QOBjWcLeC+q5M+dZOXBYlbUknvN+o9W8/b5Lm9U005m6dnYMYPLx76YTW8JTg0me1WYcko97t9+vwWlBt15V3+RAq0pR33ZesIe6VOc1XCLcpPZLbdsi1ojuUxG3QfgVwxn6HXlZ+TGbllQXNjRs5HXDuptnz3n5oy2iKfp044mI7bezMeOoYFmmYlsqL8iqUvOa3aXbZy9zgr+eqwvPXbiXXa3TrebS3u4Xzi3vvu0z6HBGsUbYWncvGGt7Z9O0GXstRWxutk39hPoj2pTWyl+oSscrpcTCtnmx/w6/1JRK5xn2EkPORLeu4hP6WlP4iyqXwafqL6KOXmdtkYbfO7SETxiZgmHVeJgZ+Lwvh4s7IVUY9ipsjB9oxXY+Xve1pmzqjUNP8AjrrdPmLRdOcXjuzzrNken8Zh7nJLHLLTnue253qIHtbfHUkVqIzlbCNSlzt9OXuJnQ3tpmiZOr+D7xNSqycXMo5p0yur/lba2XfseTefr8jk6NcqaYjwXnu/FWHfYnWnzQjzbcsjsmHnZY1O2St8jlXJ78v/AEZjLFtPN1qf/wBMXnUWbXqlU83unvsfP4PDjJ8nXFb1MvWjL/8Aj8mCcL308QYS4b1Vpy3dun5TfWm3+V/0yP1DyMX0W+/F+vcf6eXSeccLJDgC+yGZn8O5rlCvKrnX5U/yWo8T/wBSeJXNgr5uP+VG/i2nlOK37YvF2aJq9OTGTsi5+XbDl67J9TzMV+dItDL1LpvhbU8fVtGxsjFtVkeRRk/ubxO3ZW3KEsSsAAAAAAAAAAAAAAAAAAAAAAAAAAAAAAAAAAAAAAAAAAAAAAAAAAAAAAAAAAAAAAAAAAAAAAAAAAAAAAAAAAAAAAAAAAAAAAAAAAAY/wAT4VOp52nU3dasSz6qcWukpL8J5fy3k/Th4x7s0xRuVSEt4qU+jl1Z8XXt2T/UMSloV/1ttl3LHEUnKa5n/Eh3cUfQeDM6i1unTfNE11Htk2na5TZpsLJzqhak/wDTx7rb2PoaZItG4lxZvFtS+v1/aaxMjzcKrInDy/Mgp8vwTkzVxUm9vTmtTVuMMV481+nROH87OybY1xhBo+S5W+Q8ndvTrxVikblyDpltnFnG1E8qt2q6zdx9uVdkfV8a+Ng1Vzcpy5Ny3bn/ALtz/FLhTgy90W0adB5WRW48qnfytwg2cfhYtzzla9v02l4h6dVqHD0q87BxvpuVxkp7PdfY9GevTFwxqldNWqZlOI3LHrunCtt7txTNq9wpKnQnGb+Nvc1iFXuxrslsiwyjw4xMjP4v054lML7MWav5JvZNQ6nD5+ThhmWmKNy62xcym9R5qLVTZvBYs6ko1/r/AFN9Uz5ysxrjP/w6dMP8V+J9Q4U4WduJZTjXSc8WOPat5yT94G/i4bZMka60radQ5PyE1d623Ntttn0E14xphE7XWnx5p3fasyu1ouNPrbslt1WzQt6KR2o31vZ9PcisrWhHZfSwtVSyla/TUWhWVxT0XQEKdr/g2/qgSo0dyZQkse2VM4Tg2pQakn8bdSaRudEup7My3Nq07KxYWTryKq76ozhvGveO0mk99z5S8TS80/26o9NQeI+hZutQt1nGxoReHUoXVw964/nPT8Dyfrt9dmWSm421PJbz6nuuaX1CB6TS7kje37MGHpt+qZV+XXTZlK1QjzpehHPl/lppV0VxHptmdgZ1eVGDra3o9fLJS+z9vcyzRHCZlNZ7cbavhT0PiTOwL4yhKqxyrinuvLfXuWxWjJjizLNTvTNsDMoztNV2yjbWkrJbf9SJhw610yzSZyzOANcwYLnnQ43xS+N+pwV1h+QwZrf268P5Yb0YFGy2m2FlT5Zxkpwfwz9MmIncS87f7ZzqGQrtc4e4jxko/Wyi7lH/AN+D5ZnjZKb8fN41v1EuqJ1euSFPxD0mFOu51VsH5c7PPht06SPiPjcvLDEf008qvDItPDji+7hXX7MNSnPCm0nX32PUif2pW/F0ziX15GPXdS1KuyKlE1h2KgAAAAAAAAAAAAAAAAAAAAAAAAAAAAAAAAAAAAAAAAAAAAAAAAAAAAAAAAAAAAAAAAAAAAAAAAAAAAAAAAAAAAAAAAAAAAAAAAAAEXnS5slKO3XufG/MZ/t8jjH6deGuq7U389OhxYMs477hcc1OcWj1vLvXPnxxjn0pWJrE7Y9K+OLqNlUqoqGTd/Gs5PVCO+y/szq8LyLY8k4sn7ehOOcuKJ3/ABjplGo2QVbjJpQgt2YfOeTymPHq8zBWd7cpeO3Gt2qZz0ehryYvew6fiPA+r/lt+2vk5Ij8KrvwF0VYv13EWak6MSiVyhzpc3Kdnn35TGKGGONRtqbU9ZytR17L1fzLasm++V6kpvmg2+nqPRwY4pSIY2t2n9Z8UOLtU0r93ZupysqUOTzNvW4l5ortg8X0S+CYQuofhil+prCHixJNbbqXuJGZeEl0aONcV2z5KuSfM37rlPO+SrvBLXFOrOpcbWK3qy5VO3D8lSourSaS969k23JHz1snG29unXTn/wAb4ZM+L8nKsnm3YjlF12W78kU/yRPe+PmJrMufJEtWZclPIcktm2zuyKVXGnfjvS96znu3xvWBfytx329tydK70kUo5UWnsrl7duYpMNInaA1CEoXcslsy1VLqFy2jU/1LqK2N1YIeLVtj2v8AqRCZUqO5ZWF/ipWWwrk/TJpMtj9os254Q8WWLiHF0TUnk3wTdeJfVZ6qYJN8qXujz/kPDiP+ai+K8z02JoThk4+XjPGm8PUabJLGUkpVVtvd7yfRe541Mkxl23mPx05d1bGhh6nmY1M/MqqtlCE115op9GfUYbc6RLkstI7m0KvUnsJF9oet6joeasvSsmeNels2uzXw0Umu0xOmS4/iLxFkcQaVqOtavl5VWHfG3yubaH+DPLj5UmFqz2z7x4xsfyNG1rA8iacX/tQaUoWepNnD4N4iZxS1yxv8mGcP6pCm2uyly8mxr+F3e3ujttVwZafuG2vD/Lro4hq5mp4+fB1Sr+UeT8nim+CZj3C/iW1fSF4y4Yy9B1S9Ou2zT5S5qcmMd48r/K/hn1fwXzmHzvHrW9tXhl5Pi3x23EdMh8NMGWraZdiXQ/gYWbXl1We2/wCZEfPedi8Ok33HKY0v4uObynPFfG5pYObHdbqVMv8Auj4H4fJq01l1efXcRLWGq4qnGV1G8ciFbSnDuz6OsvNj+pbU8C+NHOiOjalfC1rrTOUjWs6nTpxX1+LcZo6AAAAAAAAAAAAAAAAAAAAAAAAAAAAAAAAAAAAAAAAAAAAAAAAAAAAAAAAAAAAAAAAAAAAAAAAAAAAAAAAAAAAAAAAAAAAAAAAAPOVZ5VMn7JHP5eX6cNrrUjlbSJ77yPgpmbdy7DuQPk47p9uqOnx4idxM6FpiYNWNHk3lbOcudzs6tsvk8mfti1Z9NL5bXYj4s8UVaBoORLz+S2cJdu5p4OG/k+TysjqmOZlyC1k6pqa3jO7KybO3dttn23WKnfqHnzu0t6cdaPn8P+G2m8K6TRdk5uopWZnl0byhUjysEfbm52bXnUahobNxLsTJnRkQlVOD25Zx5Wj26y5VryptJN7slCnLbfsBcU7S23eyLQPs0nPouiJF3o2a9O1THy4dJVS5tzDyMf2Umq1J1O3VGkZWJrOkLL0POuxcnmVjou7KUus3E+PvgmJmJ9w7Ys88b8O4vEHDeRpbteDkZU4Wwpm1FKxJqCOrx81sM7lS8RaHLfEGlZWiaxk6bqMOTNxbHXZFPdJn0VckZK7c+tKelre+1f0Gd22JbS3qyJx+5aJUmO15VYmlu3t8/AFLVt7FXKXWaezl8ojSZlH3raNX9y0KyrY0dupEph4u/wCTn/8AME+lKjsSqu6YttOJfH7LemzPBjSrVrteqNwryNpQwY3raFz7Se5wfJ+R19ULYa/uW3MqyNV0cOymyMo0yldFS2XN2a3/AF6HgRE/t0bc7+IlVNfEMYU4ksK1Urz8dvdQlu+x9F8bMzi7c2WO2MSg49+x6WmTxKL2Tb3TIHhPrsQNheE/h5bxxqlatyYY2nKzksl+eXykZXvrqF4h0hqfAOBfwPm8N6Xl5M8XHg61S5KTb7x6v7nFbD9d/trPbSLbjjLkjJxMzRdYt07UIWY19FrjOEunJI7omL13DCY/UthcMazdROqrJUq5/lnv+H4aMMlImJiXJavC24bA07jbVtPaqy9smiX5bEnzI8jL8VjtO8c6lvTzMke+4ZhoXG+kZSVFlUcKe/TZeg8vyfjfIjuZ5O3F5mK3XpecaU16rwvkPEuqslS1fH1d+Xuc/hWnDnibL+REZMc6aiXobfbZH11XiLvwz0ezN4yw/pOkVb5jbXaC6tm0tscbs6gRq7AAAAAAAAAAAAAAAAAAAAAAAAAAAAAAAAAAAAAAAAAAAAAAAAAAAAAAAAAAAAAAAAAAAAAAAAAAAAAAAAAAAAAAAAAAAAAAAAAI/W8qnFxI+dZGDunGqvf80m+iOTz8c5PHvWF8cxF42s6nvBJPqu58H/p229qgQd+/YbQs9Tzq9Pwbsq6Siox3W7JivOeFfcr1rylyB4q8WW8Sa7ZVCbnj1Sbl/VM+2+O8KPGxxE+3N5GXlOo9My8DuEqash8R60lDCxKnfvbH0RJ8/L6w1UxxqOTongvUKeIeE8XVMRQlDOi7N1PrF79jfx8P1U0pa25c7ftO040ta07IhJTydpUufZzijpxe9KWaS32e/wAexsqpvv2A+w3329mELiT5Ul1/U0gU3u5JbFJkhvz9ni/Iv07UaLaqJ4VNkVOb/wB1RfVxieD8jSKX569unHO4bhedpjwKpTsrjiczjXOfVNpdVvL42Xujy7Rv1620cfccapfrHFeo5+VKM7rres1HlUj6Lxaz9e5YW9rDR+uVZ/8AAtdpifdTx3GatX9xSyb1/a1qm0nt89UaMlTNtTqrgur7kJWeR+Gj+5KJV6OkG/sQlTuX/p8n/WIJ9KGP2JVhfYsJ2WRrqTlZNcqivdsmk6nZLpuOn6fp3AtVUsaNzx6YOxVS2iveTW6R85e32ZJvLojqEB/xVoPDOjYuqanVdZqV8Jc2F50350l1g38RGHxr5raqWtFWjOJNbyOIdczNVzYVV35U+dwpjywj8JH0uKnCunJM7Ru7l90bQgkt0BQa9RUbG8IOPquDtQazoOWJOzzFJLfkkZXpudwvE9abI46/aBxbaY4vB+mqDbTvybltzL4ihNItExJyQHi9o8OJtHo420WCnROiCy41xe0EvzNv3Rx+Lk+u/wBNl8ldxyau0XKtnlxhOzmnGPojN9Jpe36ndaHPavJsbRM/95YKqnYnKO8q1zdTnmHJeNTpdwb5OzWz2M9KL3HysnFUpU5FqTTW2/fczthpf+UL1vNfUrXOdlWPTKEuWy18qj9vlm1I0f7bO/Z/ycGeXrGMuV59UK22n+Vmta67dHjx+O250XdAAAAAAAAAAAAAAAAAAAAAAAAAAAAAAAAAAAAAAAAAAAAAAAAAAAAAAAAAAAAAAAAAAAAAAAAAAAAAAAAAAAAAAAAAAAAAAAAD7Ac8/tLcVyhqWBouHbOFmI1lWzX5Z/lNK13E7R+2w/DriWHFHCuHqVcYq2a5Lob9YzXc/PvN8efG8i2N6FZi1dsr3ZyjzNrfaXRd2xJDSHj9xnHD0+em4s9rrfQke98L4XK05rwZ7/XTjHuWieDeH8riLWsfCx4SlGye05/H3Z9Nmyxgx8pcVK8p02r4365DQNAw+BdClCFEIJ59lU+kn/7ZweHinJacl18ltemr+GuO+I+F6LcfRNTtoxrHvKh9YNnrTDDaL1nWtQ1zNll6rkzvva23faK+Ei1K6RMoxstI8Sfx3Ki4prbipyXQvVEvc5uMOTpy77kyhf8AD+mX61quPg48ZuVr6uEW+SPuzDPmjFSby0pXlOnTWi8Gy0HDwMPh7HjCM62777W1aptLmcz5fPlvmmLz26q6rGkhxNqun4PCmdiax5McLy39JBVtu5pPeSfzzFcdeeqa9E9duR8yfmWSnttzSb2PpopwpEOb3K50TZ5c18wM7tsSSvgpxlB9ehnpr7RcqPLTXZovyZcEfZPmsbReFJfcpdaF/STCJXFMf4DbISo5PTAXw7BBPpSx16WFYTnClNeVr+FRfb5MJzUVZs3tL8vb77FL7is6Wh0fpuo48tGr03I0l4DcNoV3bttJ/D7bs+cmeMt4hrnxp0m/V756li1pQwoSVib7x+x3/HZ4x24W/amWsy0zzLdI9+HK9J7Po+pMSK1bjyy5lzNosLZptblB56+yAqRW8Ob37dGBuPwAlqWdlZ2mLFjmaRKKdqvntVTI4POxcoia+2+K39rHxk8L8zhCderafG23Srn65qP/AC1nwb4bWmv5+1L630xXRNQTr+o51XZW15yXu/aS/X3L2qwy032z+mcb8ZW0S3e/rr94GEw43uM9vxPZL5KSLDUcqONHJvls6q48+0n1T9jWkHudKn7OWvvC8TqHkTcVqCnVI6Zr+Lup+PTsFGbQAAAAAAAAAAAAAAAAAAAAAAAAAAAAAAAAAAAAAAAAAAAAAAAAAAAAAAAAAAAAAAAAAAAAAAAAAAAAAAAAAAAAAAAAAAAAAAAHnJujRj23WNKuqLnJv4SA4W451ueucUajqVvq866Tin/L2R061XSjNv2eOKI6ZxJfpOVNqrUdnV8K1Hznz/iTkxRmpHdXV49/+2XTEGlulLfpufI11qNS6ZQfGWu4+h6Pk35M4xVcHKW50+L49vJzRTXS9dRHOXI+pyzeMuIbcuELJKb5aYbNtRR93jrXx8ep9Q4LzOSzovwi4VwOFPLxbr6563k1O6cYvayur9DzeVvMybn+K8xGONLjxD4E4b1TT9TlkYlePbODtoy6k42eb/V8no0rGONQxmduQboOE5QltvFtHXHpm+w6Vdvc0rCFGx7NLcpKXiDfOunbqQL5TUYe+zfZPoaQhbTe7fVlZkhsXwH1+jQOOKb7sfz7Lo+RX6tlHdnnfIbjHy/pri/p0vpWr15FeTXbXbRQrLK6ueSWx87jyTTrbpmNtNePup3vU8bR8WGM8CGIrYOvZuL/ADns/G4az3/THLMw0dmfiWy2Xsj1sjGqvo72zUvmLOazoxpuUF0f22KNERq1yjF1x/G+/wBi1YUvZE1LqaSyhVyuttS+IAld1r/TMhMLXOf+jqS95tiPZPpTxewRC4xW/Mi4tprtsTHsdF8B8WaTxJjabjZtsMfUcWp+bj5Nu6vsX4eSUvk8byvCnHblrprW7JdV0C22FlNihNX2JPzJr+FL7yS7cuz6bI4uMzP4wvtz14ucK1cK8UvGxboW498FdBLvA9/ws03pqzmyRqWFye0Yo7mb7Bpv3LQPqj1abXQCjJbMrI91Ab1/Zu4jwNNycjBzMmFE52eYvmRjkr+UWXhurjLivhbT9Njp+o6pj3y1SarjXbtOP62JflM8tbcZtCa+3PviB4dZGiWXa5w6o5ml7eZZjpJuNfvOKXesw8byoyRxv7Xvj0gOGM6cZ1uuErMeUX+Hu4/D290dFnDlx67ZfNwnG2NEOemcFPmfsin7c+2B8dZ0ozr09T3ktpW/+EdGOP21w0/aP4Uz5afruBmxezovhZ/ho31uHT6l+geBfHJwqL63vC2Cmn+qOdoAAAAAAAAAAAAAAAAAAAAAAAAAAAAAAAAAAAAAAAAAAAAAAAAAAAAAAAAAAAAAAAAAAAAAAAAAAAAAAAAAAAAAAAAAAAAAAADCvGrVHpPhnq98JuFtkVTFp9uYtX2iXFU2pQfVOSOj2o84WVbgZ2Pl47cLaLFZCXw0zHLSL1msr1nTtTSNfx8vhvC1CVkHbbRG3p2UnFbo/OvMp9OS1Ij1L1cWK2WYaX8VcnUeM9cp0HB53XQ1ZlWRW8V8RPd+L4+Li55Pcq+RSJnjT1DJNN0yHhpwTdm24Us7Uao+mEINqDfdtnbzt5luM9Q5tRi7hprh3xD1XS/EKrirU7rMzIe8L4ppc1TX4EevjwVpXVXLa25ZTxt475/EOkyw8XAWLNprncuiE02bade8o7m8elBxfJEvE9C1k/V1M5CptMiErqXVxSW5qqpybcktl07FUrrSct4OpYuUurpsjNL9GY5qc6TVes6nbsK7Kr1Lh3E1LTKqsvAVfPyVzUVF+77dZI+QvyieFv07IQFvCmj63pePjZWkTipx8yu+Fu1skusoP9f/ACdGDPOOJ4q2jbRPivwhPhfWm8fFyaNLyOuKshxc18xezPb8fyfsjjZhNddsT0x7Z8Evg2svT2mMvIjRS2utj/AikNLTpB3warldN/8A+mkMJWdAIVMj/mKv/iIJX8OmMFkfnbLFx17uUmIRPp5xCVVXEf8AFW4hK7k5X2URojOdq9PLBNyb+x031x7ZR7dKcKtZei4MY5DvhgYycrm2ozfdc8e7aZ8fntHOZh3VYl4x6RZrGnfXV4lML8Wp3XWQm1Jr9GdXg5+OT/yzyV6aFabX2PpHKKTXYQPUWmluWgfLoRS3T3YkfK10W76FR7XSaafVdmmBPcK4EdU13Ex8jmsqnL+I5S6tEZPxqmvt2NpuDpunaZDTqqpwqpxlYpqLajLbquvdHnT4tJjf7bc5aq1vhjTrMKOscIZKrrya3blV0JSjZB/mS/LN/wAphj8m2L8Mq16ReOmEx1qnScLOk4Sji7OClNbS3O6tovPTzL+NbbV99ksnJtvs3c7JOR119OiteMaXGGmrNl+peJTLv3gnLpyuDtLspuhavp4R9L3W6RztEoAAAAAAAAAAAAAAAAAAAAAAAAAAAAAAAAAAAAAAAAAAAAAAAAAAAAAAAAAAAAAAAAAAAAAAAAAAAAAAAAAAAAAAAAAAAAAAGBgPiFqulUZteBrGRi3V2wVkcG2rzHP5aRyZ6ZbT+DWlqxHbCs/h3hGzBbysPSsDGnzThC1PHkzim/k1nqWmsaCs4C8Op+Xk/vTTvL7WJZr5UW+/y5OOJMXZfB3DeAsuu7IWKo7RWJRNx6Lp1Zz3w5M9vzheuThH4sQ0rxWxcziPS9P03Tq9L02/JhC/LlL+M4t9d2d2L46I7uxvnmzofiXHjLR92qY1V+rbfpKPwdk0iI6ZbcUccY+LDizVo4EVDGV26gu0PlHTjn8VLMs4Z8D+Ldc0/G1BY1GJiXtOPnz2ny/OxS2T+kxDd0fBTgnG0WOO8KzIydlGeS5vnbM7b/UrMQ1H9nPFpw7rY6/appvkXlLaKLTlvCNRLn7irQMzh3XcrS89Rd1EtuaP4Zp9pItS3ONo0i6kk+q3NIhSVw5OpqUJKTa/waClXGUk0mV0PUeWWye6S7sDaPhLxjfp1M+HvJlK3UboV0Xrq60+8TxfP8KLROSsdujHf9S6T07DuxcycKbIb1wi+SUNo1pLZJv3XRnk0x99Nplpb9ojExshS1dRkrLLIY8ZSf45Lu4xOvxb2tljipP8WjMRqrMU5doJs9iVayrVOeTZ5tj7+32LKvOpvahxS2ikCUdj9l+glEPWT/zNf/xQglf9sT3CyOz1/Bx/7iEWfcQmUQ943+6/sxA2f4MaDhajrWXm5UpK3ChB0QU+Rq2T6SRzfI5rUpFa/tOKO9tnzzq6s2FODTGlzy4ShXKrljd7dPj52Pnrw3hjfjHxDplOg61peRap6vbkRqrro2Th7tz/AKTu+O8e1svO0KZbRrTQfM57823RH0cOVSkSPsen6kwJTRtGzdczasHTaPOy59oore0VjcprG2Zaz4McZ6PhVZNuDC6uUoxl5M93Df5M4yJ4sf1vgbiXQcezI1TSMinFi9pXqPNX/ktW8TKJhZaRq1mhZ9GZTVGyUH1hLtJF8kbjSKz22Vr/AI76tqHDFuj4GGseV1bqnlTlvOMPiJnWukzLH/BKOpZHGVVOn6lkYNMK5WXyqfeHwYeVjpevcNKTLqxaDpVlcsS2qnIWRXFyhZSpwlL4ZzU8WtI6leb7agyeCPDviq+1aXkPSc6MnCcKLFOEZfeDK/fkwzq0JisWMPwO0eu1TnxWuSC9qjePL33EwrNI9abp4FxtK0nS46dpFjnRSvXOX5pGfj5N2nc7lOSJZUjtZAAAAAAAAAAAAAAAAAAAAAAAAAAAAAAAAAAAAAAAAAAAAAAAAAAAAAAAAAAAAAAAAAAAAAAAAAAAAAAAAAAAAAAAAAAAAADxfNV0znKSjGK5m37IDRPhNq+NxT4scQ6pfyXZtNf+ghc+0N2m4ml41EKxO2TeOdld3BmpU5cKXyU88YyfM4yOXhE3iV96hoPwJ0zT9T8SdNxtQrhOrlncqZdrZxW6TOu9dQpEupeMa6p6f5WqY8P3bODrtqkk1/ZHLeGkOGdV8urUsyvHe9FdsoV//FPodNPTOUwuPeJ69NWnrV8h46jyLm6yivhMiam174b8I69xNqULtK0+WZjY18LMiU5KMHtJNrdkTbjGoNbdsZ+bDT8Hzpz5FGK2h0/wUjv0mZiI3LGJ8Y35WW8fFxUrE1tu+k0b1wTaHNk8qtU/RqeBn8tCaVsk3yvry/JlkxTXqWuLPXL6a48UvCvReIPPzo2216rOpKFsJdFyr4MY3Rt7ckZmLPEybse3pbTOVc0vlM7K9wzkqjzwbk1FJe/uXRCjCW76dH3K7Je1Pmbk+7IkbK8EuG7dX4spzra2sHCTt8xtpeZ7HlfJ+T9dfrj3LfFXfcumafr27rMqmu3IqrXmzb5VY2vwpfy7HiWm0967bRpob9oXMtrz8XTnXjTxrG8rGuh1m4tdYN/CZ6Xx1J36Z5Jabi/Um/dbHqKwv8RKEHKfRICy1KfNTY+zYT+lli9dhKsPeSv9XD7RQglfv/lgsjdQf8HG/RiPaLPWH2Eoh9oltkPZb9SRt3wStitS3vl/CgrLowa7zS2/lZ5vyVomaxK+OG4sbJr1DIi4VW2ZbSVcWuicd3Dke/R/PU8ePy/Bs5T4tlm28Taldq0OTPuvnK1NcvXc+p8bj9dYq5LRKLkt17JHVpR4exAyPw90KriDiejCypNY6Tss5X1aRllmawvWHYWk8E8KaHZRHSsFY+XZSl51cXuZ633KZlIWa3gUWzuv1WblKPk+So9G/gvxlTnC+k6dUwrE3j2YM6XXbTJfiTXZoqncS5G4x8JOKdFwr9Slp8Z6dXKUtqbOedde/RtGn2RaUcdNbuDTexrpCb4L4gs4a1yGdXX5tbXJbWntzQZlkx84WrbTeeo/tB4FHDcsfS8G+3VHW4V22pRjWVpj1PZMtR+GWF+++O8DHum5O+xzm99uYnNH4lHWktJ0nXNNs0t4Fix7IumdlbcZVy9pKSOamPHT9LzaWvPAHWZ05Os6DkZDstxbp1RutlvzLfZFr4oxX5Qctw3xh1210qN1im1+bY0qqqlgAAAAAAAAAAAAAAAAAAAAAAAAAAAAAAAAAAAAAAAAAAAAAAAAAAAAAAAAAAAAAAAAAAAAAAAAAAAAAAAAAAAAAAAAAAAA1l4/8S/uHgezGom1lai/Ii09nGPuy9K7lEy5GxdWzdMzoZum5VuPl1S9Ftb2aNbKQv8AW+NuIOIYeXq+oTuh7xS25v1M4rG1plDY2fk4GZTl4Vs6MmmanXbW9nGRpPatWU6/4rcWa7grGzs2DTjyuyENptGM0W3LCYduprCD33Ejrz9mLNwr/DiGFiTjXm4t83kw9232kYWjteGZzx8fN1Ny1GNt7qbUHJ+kvhpvdocvkXiPxSFGNp0LOWmmiMtuZ7dzf84ckxWyO1KinTclahieWrObeUPkvXd442ItFJiaqmtZmbmcN25WjaZz22VNQhbJV7t/Lfsedd60TtxDxRp2paNreVi61TyZzk5z90933TOjHeJr0paEM7Hts+xfaCv3ECpH8QHSvgA68Xg2uVNKlJ3u3JtnLooM+c+QvX7e3TjjpsfijV1h4OXnwStx1S7YpPZuUUmuVnJbJNr9epXiOnIfEebPVcp5ELrJ0byddUk06t+rR9F43j1xU6c17bnSD3bSLStC/wAWXm0/1x7lWkLLUfwNFoUlbYnsJIVMj/nUv6UIJ9r57/TELIzO/wCXxt/hkwpZ7xCSHmt8uS2vZhDbnhDrmPTRk6Jfmwx7srJhOmvIhvVd7OPP7SOD5DDe2r1XpaI6bVxcGN9FtmbzYmPj5PkqUJ8rrk0u692muy92eLX+p6bsd4r4YV+JqmnZOFjz1LJpaotu7wa9e6l8tLs/k3w5r4MsRZW1eUdOcpxlW5QktnF8r3+T6ittxtxy8WuPWUS0kOrfALg3RdO4dq1a+rztUuqVnmnHMc7dtY6bD4k1LOrxq6MGDjbdXLeMls1+h2eNji/tyeVlmlemL4lmFWsau6qnG3SU5d3CT7vr9z0bYaxV5Fclpt2k9Uwa9LoWo4eXdNUeqdH5ZHDbHz6ejjvaieep412iW6pdZO6EqJRljQjv5nR+hJfJy97074ncOF9TpdOdkwlRPHfmyfkzW0oJttJnVExLKYWuy5tmlsSPEo9NiNLLvStUy9H1CjO06105VElOucfZlL13GkxOmzLPHrid6Pfg41OJj23p8+Susl8tGda6kmWCaHquXhZv1OJk20378znF7Nm2uftX07r4L1qnX+FdN1SmUZq6qO6+J/mTOfWmiXAAAAAAAAAAAAAAAAAAAAAAAAAAAAAAAAAAAAAAAAAAAAAAAAAAAAAAAAAAAAAAAAAAAAAAAAAAAAAAAAAAAAAAAAAAAAAclftDcULWeNb8SmzfEwF5MPjmN6RqFJntpuxsSFb6e4geZfh9TJFNrfqQPq7EhNvmb+ERI7p8LNHwNG4A0iGk0VzhfjQtnbHvZOS3bZz2XhjnEmNRdnZ/mYuVJ12pQ8rJ5V1R1+LTdenn+XMxLE5YHkqbjLIUld3b/Kd8V1+3nzZIXUZeXZicupyUoz5oOFfOl8J/CM8tp4zprirHOOTbH1uAtEhfk58cWiUUm7ZKKTX6nkvbhyB4665ga3xbFaVbG+vFrcJ3Q6ptsY66RaWt/LTa6m8Qq9JcvuTofZRa226/cDen7PSst0zPpdTePZNwd0tnGtpHzfy9JjJEurDP4t086eNVC2FV+C06767Jd17x2Z5tck9WnvTRyv4i8N5HDus2rycmGDbZJ0u2HLyf0H03ieXGWv1/tzWx67Yja24wnLvLdP77G8kPONkOjJjKKbj+ZFZja0TpcavCKgpwe8ZLdMRJZY4pMqwqZH/Pv9EIJ9r2zb6RshdG53+1jL7MspL3h+wIU47efP8AUgSKlKMeaHNzdHuvY6ad10pbqW0/CXiDVdX1OOmZ17yMLHjLIUrm3OpxW/pkeN8jgpWm49tcNpbJurnl0Y2U1GizJl9ZOxtuqPK/+7XpPG5dt3OfHGDHB4p1CmqtVVux2Qgpc3KmfT+FljLihyXjUsecdvxfhOuYUdb/ALPmJr+NwlVflXY9eGob0x2btVfspHJ+54tEzxPqOZp/Fcr87IxvJePvhpJtSW+zb+6OzBaI6lx+TWZ7YFrsLFm5VltlU4827nX0i/ukenHbyZ/t40zIysh2cuu34yrjzwhvKXOil8f6hrXNMNo+H+ZZOjMw1XGWTCTUZ77KUdk1L/qeXmrqz18NuVWov2r8DGx8nQM5whXqlynXdyd5wXZsYt67Xs5+nJmm0PkG5FoHib9RSR8RAvcWez7tfoaVRLqf9l7Xnl6FqOj22PnxrFfWn/JIyyRqVq+m8TNYAAAAAAAAAAAAAAAAAAAAAAAAAAAAAAAAAAAAAAAAAAAAAAAAAAAAAAAAAAAAAAAAAAAAAAAAAAAAAAAAAAAAAAAAAABE8XanXo3DGqajbLlVFEmnv+Z9ETEbklwXql878iy6x7ysm5Nv3bOiWaMlLdsokjJJJEwPUyR8aS23b/sAk/jsSPMV/kDqr9mCrVb+GLsrO1TIek0WujEw/wAm/eTMMntaGxtV03T7XJKEVfdzqEpvpJ/Bfx8vCdQ5fJw8+1nh6JXlb35GdGFXJF7Lutltsztvmms6rDgxYotvlOnrD0nEp16iGPdKdafVJ7Kb2b2Mc2WeHcal0YMUTk3E7iF9x3i1Z+izxtSwcWzTpp+ZCzb1/CicFvT04cMaxTj4usZ+Pif8tC+cK/0TN8fpSy1UU4bJo20q8d17DQcnT5RVLOvCDiTK0DiqiirJVGHnPybudbw/Vnn+fh54+Ue2mK2pdJ34VWp5qzcXJcoutRsVMW65NP0yX9z5mK6dTGfEr93S4dduuYdmZmtTjTTVZzwhy95P4OjFNd+9SiXLebZGd78uPJX3jFPflR9DTfGHO+4CTlOT9+iJSr2Rbx7cefZR5q2CfSxxn2Jkh7yOma/0QQvb91g7/ciF59I3O/2cdr7lmcveH7BKm3/qJfqQJKpyVW6julHd/odGKVLxt0N4VaddpnAFN96ppdkXfXbWozlOM32kfPfIXjJlmHRSNQyWnOx8zIpxcTu04Qw+jUYqO/NN78rW+22zPNprfFrLQfjLbTHja2imOP5FNEFW6Wm93352vc+h+Lx/Xj3LlyzuWBprla6dfk9Ri6Y8H/ErQ3ouHpmqOdeTLlx3BRk+Z/K2OWa8JaR23BLTcPUM7nswlXVCpRonP8ST79H23NcV4juHPnpNums+K9Htwc6Eb4+arnPki1+CO/RI9XHaLRuHlXrMTqyCwozw5bW1tprkkopJyZfkiKtlcCY9asnlW89dk4Tnyt/2R5nkxytD1PF9NMftKcKU4VmBxHhX5Mlm2Oi6i+xz5JfMDLHO3RZovbp1NUPKe3X3A8t7tkAnsNC6p6FoG2f2etdWkeIeDVZNxozE8eZXJ6IdhGK4AAAAAAAAAAAAAAAAAAAAAAAAAAAAAAAAAAAAAAAAAAAAAAAAAAAAAAAAAAAAAAAAAAAAAAAAAAAAAAAAAAAAAAAAAADUH7TesrT+DsbTd9rc23ma/oiaYo3Ktpcl5Li2tm9/g0lC3T6Ncq3+WQPPbZ9wPaeyb22LDztvP7AeX7rcD1WtpNkwhtrwb8WnwFRk4Go4s8rSrZ+clDvXMzyVTEuqMa3D1rScTKdPnQvrjdTLl7b9Uc+l0VVwn5efflfvBxi/wUpLaDN6+RkiNbYW8bHb3Cc0rDjiYfkxTs6bvI7uTM7Wtf8Ak1rSKRqrmvx64x1jB1KrT8DPfl3QkrHJJzRWkcva0tAxk4S+X77msdKzKqtpQ+JGkSqduzA9xlHpFrde6Ar00u+yNeNXOdsn6YwTbM8lorWZstETPp2P4d46xuHqdNkrJZmJj11WWXP1PdKX4fhbnzF4pebTT26o3HtY+L1lUeDsvNx/Jruxd4Oc4dZ/MdxwrfUQb044vn/Ek0e/XqGC9xoclcQsr2y3pTS2lF9yRG1rZdAiHu/rkwfzFEi9u64Enu+hVb9I7K/5al/douoqYnZEJhRfTIn+oQlsFzlDkq/HZtBdO+5etuNZmUWdOcPZMtV4ZxuTGoVyhKEk0oY8uVKK6+3yfMXnlO/7l1RGmO+KOZqekcKZGJhfTRrhVFPOr6TcXNNx/wA7bM18WIvkitoVvvW4c5uLnY5Tk5btyk299z6WKxX05ZebX6tv8MlDOPB7V6dL4vpeTOMVJfw+bspGOWNxteHYc9UwNQoeoY2pcsVTyeTst+b9BE61KJjcTEsb4w0jVcvSq77q6br8Wvzdq5Ny5ffoduHyKx087J4l/cSw3RtN1TOzIQvw8hY8lv50YbL7JmmTyqRH4op4tp9tmaThw0Ki6inIlPKhU7W/xbtJvkPOvM2tuZejWsVrqHLXjB4k5fH2VRU8VYeBhSl5dKe7lPs5M6K14wrPctZy3TCTb79QPnuB9gt/7AVYy6ASegZs8DVsTLqfqotjYv7Me4P2/QLSc6vUtNw86mSlDIpjamn8owXXIAAAAAAAAAAAAAAAAAAAAAAAAAAAAAAAAAAAAAAAAAAAAAAAAAAAAAAAAAAAAAAAAAAAAAAAAAAAAAAAAAAAAAAAAAAOXf2m9Snl8bLHTcoYlCg/hSOjF6Us0ZP5fcmRRXX9WVHxpskelOMY7dG2TA+SXpU9116bAeNkwKq/Bui0IU5veK6r9CtiG3OAPG/VeGuGoaJlYv12NSuWianyzhExtTa22yuHPHzh/L0Z/vqj6LUoJrZ9YSKTSYTEtc6/436s8mzG0Hl/dyTSdm6c2KUkmWrNa1XL1bUJ5mbZz3y/wl8I2rXSsoqyPq3REhB+rqB7iXBNtrYqN5fs44sFRq+UqITynZBUWuKk69u8jwflcsxesQ6cVett7YeDdgZuRkXTpvdsI2WNNx59t+vXpv17fCRwUxxW25X9tT/tC8VV0aDp2j6VkbPKg7rnXPeLqf5Tt8LFGXTO86c1b+Zf1WyPXUhI82yQ0SSs5MeUpMIWcX6OwSXS/wBl/bYlC/jtLDtXvylV/wBI6/8A5Or9Syj3ivZewTCnd/zUghJ6dKUZwsX5JKRNY5bqT06W0fVdN1uGm6jpc6seiUJVXUdN4T9/TH3392fMZcN8WSa2dNZ5QtOJ8LJ1zRoYLxrLMe65QsldtBzls0nvskmvjskRjvbH+dSY20Lxvw/PhzWp4qthfjzip1Wwe6fzH9UfR+H5H3U3b25cleMsca2a6nZpQI0M38MuLrdD4kjPPy7Z0WQVad03JR6mOSi8S6ks4/4Vli158tRS1CyHlV0O3dyk+yCE8tUpr0pa5bqWNj6dXjN3QWy2Fdz6TLS/En7QeDZw3fh6NgTepXVuqN848qrTLxTU9qzLnZTb33e7bbbOhVTs/EVkU92EnbuQPsQKkUBWo2TQgdseAeqx1Xww0v1evFcqHExt7XhsEgAAAAAAAAAAAAAAAAAAAAAAAAAAAAAAAAAAAAAAAAAAAAAAAAAAAAAAAAAAAAAAAAAAAAAAAAAAAAAAAAAAAAAAAAB8skoRc5PaMU2wOIvEnU7NW4m1XJUm6rMqTX6LojriOmX7YQ4tt7Jsqsp7KLe/TYgfJvliktgPKS7vuB832ST6+4H2G0muZ7de5KBzUvT8AU9yBUrj7kxAoWruRMEK9UJeW2vYRA894tstIt59H3MpSQ+WIHsuKih6YtIgbw8DNQy8XSM+GGk/LSk0kup858nP15durF3Vu6OVTlYzryeay6NWzntzKKkklLp+pwxeuo5L605B43xs3S9e1XTs9zeRVe4yU/hdVsfS+LWIxde3NeZ2xjGT59y0kL2TbJFtmz/DBfqwFXbdrfoEli/09Uv6mghf0daLPvEhf9I+9f6Ctrf8RZR8xesCJTDzk9L017pBEryqbjGGz6NlqdST6ZFwtr1/Deqw1KvGVsJPfkm2k2iPK8aueO1aX4t2Xay+Jlp+qVK1V5jTWJNqMIJd+U+X8nlS81n07Kdxtgvi7p97wOe3dfSXzUVsuWUPlNHb8ZljFk4/2yy13DUc30/ufRRPTmN1KttuKa7L5IFFbuXUC4xlySjJNqS7f0k8SZVcnV9SyqPp8nOybaN/9uU3ysppK1bbW/8AkuhXpinHuXhEvFj6sAktiEvMiA7sCrFb+4HqDIHT/wCyTqrWHrWnzn0ThfGJS60N+lEgAAAAAAAAAAAAAAAAAAAAAAAAAAAAAAAAAAAAAAAAAAAAAAAAAAAAAAAAAAAAAAAAAAAAAAAAAAAAAAAAAAAAAAAAheOdQhpXB2r51jS8uiSj92y1Y3KJcO6m3Y48nKmu8jplnCHlKS39TT3KLKD2b9Tf6ldhu2uiA8pbplh8l02JBtbbqKT/AFA8pv26bgfXJuKT7ECrB8sZloVW8t91H233KysuppxhGLLwqoWbrbfuispUJFEi69EIFSKLCp1kkkBuPwOsoq0fVnP6qN0bFBzpeySfWJ4HytdWi0ujDPTfuDhUYN+Dk43n2+fUp2xnu930WyR5sVinGazvfbXcztzH476Jfo/G2fO+FkIZc3dU5Sc04/ZnueFeY3WWF4/bW2P3OtVcc2ycmBYSlz2Nv3AuqltCX6EJfbYpYFb/AKtyULvClB1uLfdFZXhZ2b/uuS67K0sopYTEph6zYtKufv2YhEq1b5qPSSJvRcOer6jpmmwU3K+1Q2iuZ7NmubL9WKbqVjdnRun4X7hupwdPnbLGx6N1DI6yxu6X+ZHyee3Oebsr/UK2fnabkaPl6lrqri9JjObxXYrFdP8Ak6+xOKa5Le9ItuHJ184WX2TqiownOUox/lTbaR9Tj3EREuSVF779i4ImELinvuaQiVoukmZftKrvCUEuqaJFalJM0qiXiT6sggXSDZVLx3XQD4kQLmmO6327Ej505+wG6f2YdReJ4gxp68mTRKDRS6autEZrAAAAAAAAAAAAAAAAAAAAAAAAAAAAAAAAAAAAAAAAAAAAAAAAAAAAAAAAAAAAAAAAAAAAAAAAAAAAAAAAAAAAAAAAYGIeI+kf8SaNPSZ5d2LTb1lOqKfM/ZHJ5Hl/RML1pyhzHxX4daphwz7MRxyMTE6873i7F9vll4+Rp1F/2icOvTXObjX4slDIoupbXMlZBrdHXXJW3qVOMrJottGnvtH7kwh5S2W/Vplh5k012ARSk+rA9ciUpJR6fcD3a09uXpsSPM01FNtdQh4Se8XsIFbI7/JaULazeScmikys8LqigQfsTAqw6PoWFwoS3XVNfJA2X4M6DqWVxNg5ixM1aP5qhdk1xfImeX8hetsfGWuOJh01U403WrKvk4VXTXLBdUns1/c8WuonjM9N+3MP7QOvS1rXqlN2bUtxqU1y71+0tj0vAmb2m29wyu1ZXJJHpqPmTb6eVAU8aHNJMC+j/t/ZfBCytTSrtM3T7Pb9CVX3TF15G47b7bMrK8KFsd8bMrX5LFL9EWhSVthem/b7biUwu8mpWY09l6l1EEwscbrLlm2l3QQ2L4R488jjOiVF11LpostdtLSlD/Jz/IZOPjxpOOPyb6xNeoxsKGVj4tOVnO2uq9Tbk/L39vuu/do8Lda927dGpnqGnPGXX8Su3M4d0qmLc8hZGVlR3XM/aCR6Xx/ixucrHJf9NTbP3Z7kRpgSh+bdfoRMD5v/AA0muvyBc4zW62NKqys/zy+NzKfawvxEi5pWyTNIQ+T6yZWR4bSj07lUkXzbbskepRbW/dAe6X1UX2K7NL3F07NzL3XiYt2TPbfauDZW1619rRWZbp8IODtb0HiDTdbzKo10V9bK5ScZRTTRyX8ytq7p2vFNe3UtF0bYKUJwmmu8Wma1tEomHsugAAAAAAAAAAAAAAAAAAAAAAAAAAAAAAAAAAAAAAAAAAAAAAAAAAAAAAAAAAAAAAAAAAAAAAAAAAAAAAAAAAAAAAH2AxG+c55so5M3ZJWb8ifL5S9uX5Z83e85Mm7OiI6UtS0zIy8WUqX5OoJPybeXdSls/TZH5fyb0ibRy1qyrW+FkZWqcM4dvFGBS82WbLT5zdUY8r32jylMt5ya+teOmG4fhVpWtPMeJPPxJKcoxtyUowU1/L/Mjup59MdNTbcwznHMztj2t+DfEeBjfUYUaNRpj1n9PYm4o1xfJ0v7VnEwrL4Y1vEqutt06/yKkpWXRXNCK+Wzsjysczrak0lDTpshtzwlDdbrmW26Nosrp4cSdoVlv5bT/E+qLCjNtrYgfOu23sEKlS3T7loJe8iPLNxX4SZkWqbUk32Rmkscd/TuiB8h0s9XYQLmD3j27FxmXhtwlmcTatzVYtt+Hi+uxKDcZyXat/qcXm55xU1X20x133LqzT8Su7TbMZSjXGmMVy1R5MemUV+RLujwP573bv8A+ob+kRx1n2YPBmfn4dipVUFYsqa7zbcXs/nqRjpz1omXHOu5s83MndbKTcn0Unu0j6DFjjHj4sJnco52bI0HmKc5dexAvaUl26/oBc4iUm4v5IlaFtNyw7pQknKuT6r5EIXOBbVC/dPeD7NrsE1VLEqcyUppuqxOFn6MbJhSs0+2m9TqlG6HdOAVe5OcF1jOKfdOOwTvalONEkt04tdnEDMvC23T1xE8bKz7MP6mp103pbLze8Yy+zObzcX24f8AwtSdWb50vByKpY9tGP5dq5pvH29Mpx26f3+T56vbolrDxZ4Cyp3ZOv6fzXpve+Ci99v5l8o9XwPNjH+GT0wyY99tQWR5NlJdPY9+Jj9OdQsfp6iR4Tblu2VSusXrL7mlVJW3K3NpFJWfeVKKa6/+BArQ6xLwPMvxorMmnmSbeyW7+xWZTpI6Vo2oZ0lLFw7p17pSnyPliUtmrEbTwbFxvB7Vsiyq2OXT9BNc9lm2064fPIcMfIxO9VafUzHhHwS0jIxZ3ajmZVssqD+jUockkv53A5snyNuuloxwzq3gvJ4e0vEjoGLXkQo2WRFxUZWJe8V8nNHlZOM9TMrREbQWdh6vn8cadp0sm+GHFO2+M5buXPu1TJ+66GF8uqcYj2tFW6dDxoUwk6+XZ9+V9N/hfod3x+O0W5SzyWSx67IAAAAAAAAAAAAAAAAAAAAAAAAAAAAAAAAAAAAAAAAAAAAAAAAAAAAAAAAAAAAAAAAAAAAAAAAAAAAAAAAAAAAAAfLJRhTZJtJJNt/BW09DXnEN2RVdl50G7YVbJYj9XmpLfeMfk+bvETu0+nTCYhneVTGcZTjOSU/Kk/Wq3s+3ymya3+uZrWdGtrDWdKwtS1PH56rHCu1ZHlQg5KybXLu/ZLruZ3mMmSbV6TG4jtC52DqVeoKyE68equKUbYuM3Xt+WO/pqS+erZn9dqJ3EpfS5ZGRRC5XV5qh+OzzIzX+YpNE6tafzrtHUI3jjTnh8N6nmaRGEbciKjfKC/Jv+Lbs5I1pH105wb3OpY3grQ7uF1TrWJj6jlRnyUycFCV7ey5eq6dy+fzfsjdp1/4IpMSxVeEGnarblKNV2lShZzqt3q1wgu6O6vykRSNbmWc4u2J8Z+EOraSsrL0e2OpYNLcml0uhH5cTowfJRk/lClsTAruGdUrxasj6W2yFnvXBy2/U6KebivOolWccxG0dPGlS158LK/jePc6YyRPUSpqXuiSb26pb78zRpWUKeS1vLZ9X7sm1jS2il7voV2PG6b6kD3W0+6Auakt+r2NBujwWvycHQL6sd2J51/XbonE+c+Uy7y8HVir02tLWK8PTtS1aE6spYlDjOFie0Uu0uVf5bOPBHO2/a1unN3G3G+ucVWtZ+W/pU3yY1XorX9j6LD4tMUdQ5ptMsDzm/O2S7I1v7RClCtv2ZRKvD0dNglV89xW0dtmBd6fLaSb/ALkStD3qPkWNcslumCe1DFqTtTluodmRJD3deoW+XY+ar8r94iEzL46LW0qE+vZkkxt5tjlUS2sssf8AcKzD3i48szzHUvXCPM9u2yBCvi3+iKrShfXLnVi7p+xNYiepLN2cA+IGnZupSwtZX01uU6072udWvtKHxFSPIz/Hzi3asbheuXbacoSuu8jGuhHFg/4cJRXnQSW3lqJ5+5mevTVyJxZLbiXVILdQhfOEF8RT2R9P49944cto7RD930+NjdRTXu0m9glc4b2sin79GXohT2Tta6lZB1SssUaoTnJbv0rdspNoj2nSa0rhzWM+iF+FpuVbjymq/O5Go8z9tyl/IpSO5TFJlllHhRrijTfqk8bChN+pWT/Cvls548yuSJmn6X4abJ0rwv0HS7sXMzb74Q6SxlOPPbP7tLok2eb5Hm2mvC3W2taRvplun6PRRjV5et5t0I0zkoU4dCj6X/N3Zhj8ita6iZ0tNZfc7E0+GXjZGHc1p+RHatVzVbnPbrul7+zOOfe4leJT6yniY2HVC+c51+mdCSgpfrN9oxXVl99RCqnQqlkXyw9aqysucNoYatXlKX+Gy8YddTKJsrYORqGKrMzWMammyqDbsbhuox3fLv7v4/UnUxMbj0dMn4LnH91rkwnjU/jjFy33b6nqfG35Ulll6lOnpMwAAAAAAAAAAAAAAAAAAAAAAAAAAAAAAAAAAAAAAAAAAAAAAAAAAAAAAAAAAAAAAAAAAAAAAAAAAAAAAAAAAAAABbag0sdqXZtJr5Ry+VaIp3K1fbA6qbMPOz83D2yrOaSxYzs3hTH4S/mPA5xS1tRuJ9OjUzArlp0aYanmQeTd6XdbOMZ7tdofK9jLlF7crrTuI1Dxn3wy6cjHxJ6xkW1Vc0Md2eTG/wDSTS3NLfXEfjvtWImWutU1K3J0TUq8qH0mFVz0SwJz5VK/fZby7y2+TXHSazqJ6kllmNdi6NlY6tsnjwwcCv8Ai49foyJtJv7NJbDJfHudTqYRqWbRyqa8J0ryozyq3dXByTS3W7H2RSLVk1uYlCZMYvTp2Scc3eyKxMSFMVOMlHZ8vz13bZhSfspFYWnqVDHWNplNb1nIxqbMizlUJ28kZt/lT7zZTVt7NpPTKqd6Lce2m6XNKEVTY7Ir5UZPs17xZvTHqYmFZt+mP8dYGpabh3z0DGqUczaqfXaGNLfmlbt8NIvXLGGfsmERWbdI3izCwda096S9MwXp+IqbLMpyVUIPbdtsmnn1+yJiNrTjnTFrvCng7UVPIxdbvwVN+natyq/sztj5Od+9M/rj+mOat4EarC2+eHquFfiKDnXb/MdFfkN92hWcf9NU5Whajj231SxLnOh7WJRbaOzFnrlpF4UmkxOlhlYl+LPkyceyqXfa2LizSMlbepV4y80wL7VVpprb0PZE8oIiW5fAXiLIqdmFbZGdEG4Rrcd3GLT9Z4XyNa0yRf8At04tzDaUaKLqc/HjWsumyl+fi8rirKpeyaXRnl4MnG/KJazG47c/+LHClXCWuY9WHdK3EzMeOTVv3jv3ifS+JnteuruS9ddw1/aoO3mX4vg3v7IX9tVapVsO0vb4ZRaVo6nKez9+jS+QCx/JlvOLcvaAF5TTGct7lJ/EKwJrEshVRJYuDg1vs5WvnmNQncoPMyLHfJbRXX8q6BG5W1kueDU0tydHJfYGfvjV1RiouC2bfuQmJLrI5DUZtR3/ADAWautw1fGuUlVZFwcu26JVW9F3LbB+24JZdwvo89aznCmardMXZ5jT2i91ypv7seZnrhx7lGOvKW/765aarMd2p5+NjQtsyY91Z25Zfzfqj5jjX26ty1B4zaVgw1qvNw0q52Qir4L8Lm490el8VmtP/HLLNDXGNQ8nKrornDeclFOT2R7VrRWOTBJ8OalXw/rV312LXl4dsJ4uXRLtOD94v5T6owyx9lOVZXhXt4X1SiStw8LKysG31Y+TGp7Tg3siMHl1mPz9lqTEsl0nwn17UMCOdfLHwarLfKhG5+psjJ5daymMbY/C/BOlaaqMfCx6MzOoSjqk7b4qdKmed5t75eMx6aU1VluHVTj4Wbg4uU4ufLCqqEfRW0+lm558X4z1ZpK24y4bwM7E0zCnfdmxWVCrIyE3vC1vfeUV7Mva845njbaPbJHj24+uZVeNvmUxxVdkWSmkm1vGuuPwkk22Y27itpne0w8PK4eybdNlHLq+pcm61iWODk/ePvzFtV/Y93VPG1G6jIwsR48rPMon50NqZPu0u/VETijHs3tZcfRyab', NULL, '22222222222', 1);

-- --------------------------------------------------------

--
-- Estrutura da tabela `calendar`
--

CREATE TABLE `calendar` (
  `id` int(11) NOT NULL,
  `dayOfWeek` enum('monday','tuesday','wednesday','thursday','friday','saturday','sunday') NOT NULL DEFAULT 'monday',
  `start_hour` text NOT NULL,
  `end_hour` text NOT NULL,
  `user_id` int(11) NOT NULL,
  `organization_id` int(11) NOT NULL
) ENGINE=InnoDB DEFAULT CHARSET=utf8mb4;

--
-- Extraindo dados da tabela `calendar`
--

INSERT INTO `calendar` (`id`, `dayOfWeek`, `start_hour`, `end_hour`, `user_id`, `organization_id`) VALUES
(1, 'tuesday', '16:00', '20:30', 6, 1),
(2, 'tuesday', '08:00', '10:30', 4, 1),
(3, 'monday', '08:00', '10:30', 4, 1),
(4, '', '08:00', '10:30', 4, 1),
(5, 'monday', '08:00', '10:30', 4, 1),
(6, 'saturday', '08:00', '10:30', 4, 1),
(7, '', '08:00', '10:30', 4, 1),
(8, '', '08:00', '10:30', 4, 1),
(9, 'tuesday', '10:40', '17:40', 4, 1),
(10, '', '', '', 4, 1),
(11, 'saturday', '16:22', '11:22', 4, 1),
(12, 'thursday', '16:25', '11:25', 4, 1),
(13, 'thursday', '11:29', '11:29', 5, 1),
(14, 'tuesday', '11:37', '10:37', 4, 1),
(15, 'sunday', '16:38', '11:38', 3, 1),
(16, 'thursday', '12:39', '11:39', 3, 1),
(17, 'wednesday', '20:02', '23:00', 4, 1),
(18, 'tuesday', '21:00', '22:00', 4, 1),
(19, 'tuesday', '08:00', '15:10', 4, 1),
(20, 'thursday', '08:00', '22:11', 4, 1),
(21, 'sunday', '08:00', '23:11', 4, 1),
(22, 'wednesday', '08:00', '00:12', 4, 1),
(23, 'friday', '08:00', '22:13', 3, 1),
(24, 'friday', '12:00', '08:13', 4, 1),
(25, 'wednesday', '12:00', '13:16', 4, 1),
(26, 'wednesday', '12:00', '13:16', 4, 1),
(27, 'wednesday', '12:00', '13:16', 4, 1),
(28, 'wednesday', '08:00', '15:21', 3, 1),
(33, 'wednesday', '08:00', '16:14', 5, 1);

-- --------------------------------------------------------

--
-- Estrutura da tabela `evolution_records`
--

CREATE TABLE `evolution_records` (
  `id` int(11) NOT NULL,
  `date` date NOT NULL,
  `status` enum('pending','done','refused') NOT NULL DEFAULT 'pending',
  `weight` double NOT NULL,
  `height` double NOT NULL,
  `report` text NOT NULL,
  `user_id` int(11) NOT NULL,
  `assisted_id` int(11) NOT NULL,
  `organization_id` int(11) NOT NULL
) ENGINE=InnoDB DEFAULT CHARSET=utf8mb4;

--
-- Extraindo dados da tabela `evolution_records`
--

INSERT INTO `evolution_records` (`id`, `date`, `status`, `weight`, `height`, `report`, `user_id`, `assisted_id`, `organization_id`) VALUES
(1, '2021-11-02', 'refused', 222, 2.22, 'Esta Bem!', 4, 1, 1),
(2, '2021-11-10', 'done', 222, 2.22, 'asdadsasda', 3, 4, 1),
(3, '2021-11-18', 'done', 222, 2.22, 'OK', 7, 4, 1),
(4, '2021-11-10', 'pending', 333, 1.11, 'OK', 3, 3, 1),
(5, '2021-11-12', 'refused', 22, 2.22, 'OK', 3, 1, 1),
(6, '2021-11-02', 'pending', 60, 1.7, 'OK', 3, 2, 1),
(7, '2021-11-17', 'done', 222, 2.22, 'ESTA OK', 4, 4, 1),
(8, '2021-11-17', 'done', 222, 2.22, '222', 4, 4, 1),
(9, '2021-11-17', 'pending', 222, 2.22, '222', 7, 4, 1),
(10, '2021-11-17', 'done', 222, 2.22, '222', 2, 4, 1),
(11, '2021-11-16', 'pending', 222, 2.22, 'OK', 1, 4, 1),
(12, '2021-11-18', 'pending', 22, 2.22, 'ASD', 1, 5, 1),
(13, '2021-11-11', 'pending', 222, 2.22, 'asd', 7, 1, 1),
(14, '2021-11-04', 'pending', 22, 2.22, 'asSDAsdasdadasdsaDASDaSDaSDa', 7, 1, 1),
(15, '2021-11-21', 'pending', 22, 2.22, 'asdadsasd', 7, 2, 1),
(16, '2021-11-22', 'pending', 222, 2.22, 'asdadasd', 7, 2, 1),
(17, '2021-11-25', 'pending', 70, 1.8, 'Parecer do Atendimento', 7, 6, 1),
(18, '2021-11-24', 'pending', 80, 1.8, 'Parecer do Atendimento', 7, 8, 1),
(19, '2021-11-24', 'pending', 80, 1.8, 'Parecer', 7, 9, 1),
(20, '2021-11-04', 'done', 22, 2.22, 'asda', 7, 9, 1),
(21, '2021-11-17', 'pending', 55, 1.11, 'ok', 7, 3, 1),
(22, '2021-11-04', 'done', 22, 2.22, 'ok', 7, 2, 1);

-- --------------------------------------------------------

--
-- Estrutura da tabela `need_speciality`
--

CREATE TABLE `need_speciality` (
  `id` int(11) NOT NULL,
  `evolution_record_id` int(11) NOT NULL,
  `speciality_id` int(11) NOT NULL,
  `organization_id` int(11) NOT NULL
) ENGINE=InnoDB DEFAULT CHARSET=utf8mb4;

--
-- Extraindo dados da tabela `need_speciality`
--

INSERT INTO `need_speciality` (`id`, `evolution_record_id`, `speciality_id`, `organization_id`) VALUES
(1, 1, 3, 1),
(2, 12, 6, 1),
(3, 6, 3, 1),
(4, 4, 4, 1),
(7, 12, 3, 1),
(8, 4, 5, 1),
(9, 4, 4, 1),
(10, 6, 5, 1),
(11, 15, 12, 1),
(12, 4, 4, 1),
(13, 15, 5, 1),
(14, 17, 3, 1),
(15, 18, 3, 1),
(16, 18, 7, 1),
(17, 19, 4, 1),
(18, 19, 3, 1);

-- --------------------------------------------------------

--
-- Estrutura da tabela `organization`
--

CREATE TABLE `organization` (
  `id` int(11) NOT NULL,
  `name` text NOT NULL,
  `description` text NOT NULL,
  `domain` text NOT NULL
) ENGINE=InnoDB DEFAULT CHARSET=utf8mb4;

--
-- Extraindo dados da tabela `organization`
--

INSERT INTO `organization` (`id`, `name`, `description`, `domain`) VALUES
(1, 'Lar de Luzzzzzzzz', 'Organização de acolhimento', 'domain.com');

-- --------------------------------------------------------

--
-- Estrutura da tabela `professional_attendances`
--

CREATE TABLE `professional_attendances` (
  `id` int(11) NOT NULL,
  `organization_id` int(11) NOT NULL,
  `date` datetime NOT NULL,
  `result` text NOT NULL,
  `quantify` int(11) NOT NULL,
  `user_id` int(11) NOT NULL,
  `evolution_record_id` int(11) NOT NULL
) ENGINE=InnoDB DEFAULT CHARSET=utf8mb4;

--
-- Extraindo dados da tabela `professional_attendances`
--

INSERT INTO `professional_attendances` (`id`, `organization_id`, `date`, `result`, `quantify`, `user_id`, `evolution_record_id`) VALUES
(1, 1, '2021-11-19 23:56:41', 'Ok', 5, 3, 5),
(2, 1, '2021-11-02 21:00:00', '                  asads  ', 2, 2, 5),
(3, 1, '2021-11-09 21:00:00', 'asdasd                    ', 3, 2, 7),
(4, 1, '2021-10-10 07:00:00', 'Resultado do Atendimento Profissional', 4, 3, 4),
(5, 1, '2021-11-04 21:00:00', 'AS', 3, 3, 4),
(6, 1, '2021-11-04 21:00:00', 'ASD', 5, 3, 8),
(7, 1, '2021-11-22 21:00:00', '', 0, 3, 4),
(8, 1, '2021-11-22 21:00:00', 'asdasd', 3, 3, 4),
(9, 1, '2021-11-23 21:00:00', 'Esta OK', 3, 3, 17),
(10, 1, '2021-11-24 21:00:00', 'Descriçao', 3, 3, 18),
(11, 1, '2021-11-25 21:00:00', 'asdasdas', 4, 4, 17);

-- --------------------------------------------------------

--
-- Estrutura da tabela `relateds`
--

CREATE TABLE `relateds` (
  `id` int(11) NOT NULL,
  `name` text NOT NULL,
  `birthday` date NOT NULL,
  `gender` enum('male','female','not-informed') NOT NULL DEFAULT 'not-informed',
  `civil_status` enum('single','married','divorced','widower','judicially-separated') NOT NULL DEFAULT 'single',
  `identification` text NOT NULL,
  `relationship` enum('couple','father','mother','father_in_low','mother_in_low','sibling','grandparent','step-parent','patchwork-family') NOT NULL DEFAULT 'mother',
  `general_registration` text NOT NULL,
  `issue` date NOT NULL,
  `issuer` text NOT NULL,
  `zip_code` text NOT NULL,
  `address` text NOT NULL,
  `number` text NOT NULL,
  `neighborhood` text NOT NULL,
  `city` text NOT NULL,
  `state` text NOT NULL,
  `phone` text NOT NULL,
  `naturalness` text NOT NULL,
  `nationality` text NOT NULL,
  `scholarity` enum('elementary-school','high_school','university-school','masters-degree','doctorate-degree') NOT NULL DEFAULT 'elementary-school',
  `revenue` float NOT NULL,
  `national_identity` text NOT NULL,
  `responsible` tinyint(4) NOT NULL,
  `assisted_id` int(11) NOT NULL,
  `organization_id` int(11) NOT NULL
) ENGINE=InnoDB DEFAULT CHARSET=utf8mb4;

-- --------------------------------------------------------

--
-- Estrutura da tabela `school_request`
--

CREATE TABLE `school_request` (
  `id` int(11) NOT NULL,
  `organization_id` int(11) NOT NULL,
  `assisted_id` int(11) NOT NULL,
  `date` date NOT NULL,
  `response_date` date NOT NULL,
  `observation` text DEFAULT NULL,
  `status` enum('pending','done','refused') NOT NULL DEFAULT 'pending'
) ENGINE=InnoDB DEFAULT CHARSET=utf8mb4;

--
-- Extraindo dados da tabela `school_request`
--

INSERT INTO `school_request` (`id`, `organization_id`, `assisted_id`, `date`, `response_date`, `observation`, `status`) VALUES
(1, 1, 3, '2021-11-15', '2021-11-14', 'asdads', 'done'),
(2, 1, 2, '2021-11-21', '2021-11-23', 'asdasd', 'pending'),
(3, 1, 2, '2021-11-21', '2021-11-23', 'L', 'pending'),
(4, 1, 3, '2021-11-21', '2021-11-23', 'adasd', 'pending'),
(5, 1, 2, '2021-11-21', '2021-11-24', 'asdasd', 'pending'),
(6, 1, 3, '2021-11-21', '2021-11-23', 'asdasd', 'done'),
(7, 1, 6, '2021-11-23', '2021-11-26', 'Tudo certo', 'done'),
(8, 1, 8, '2021-11-24', '2021-11-25', 'Obs', 'pending'),
(9, 1, 9, '2021-11-24', '2021-11-25', 'Obser', 'done');

-- --------------------------------------------------------

--
-- Estrutura da tabela `speciality`
--

CREATE TABLE `speciality` (
  `id` int(11) NOT NULL,
  `organization_id` int(11) NOT NULL,
  `name` text NOT NULL
) ENGINE=InnoDB DEFAULT CHARSET=utf8mb4;

--
-- Extraindo dados da tabela `speciality`
--

INSERT INTO `speciality` (`id`, `organization_id`, `name`) VALUES
(3, 1, 'Cardiologia'),
(4, 1, 'Neurologia'),
(5, 1, 'Oftamologia'),
(6, 1, 'Pneumologia'),
(7, 1, 'Psicologia'),
(10, 1, 'Teste'),
(12, 1, 'Especialidade 1'),
(13, 1, 'Especialidade 2'),
(14, 1, 'aASdASdasdasd'),
(15, 1, 'Especialidade 4'),
(16, 1, 'Especialidade 2'),
(17, 1, 'Especialidade 4'),
(18, 1, 'Especialidade 2');

-- --------------------------------------------------------

--
-- Estrutura da tabela `specialties`
--

CREATE TABLE `specialties` (
  `id` int(11) NOT NULL,
  `organization_id` int(11) NOT NULL,
  `user_id` int(11) NOT NULL,
  `speciality_id` int(11) NOT NULL
) ENGINE=InnoDB DEFAULT CHARSET=utf8mb4;

--
-- Extraindo dados da tabela `specialties`
--

INSERT INTO `specialties` (`id`, `organization_id`, `user_id`, `speciality_id`) VALUES
(1, 1, 2, 5),
(2, 1, 4, 3),
(3, 1, 3, 7),
(4, 1, 6, 7),
(5, 1, 3, 5),
(6, 1, 5, 5),
(10, 1, 5, 6),
(11, 1, 5, 3),
(12, 1, 5, 7),
(13, 1, 5, 17),
(14, 1, 2, 6),
(15, 1, 2, 6);

-- --------------------------------------------------------

--
-- Estrutura da tabela `transport_requests`
--

CREATE TABLE `transport_requests` (
  `id` int(11) NOT NULL,
  `organization_id` int(11) NOT NULL,
  `date` datetime NOT NULL,
  `response_date` datetime NOT NULL,
  `status` enum('pending','done','refused') NOT NULL DEFAULT 'pending',
  `assisted_id` int(11) NOT NULL,
  `observation` text NOT NULL
) ENGINE=InnoDB DEFAULT CHARSET=utf8mb4;

--
-- Extraindo dados da tabela `transport_requests`
--

INSERT INTO `transport_requests` (`id`, `organization_id`, `date`, `response_date`, `status`, `assisted_id`, `observation`) VALUES
(1, 1, '2021-11-23 21:00:00', '2021-11-24 21:00:00', 'pending', 3, 'asdasdas'),
(2, 1, '2021-11-22 21:00:00', '2021-11-23 21:00:00', 'pending', 5, 'asdasdasdadsadasdasd'),
(3, 1, '2021-11-23 21:00:00', '2021-11-24 21:00:00', 'refused', 3, 'hsidHUHDSIHIAUDSUIad');

-- --------------------------------------------------------

--
-- Estrutura da tabela `users`
--

CREATE TABLE `users` (
  `id` int(11) NOT NULL,
  `first_name` text NOT NULL,
  `last_name` text NOT NULL,
  `email` text NOT NULL,
  `password` text NOT NULL,
  `admin_role` enum('admin','member','owner') NOT NULL DEFAULT 'member',
  `user_role` enum('secretary','profissional','social-assistence') NOT NULL DEFAULT 'profissional',
  `birthday` date NOT NULL,
  `gender` enum('male','female','not-informed') NOT NULL DEFAULT 'not-informed',
  `identification` text NOT NULL,
  `general_registration` text NOT NULL,
  `issue` date NOT NULL,
  `issuer` text NOT NULL,
  `zip_code` text NOT NULL,
  `address` text NOT NULL,
  `number` text NOT NULL,
  `neighborhood` text NOT NULL,
  `city` text NOT NULL,
  `state` text NOT NULL,
  `phone` text NOT NULL,
  `national_indentity` text NOT NULL,
  `organization_id` int(11) NOT NULL
) ENGINE=InnoDB DEFAULT CHARSET=utf8mb4;

--
-- Extraindo dados da tabela `users`
--

INSERT INTO `users` (`id`, `first_name`, `last_name`, `email`, `password`, `admin_role`, `user_role`, `birthday`, `gender`, `identification`, `general_registration`, `issue`, `issuer`, `zip_code`, `address`, `number`, `neighborhood`, `city`, `state`, `phone`, `national_indentity`, `organization_id`) VALUES
(1, 'Secretaria', 'org', 'secretaria@domain.com', '$2b$10$qB5bigK77QUnbLeG8yjYB.xfowMFFNfniZQ6L5GcpM4WpwQl/VVBW', 'owner', 'secretary', '1970-01-01', 'female', '12345678912', '123456789', '1970-01-01', 'Ajustavel', '89225478', 'rua XV novembro', '89', 'centro', 'Joinville', 'SC', '47999999999', '123456789', 1),
(2, 'Luiz', 'Da Silva Sauro', 'luiz@domain.com', '$2b$10$yRGu6uHbSeWG/9cPgOWAXuYFxWcmXg6fxWEj1pRU9MesZrliv0LN.', 'owner', 'profissional', '2021-11-17', 'female', '322.222.222-22', '22.222.222-2', '2021-11-08', 'Santa Catarina', '89214-515', 'Rua Pedra dos Sinos', '95', 'Nova', 'Joinville', 'AM', '(47) 99174-8332', '7777777', 1),
(3, 'Pedro', 'Dias', 'profissional@hotmail.com', '$2b$10$4PG7qbgQIF7tninpem/PX.VM77RY11SuGtlgY0dJbZqozDZJ4gdHK', 'member', 'profissional', '2021-11-01', 'male', '222.222.222-22', '22.222.222-2', '2021-11-09', 'SSP/SP', '22222-222', 'Rua Da rua ', '10', 'Nova', 'Joinville', 'RJ', '(47) 99174-8332', '22222', 1),
(4, 'Alex', 'Alexandre', 'pro2@domain.com', '$2b$10$.qGHTW5p0c.u2GnnAkWd7.ByLORstxD0Zd/cvDsMRjoRiNyGGIPa6', 'admin', 'profissional', '2021-11-09', 'female', 'teste', 'teste', '2021-11-09', 'teste', 'teste', 'teste', 'teste', 'teste', 'teste', 'teste', 'teste', 'teste', 1),
(5, 'Luiz', 'Pedro', 'teste3@TESTE.com', '$2b$10$LE6Z/py0oVgYtzROuuxs2eUl.hri7OlRj05jKIDc.ROZ6Movynp8m', 'member', 'profissional', '2021-11-09', 'female', 'teste', 'teste', '2021-11-09', 'teste', 'teste', 'teste', 'teste', 'teste', 'teste', 'teste', 'teste', 'teste', 1),
(6, 'Raul', 'Da Siva Sauro', 'teste4@TESTE.com', '$2b$10$LNTk65GTwreKv/y.rvEOeuWb1UJnglzarF0hCw/79aO7FpuVNupD6', 'admin', 'secretary', '2021-11-09', '', 'teste', 'teste', '2021-11-09', 'teste', 'teste', 'teste', 'teste', 'teste', 'teste', 'teste', 'teste', 'teste', 1),
(7, 'Assistente Social', 'Da Siva Sauro', 'assiSocial@domain.com', '$2b$10$8G2HbGC2LWrhzEEqZfjb8.DecygQ0HGO6ve1xNuxxzu213HegHPeq', 'admin', 'social-assistence', '2021-11-09', '', 'teste', 'teste', '2021-11-09', 'teste', 'teste', 'teste', 'teste', 'teste', 'teste', 'teste', 'teste', 'teste', 1),
(8, 'Luiz Otávio', 'Fischer', 'teste4@TESTE.com', '$2b$10$PAJ7AOIOHcZ7FJp1hkYjYOUJGxGJU0jKtYdzV7l9RCrTHbtKfd0lG', 'admin', 'secretary', '2021-11-22', 'male', '322.222.222-22', '22.222.222-2', '2021-11-24', 'Santa Catarina', '89214-515', 'Rua Pedra dos Sinos', '95', 'Nova', 'Joinville', 'AP', '(47) 99174-8332', '4444444', 1);

--
-- Índices para tabelas despejadas
--

--
-- Índices para tabela `assisteds`
--
ALTER TABLE `assisteds`
  ADD PRIMARY KEY (`id`),
  ADD KEY `FK_a362354f6a7664fbfa304bae9dc` (`organization_id`);

--
-- Índices para tabela `calendar`
--
ALTER TABLE `calendar`
  ADD PRIMARY KEY (`id`),
  ADD KEY `FK_e19fb6bccd41688d5956652baf5` (`user_id`),
  ADD KEY `FK_c9bda93794b396ae58f600a2271` (`organization_id`);

--
-- Índices para tabela `evolution_records`
--
ALTER TABLE `evolution_records`
  ADD PRIMARY KEY (`id`),
  ADD KEY `FK_a7efddc1e37ed1627d2b8147992` (`user_id`),
  ADD KEY `FK_5f1c9bc42f7c7fcbf3cfab5ddc8` (`assisted_id`),
  ADD KEY `FK_3d1c690074c3c3b8daae2bf2d37` (`organization_id`);

--
-- Índices para tabela `need_speciality`
--
ALTER TABLE `need_speciality`
  ADD PRIMARY KEY (`id`),
  ADD KEY `FK_a9770f90a919265ad9e0d1d394e` (`organization_id`),
  ADD KEY `FK_e499cdda7df6614e97af68ac630` (`evolution_record_id`),
  ADD KEY `FK_27400eb1daac61f9f030fdce412` (`speciality_id`);

--
-- Índices para tabela `organization`
--
ALTER TABLE `organization`
  ADD PRIMARY KEY (`id`);

--
-- Índices para tabela `professional_attendances`
--
ALTER TABLE `professional_attendances`
  ADD PRIMARY KEY (`id`),
  ADD KEY `FK_6af466a7010751d97c83d7465d6` (`user_id`),
  ADD KEY `FK_447fc5d31475471446e65b85c93` (`evolution_record_id`),
  ADD KEY `FK_38ae1d44b9e365aba62d514b2de` (`organization_id`);

--
-- Índices para tabela `relateds`
--
ALTER TABLE `relateds`
  ADD PRIMARY KEY (`id`),
  ADD KEY `FK_8f59b5bfb571110eaab608ef1a8` (`assisted_id`),
  ADD KEY `FK_d7f14d65d40fd07f57612a8f176` (`organization_id`);

--
-- Índices para tabela `school_request`
--
ALTER TABLE `school_request`
  ADD PRIMARY KEY (`id`),
  ADD KEY `FK_fe5223560048634717a599a4aac` (`assisted_id`),
  ADD KEY `FK_525eab1934aa1e8559b18504bd8` (`organization_id`);

--
-- Índices para tabela `speciality`
--
ALTER TABLE `speciality`
  ADD PRIMARY KEY (`id`),
  ADD KEY `FK_0b36dc19976c2e57efb2810335f` (`organization_id`);

--
-- Índices para tabela `specialties`
--
ALTER TABLE `specialties`
  ADD PRIMARY KEY (`id`),
  ADD KEY `FK_4dc897848bdedda34f758d24c5a` (`speciality_id`),
  ADD KEY `FK_a86017316bf63fee604b7ec2523` (`organization_id`),
  ADD KEY `FK_b4c840c0cf44e4c69c5499be8ca` (`user_id`);

--
-- Índices para tabela `transport_requests`
--
ALTER TABLE `transport_requests`
  ADD PRIMARY KEY (`id`),
  ADD KEY `FK_22b044e43776f00f47d6a1d1b0b` (`organization_id`),
  ADD KEY `FK_1616d50e17c908356a12d68ce98` (`assisted_id`);

--
-- Índices para tabela `users`
--
ALTER TABLE `users`
  ADD PRIMARY KEY (`id`),
  ADD KEY `FK_21a659804ed7bf61eb91688dea7` (`organization_id`);

--
-- AUTO_INCREMENT de tabelas despejadas
--

--
-- AUTO_INCREMENT de tabela `assisteds`
--
ALTER TABLE `assisteds`
  MODIFY `id` int(11) NOT NULL AUTO_INCREMENT, AUTO_INCREMENT=10;

--
-- AUTO_INCREMENT de tabela `calendar`
--
ALTER TABLE `calendar`
  MODIFY `id` int(11) NOT NULL AUTO_INCREMENT, AUTO_INCREMENT=34;

--
-- AUTO_INCREMENT de tabela `evolution_records`
--
ALTER TABLE `evolution_records`
  MODIFY `id` int(11) NOT NULL AUTO_INCREMENT, AUTO_INCREMENT=23;

--
-- AUTO_INCREMENT de tabela `need_speciality`
--
ALTER TABLE `need_speciality`
  MODIFY `id` int(11) NOT NULL AUTO_INCREMENT, AUTO_INCREMENT=19;

--
-- AUTO_INCREMENT de tabela `organization`
--
ALTER TABLE `organization`
  MODIFY `id` int(11) NOT NULL AUTO_INCREMENT, AUTO_INCREMENT=2;

--
-- AUTO_INCREMENT de tabela `professional_attendances`
--
ALTER TABLE `professional_attendances`
  MODIFY `id` int(11) NOT NULL AUTO_INCREMENT, AUTO_INCREMENT=12;

--
-- AUTO_INCREMENT de tabela `relateds`
--
ALTER TABLE `relateds`
  MODIFY `id` int(11) NOT NULL AUTO_INCREMENT;

--
-- AUTO_INCREMENT de tabela `school_request`
--
ALTER TABLE `school_request`
  MODIFY `id` int(11) NOT NULL AUTO_INCREMENT, AUTO_INCREMENT=10;

--
-- AUTO_INCREMENT de tabela `speciality`
--
ALTER TABLE `speciality`
  MODIFY `id` int(11) NOT NULL AUTO_INCREMENT, AUTO_INCREMENT=19;

--
-- AUTO_INCREMENT de tabela `specialties`
--
ALTER TABLE `specialties`
  MODIFY `id` int(11) NOT NULL AUTO_INCREMENT, AUTO_INCREMENT=16;

--
-- AUTO_INCREMENT de tabela `transport_requests`
--
ALTER TABLE `transport_requests`
  MODIFY `id` int(11) NOT NULL AUTO_INCREMENT, AUTO_INCREMENT=4;

--
-- AUTO_INCREMENT de tabela `users`
--
ALTER TABLE `users`
  MODIFY `id` int(11) NOT NULL AUTO_INCREMENT, AUTO_INCREMENT=9;

--
-- Restrições para despejos de tabelas
--

--
-- Limitadores para a tabela `assisteds`
--
ALTER TABLE `assisteds`
  ADD CONSTRAINT `FK_a362354f6a7664fbfa304bae9dc` FOREIGN KEY (`organization_id`) REFERENCES `organization` (`id`) ON UPDATE NO ACTION;

--
-- Limitadores para a tabela `calendar`
--
ALTER TABLE `calendar`
  ADD CONSTRAINT `FK_c9bda93794b396ae58f600a2271` FOREIGN KEY (`organization_id`) REFERENCES `organization` (`id`) ON DELETE CASCADE ON UPDATE NO ACTION,
  ADD CONSTRAINT `FK_e19fb6bccd41688d5956652baf5` FOREIGN KEY (`user_id`) REFERENCES `users` (`id`) ON DELETE CASCADE ON UPDATE NO ACTION;

--
-- Limitadores para a tabela `evolution_records`
--
ALTER TABLE `evolution_records`
  ADD CONSTRAINT `FK_3d1c690074c3c3b8daae2bf2d37` FOREIGN KEY (`organization_id`) REFERENCES `organization` (`id`) ON UPDATE NO ACTION,
  ADD CONSTRAINT `FK_5f1c9bc42f7c7fcbf3cfab5ddc8` FOREIGN KEY (`assisted_id`) REFERENCES `assisteds` (`id`) ON UPDATE NO ACTION,
  ADD CONSTRAINT `FK_a7efddc1e37ed1627d2b8147992` FOREIGN KEY (`user_id`) REFERENCES `users` (`id`) ON UPDATE NO ACTION;

--
-- Limitadores para a tabela `need_speciality`
--
ALTER TABLE `need_speciality`
  ADD CONSTRAINT `FK_27400eb1daac61f9f030fdce412` FOREIGN KEY (`speciality_id`) REFERENCES `speciality` (`id`) ON DELETE CASCADE ON UPDATE NO ACTION,
  ADD CONSTRAINT `FK_a9770f90a919265ad9e0d1d394e` FOREIGN KEY (`organization_id`) REFERENCES `organization` (`id`) ON DELETE CASCADE ON UPDATE NO ACTION,
  ADD CONSTRAINT `FK_e499cdda7df6614e97af68ac630` FOREIGN KEY (`evolution_record_id`) REFERENCES `evolution_records` (`id`) ON DELETE CASCADE ON UPDATE NO ACTION;

--
-- Limitadores para a tabela `professional_attendances`
--
ALTER TABLE `professional_attendances`
  ADD CONSTRAINT `FK_38ae1d44b9e365aba62d514b2de` FOREIGN KEY (`organization_id`) REFERENCES `organization` (`id`) ON DELETE NO ACTION ON UPDATE NO ACTION,
  ADD CONSTRAINT `FK_447fc5d31475471446e65b85c93` FOREIGN KEY (`evolution_record_id`) REFERENCES `evolution_records` (`id`) ON DELETE NO ACTION ON UPDATE NO ACTION,
  ADD CONSTRAINT `FK_6af466a7010751d97c83d7465d6` FOREIGN KEY (`user_id`) REFERENCES `users` (`id`) ON DELETE NO ACTION ON UPDATE NO ACTION;

--
-- Limitadores para a tabela `relateds`
--
ALTER TABLE `relateds`
  ADD CONSTRAINT `FK_8f59b5bfb571110eaab608ef1a8` FOREIGN KEY (`assisted_id`) REFERENCES `assisteds` (`id`) ON DELETE CASCADE ON UPDATE NO ACTION,
  ADD CONSTRAINT `FK_d7f14d65d40fd07f57612a8f176` FOREIGN KEY (`organization_id`) REFERENCES `organization` (`id`) ON DELETE NO ACTION ON UPDATE NO ACTION;

--
-- Limitadores para a tabela `school_request`
--
ALTER TABLE `school_request`
  ADD CONSTRAINT `FK_525eab1934aa1e8559b18504bd8` FOREIGN KEY (`organization_id`) REFERENCES `organization` (`id`) ON DELETE NO ACTION ON UPDATE NO ACTION,
  ADD CONSTRAINT `FK_fe5223560048634717a599a4aac` FOREIGN KEY (`assisted_id`) REFERENCES `assisteds` (`id`) ON DELETE NO ACTION ON UPDATE NO ACTION;

--
-- Limitadores para a tabela `speciality`
--
ALTER TABLE `speciality`
  ADD CONSTRAINT `FK_0b36dc19976c2e57efb2810335f` FOREIGN KEY (`organization_id`) REFERENCES `organization` (`id`) ON DELETE NO ACTION ON UPDATE NO ACTION;

--
-- Limitadores para a tabela `specialties`
--
ALTER TABLE `specialties`
  ADD CONSTRAINT `FK_4dc897848bdedda34f758d24c5a` FOREIGN KEY (`speciality_id`) REFERENCES `speciality` (`id`) ON DELETE NO ACTION ON UPDATE NO ACTION,
  ADD CONSTRAINT `FK_a86017316bf63fee604b7ec2523` FOREIGN KEY (`organization_id`) REFERENCES `organization` (`id`) ON DELETE NO ACTION ON UPDATE NO ACTION,
  ADD CONSTRAINT `FK_b4c840c0cf44e4c69c5499be8ca` FOREIGN KEY (`user_id`) REFERENCES `users` (`id`) ON DELETE NO ACTION ON UPDATE NO ACTION;

--
-- Limitadores para a tabela `transport_requests`
--
ALTER TABLE `transport_requests`
  ADD CONSTRAINT `FK_1616d50e17c908356a12d68ce98` FOREIGN KEY (`assisted_id`) REFERENCES `assisteds` (`id`) ON DELETE NO ACTION ON UPDATE NO ACTION,
  ADD CONSTRAINT `FK_22b044e43776f00f47d6a1d1b0b` FOREIGN KEY (`organization_id`) REFERENCES `organization` (`id`) ON DELETE NO ACTION ON UPDATE NO ACTION;

--
-- Limitadores para a tabela `users`
--
ALTER TABLE `users`
  ADD CONSTRAINT `FK_21a659804ed7bf61eb91688dea7` FOREIGN KEY (`organization_id`) REFERENCES `organization` (`id`) ON DELETE CASCADE ON UPDATE NO ACTION;
COMMIT;

/*!40101 SET CHARACTER_SET_CLIENT=@OLD_CHARACTER_SET_CLIENT */;
/*!40101 SET CHARACTER_SET_RESULTS=@OLD_CHARACTER_SET_RESULTS */;
/*!40101 SET COLLATION_CONNECTION=@OLD_COLLATION_CONNECTION */;
